name,type,direction,description
feat_0000,float,,Chemical Dice embedding dimension 0 of 8192 predicted from the SMILES by the distilled Mamba model
feat_0001,float,,Chemical Dice embedding dimension 1 of 8192 predicted from the SMILES by the distilled Mamba model
feat_0002,float,,Chemical Dice embedding dimension 2 of 8192 predicted from the SMILES by the distilled Mamba model
feat_0003,float,,Chemical Dice embedding dimension 3 of 8192 predicted from the SMILES by the distilled Mamba model
feat_0004,float,,Chemical Dice embedding dimension 4 of 8192 predicted from the SMILES by the distilled Mamba model
feat_0005,float,,Chemical Dice embedding dimension 5 of 8192 predicted from the SMILES by the distilled Mamba model
feat_0006,float,,Chemical Dice embedding dimension 6 of 8192 predicted from the SMILES by the distilled Mamba model
feat_0007,float,,Chemical Dice embedding dimension 7 of 8192 predicted from the SMILES by the distilled Mamba model
feat_0008,float,,Chemical Dice embedding dimension 8 of 8192 predicted from the SMILES by the distilled Mamba model
feat_0009,float,,Chemical Dice embedding dimension 9 of 8192 predicted from the SMILES by the distilled Mamba model
feat_0010,float,,Chemical Dice embedding dimension 10 of 8192 predicted from the SMILES by the distilled Mamba model
feat_0011,float,,Chemical Dice embedding dimension 11 of 8192 predicted from the SMILES by the distilled Mamba model
feat_0012,float,,Chemical Dice embedding dimension 12 of 8192 predicted from the SMILES by the distilled Mamba model
feat_0013,float,,Chemical Dice embedding dimension 13 of 8192 predicted from the SMILES by the distilled Mamba model
feat_0014,float,,Chemical Dice embedding dimension 14 of 8192 predicted from the SMILES by the distilled Mamba model
feat_0015,float,,Chemical Dice embedding dimension 15 of 8192 predicted from the SMILES by the distilled Mamba model
feat_0016,float,,Chemical Dice embedding dimension 16 of 8192 predicted from the SMILES by the distilled Mamba model
feat_0017,float,,Chemical Dice embedding dimension 17 of 8192 predicted from the SMILES by the distilled Mamba model
feat_0018,float,,Chemical Dice embedding dimension 18 of 8192 predicted from the SMILES by the distilled Mamba model
feat_0019,float,,Chemical Dice embedding dimension 19 of 8192 predicted from the SMILES by the distilled Mamba model
feat_0020,float,,Chemical Dice embedding dimension 20 of 8192 predicted from the SMILES by the distilled Mamba model
feat_0021,float,,Chemical Dice embedding dimension 21 of 8192 predicted from the SMILES by the distilled Mamba model
feat_0022,float,,Chemical Dice embedding dimension 22 of 8192 predicted from the SMILES by the distilled Mamba model
feat_0023,float,,Chemical Dice embedding dimension 23 of 8192 predicted from the SMILES by the distilled Mamba model
feat_0024,float,,Chemical Dice embedding dimension 24 of 8192 predicted from the SMILES by the distilled Mamba model
feat_0025,float,,Chemical Dice embedding dimension 25 of 8192 predicted from the SMILES by the distilled Mamba model
feat_0026,float,,Chemical Dice embedding dimension 26 of 8192 predicted from the SMILES by the distilled Mamba model
feat_0027,float,,Chemical Dice embedding dimension 27 of 8192 predicted from the SMILES by the distilled Mamba model
feat_0028,float,,Chemical Dice embedding dimension 28 of 8192 predicted from the SMILES by the distilled Mamba model
feat_0029,float,,Chemical Dice embedding dimension 29 of 8192 predicted from the SMILES by the distilled Mamba model
feat_0030,float,,Chemical Dice embedding dimension 30 of 8192 predicted from the SMILES by the distilled Mamba model
feat_0031,float,,Chemical Dice embedding dimension 31 of 8192 predicted from the SMILES by the distilled Mamba model
feat_0032,float,,Chemical Dice embedding dimension 32 of 8192 predicted from the SMILES by the distilled Mamba model
feat_0033,float,,Chemical Dice embedding dimension 33 of 8192 predicted from the SMILES by the distilled Mamba model
feat_0034,float,,Chemical Dice embedding dimension 34 of 8192 predicted from the SMILES by the distilled Mamba model
feat_0035,float,,Chemical Dice embedding dimension 35 of 8192 predicted from the SMILES by the distilled Mamba model
feat_0036,float,,Chemical Dice embedding dimension 36 of 8192 predicted from the SMILES by the distilled Mamba model
feat_0037,float,,Chemical Dice embedding dimension 37 of 8192 predicted from the SMILES by the distilled Mamba model
feat_0038,float,,Chemical Dice embedding dimension 38 of 8192 predicted from the SMILES by the distilled Mamba model
feat_0039,float,,Chemical Dice embedding dimension 39 of 8192 predicted from the SMILES by the distilled Mamba model
feat_0040,float,,Chemical Dice embedding dimension 40 of 8192 predicted from the SMILES by the distilled Mamba model
feat_0041,float,,Chemical Dice embedding dimension 41 of 8192 predicted from the SMILES by the distilled Mamba model
feat_0042,float,,Chemical Dice embedding dimension 42 of 8192 predicted from the SMILES by the distilled Mamba model
feat_0043,float,,Chemical Dice embedding dimension 43 of 8192 predicted from the SMILES by the distilled Mamba model
feat_0044,float,,Chemical Dice embedding dimension 44 of 8192 predicted from the SMILES by the distilled Mamba model
feat_0045,float,,Chemical Dice embedding dimension 45 of 8192 predicted from the SMILES by the distilled Mamba model
feat_0046,float,,Chemical Dice embedding dimension 46 of 8192 predicted from the SMILES by the distilled Mamba model
feat_0047,float,,Chemical Dice embedding dimension 47 of 8192 predicted from the SMILES by the distilled Mamba model
feat_0048,float,,Chemical Dice embedding dimension 48 of 8192 predicted from the SMILES by the distilled Mamba model
feat_0049,float,,Chemical Dice embedding dimension 49 of 8192 predicted from the SMILES by the distilled Mamba model
feat_0050,float,,Chemical Dice embedding dimension 50 of 8192 predicted from the SMILES by the distilled Mamba model
feat_0051,float,,Chemical Dice embedding dimension 51 of 8192 predicted from the SMILES by the distilled Mamba model
feat_0052,float,,Chemical Dice embedding dimension 52 of 8192 predicted from the SMILES by the distilled Mamba model
feat_0053,float,,Chemical Dice embedding dimension 53 of 8192 predicted from the SMILES by the distilled Mamba model
feat_0054,float,,Chemical Dice embedding dimension 54 of 8192 predicted from the SMILES by the distilled Mamba model
feat_0055,float,,Chemical Dice embedding dimension 55 of 8192 predicted from the SMILES by the distilled Mamba model
feat_0056,float,,Chemical Dice embedding dimension 56 of 8192 predicted from the SMILES by the distilled Mamba model
feat_0057,float,,Chemical Dice embedding dimension 57 of 8192 predicted from the SMILES by the distilled Mamba model
feat_0058,float,,Chemical Dice embedding dimension 58 of 8192 predicted from the SMILES by the distilled Mamba model
feat_0059,float,,Chemical Dice embedding dimension 59 of 8192 predicted from the SMILES by the distilled Mamba model
feat_0060,float,,Chemical Dice embedding dimension 60 of 8192 predicted from the SMILES by the distilled Mamba model
feat_0061,float,,Chemical Dice embedding dimension 61 of 8192 predicted from the SMILES by the distilled Mamba model
feat_0062,float,,Chemical Dice embedding dimension 62 of 8192 predicted from the SMILES by the distilled Mamba model
feat_0063,float,,Chemical Dice embedding dimension 63 of 8192 predicted from the SMILES by the distilled Mamba model
feat_0064,float,,Chemical Dice embedding dimension 64 of 8192 predicted from the SMILES by the distilled Mamba model
feat_0065,float,,Chemical Dice embedding dimension 65 of 8192 predicted from the SMILES by the distilled Mamba model
feat_0066,float,,Chemical Dice embedding dimension 66 of 8192 predicted from the SMILES by the distilled Mamba model
feat_0067,float,,Chemical Dice embedding dimension 67 of 8192 predicted from the SMILES by the distilled Mamba model
feat_0068,float,,Chemical Dice embedding dimension 68 of 8192 predicted from the SMILES by the distilled Mamba model
feat_0069,float,,Chemical Dice embedding dimension 69 of 8192 predicted from the SMILES by the distilled Mamba model
feat_0070,float,,Chemical Dice embedding dimension 70 of 8192 predicted from the SMILES by the distilled Mamba model
feat_0071,float,,Chemical Dice embedding dimension 71 of 8192 predicted from the SMILES by the distilled Mamba model
feat_0072,float,,Chemical Dice embedding dimension 72 of 8192 predicted from the SMILES by the distilled Mamba model
feat_0073,float,,Chemical Dice embedding dimension 73 of 8192 predicted from the SMILES by the distilled Mamba model
feat_0074,float,,Chemical Dice embedding dimension 74 of 8192 predicted from the SMILES by the distilled Mamba model
feat_0075,float,,Chemical Dice embedding dimension 75 of 8192 predicted from the SMILES by the distilled Mamba model
feat_0076,float,,Chemical Dice embedding dimension 76 of 8192 predicted from the SMILES by the distilled Mamba model
feat_0077,float,,Chemical Dice embedding dimension 77 of 8192 predicted from the SMILES by the distilled Mamba model
feat_0078,float,,Chemical Dice embedding dimension 78 of 8192 predicted from the SMILES by the distilled Mamba model
feat_0079,float,,Chemical Dice embedding dimension 79 of 8192 predicted from the SMILES by the distilled Mamba model
feat_0080,float,,Chemical Dice embedding dimension 80 of 8192 predicted from the SMILES by the distilled Mamba model
feat_0081,float,,Chemical Dice embedding dimension 81 of 8192 predicted from the SMILES by the distilled Mamba model
feat_0082,float,,Chemical Dice embedding dimension 82 of 8192 predicted from the SMILES by the distilled Mamba model
feat_0083,float,,Chemical Dice embedding dimension 83 of 8192 predicted from the SMILES by the distilled Mamba model
feat_0084,float,,Chemical Dice embedding dimension 84 of 8192 predicted from the SMILES by the distilled Mamba model
feat_0085,float,,Chemical Dice embedding dimension 85 of 8192 predicted from the SMILES by the distilled Mamba model
feat_0086,float,,Chemical Dice embedding dimension 86 of 8192 predicted from the SMILES by the distilled Mamba model
feat_0087,float,,Chemical Dice embedding dimension 87 of 8192 predicted from the SMILES by the distilled Mamba model
feat_0088,float,,Chemical Dice embedding dimension 88 of 8192 predicted from the SMILES by the distilled Mamba model
feat_0089,float,,Chemical Dice embedding dimension 89 of 8192 predicted from the SMILES by the distilled Mamba model
feat_0090,float,,Chemical Dice embedding dimension 90 of 8192 predicted from the SMILES by the distilled Mamba model
feat_0091,float,,Chemical Dice embedding dimension 91 of 8192 predicted from the SMILES by the distilled Mamba model
feat_0092,float,,Chemical Dice embedding dimension 92 of 8192 predicted from the SMILES by the distilled Mamba model
feat_0093,float,,Chemical Dice embedding dimension 93 of 8192 predicted from the SMILES by the distilled Mamba model
feat_0094,float,,Chemical Dice embedding dimension 94 of 8192 predicted from the SMILES by the distilled Mamba model
feat_0095,float,,Chemical Dice embedding dimension 95 of 8192 predicted from the SMILES by the distilled Mamba model
feat_0096,float,,Chemical Dice embedding dimension 96 of 8192 predicted from the SMILES by the distilled Mamba model
feat_0097,float,,Chemical Dice embedding dimension 97 of 8192 predicted from the SMILES by the distilled Mamba model
feat_0098,float,,Chemical Dice embedding dimension 98 of 8192 predicted from the SMILES by the distilled Mamba model
feat_0099,float,,Chemical Dice embedding dimension 99 of 8192 predicted from the SMILES by the distilled Mamba model
feat_0100,float,,Chemical Dice embedding dimension 100 of 8192 predicted from the SMILES by the distilled Mamba model
feat_0101,float,,Chemical Dice embedding dimension 101 of 8192 predicted from the SMILES by the distilled Mamba model
feat_0102,float,,Chemical Dice embedding dimension 102 of 8192 predicted from the SMILES by the distilled Mamba model
feat_0103,float,,Chemical Dice embedding dimension 103 of 8192 predicted from the SMILES by the distilled Mamba model
feat_0104,float,,Chemical Dice embedding dimension 104 of 8192 predicted from the SMILES by the distilled Mamba model
feat_0105,float,,Chemical Dice embedding dimension 105 of 8192 predicted from the SMILES by the distilled Mamba model
feat_0106,float,,Chemical Dice embedding dimension 106 of 8192 predicted from the SMILES by the distilled Mamba model
feat_0107,float,,Chemical Dice embedding dimension 107 of 8192 predicted from the SMILES by the distilled Mamba model
feat_0108,float,,Chemical Dice embedding dimension 108 of 8192 predicted from the SMILES by the distilled Mamba model
feat_0109,float,,Chemical Dice embedding dimension 109 of 8192 predicted from the SMILES by the distilled Mamba model
feat_0110,float,,Chemical Dice embedding dimension 110 of 8192 predicted from the SMILES by the distilled Mamba model
feat_0111,float,,Chemical Dice embedding dimension 111 of 8192 predicted from the SMILES by the distilled Mamba model
feat_0112,float,,Chemical Dice embedding dimension 112 of 8192 predicted from the SMILES by the distilled Mamba model
feat_0113,float,,Chemical Dice embedding dimension 113 of 8192 predicted from the SMILES by the distilled Mamba model
feat_0114,float,,Chemical Dice embedding dimension 114 of 8192 predicted from the SMILES by the distilled Mamba model
feat_0115,float,,Chemical Dice embedding dimension 115 of 8192 predicted from the SMILES by the distilled Mamba model
feat_0116,float,,Chemical Dice embedding dimension 116 of 8192 predicted from the SMILES by the distilled Mamba model
feat_0117,float,,Chemical Dice embedding dimension 117 of 8192 predicted from the SMILES by the distilled Mamba model
feat_0118,float,,Chemical Dice embedding dimension 118 of 8192 predicted from the SMILES by the distilled Mamba model
feat_0119,float,,Chemical Dice embedding dimension 119 of 8192 predicted from the SMILES by the distilled Mamba model
feat_0120,float,,Chemical Dice embedding dimension 120 of 8192 predicted from the SMILES by the distilled Mamba model
feat_0121,float,,Chemical Dice embedding dimension 121 of 8192 predicted from the SMILES by the distilled Mamba model
feat_0122,float,,Chemical Dice embedding dimension 122 of 8192 predicted from the SMILES by the distilled Mamba model
feat_0123,float,,Chemical Dice embedding dimension 123 of 8192 predicted from the SMILES by the distilled Mamba model
feat_0124,float,,Chemical Dice embedding dimension 124 of 8192 predicted from the SMILES by the distilled Mamba model
feat_0125,float,,Chemical Dice embedding dimension 125 of 8192 predicted from the SMILES by the distilled Mamba model
feat_0126,float,,Chemical Dice embedding dimension 126 of 8192 predicted from the SMILES by the distilled Mamba model
feat_0127,float,,Chemical Dice embedding dimension 127 of 8192 predicted from the SMILES by the distilled Mamba model
feat_0128,float,,Chemical Dice embedding dimension 128 of 8192 predicted from the SMILES by the distilled Mamba model
feat_0129,float,,Chemical Dice embedding dimension 129 of 8192 predicted from the SMILES by the distilled Mamba model
feat_0130,float,,Chemical Dice embedding dimension 130 of 8192 predicted from the SMILES by the distilled Mamba model
feat_0131,float,,Chemical Dice embedding dimension 131 of 8192 predicted from the SMILES by the distilled Mamba model
feat_0132,float,,Chemical Dice embedding dimension 132 of 8192 predicted from the SMILES by the distilled Mamba model
feat_0133,float,,Chemical Dice embedding dimension 133 of 8192 predicted from the SMILES by the distilled Mamba model
feat_0134,float,,Chemical Dice embedding dimension 134 of 8192 predicted from the SMILES by the distilled Mamba model
feat_0135,float,,Chemical Dice embedding dimension 135 of 8192 predicted from the SMILES by the distilled Mamba model
feat_0136,float,,Chemical Dice embedding dimension 136 of 8192 predicted from the SMILES by the distilled Mamba model
feat_0137,float,,Chemical Dice embedding dimension 137 of 8192 predicted from the SMILES by the distilled Mamba model
feat_0138,float,,Chemical Dice embedding dimension 138 of 8192 predicted from the SMILES by the distilled Mamba model
feat_0139,float,,Chemical Dice embedding dimension 139 of 8192 predicted from the SMILES by the distilled Mamba model
feat_0140,float,,Chemical Dice embedding dimension 140 of 8192 predicted from the SMILES by the distilled Mamba model
feat_0141,float,,Chemical Dice embedding dimension 141 of 8192 predicted from the SMILES by the distilled Mamba model
feat_0142,float,,Chemical Dice embedding dimension 142 of 8192 predicted from the SMILES by the distilled Mamba model
feat_0143,float,,Chemical Dice embedding dimension 143 of 8192 predicted from the SMILES by the distilled Mamba model
feat_0144,float,,Chemical Dice embedding dimension 144 of 8192 predicted from the SMILES by the distilled Mamba model
feat_0145,float,,Chemical Dice embedding dimension 145 of 8192 predicted from the SMILES by the distilled Mamba model
feat_0146,float,,Chemical Dice embedding dimension 146 of 8192 predicted from the SMILES by the distilled Mamba model
feat_0147,float,,Chemical Dice embedding dimension 147 of 8192 predicted from the SMILES by the distilled Mamba model
feat_0148,float,,Chemical Dice embedding dimension 148 of 8192 predicted from the SMILES by the distilled Mamba model
feat_0149,float,,Chemical Dice embedding dimension 149 of 8192 predicted from the SMILES by the distilled Mamba model
feat_0150,float,,Chemical Dice embedding dimension 150 of 8192 predicted from the SMILES by the distilled Mamba model
feat_0151,float,,Chemical Dice embedding dimension 151 of 8192 predicted from the SMILES by the distilled Mamba model
feat_0152,float,,Chemical Dice embedding dimension 152 of 8192 predicted from the SMILES by the distilled Mamba model
feat_0153,float,,Chemical Dice embedding dimension 153 of 8192 predicted from the SMILES by the distilled Mamba model
feat_0154,float,,Chemical Dice embedding dimension 154 of 8192 predicted from the SMILES by the distilled Mamba model
feat_0155,float,,Chemical Dice embedding dimension 155 of 8192 predicted from the SMILES by the distilled Mamba model
feat_0156,float,,Chemical Dice embedding dimension 156 of 8192 predicted from the SMILES by the distilled Mamba model
feat_0157,float,,Chemical Dice embedding dimension 157 of 8192 predicted from the SMILES by the distilled Mamba model
feat_0158,float,,Chemical Dice embedding dimension 158 of 8192 predicted from the SMILES by the distilled Mamba model
feat_0159,float,,Chemical Dice embedding dimension 159 of 8192 predicted from the SMILES by the distilled Mamba model
feat_0160,float,,Chemical Dice embedding dimension 160 of 8192 predicted from the SMILES by the distilled Mamba model
feat_0161,float,,Chemical Dice embedding dimension 161 of 8192 predicted from the SMILES by the distilled Mamba model
feat_0162,float,,Chemical Dice embedding dimension 162 of 8192 predicted from the SMILES by the distilled Mamba model
feat_0163,float,,Chemical Dice embedding dimension 163 of 8192 predicted from the SMILES by the distilled Mamba model
feat_0164,float,,Chemical Dice embedding dimension 164 of 8192 predicted from the SMILES by the distilled Mamba model
feat_0165,float,,Chemical Dice embedding dimension 165 of 8192 predicted from the SMILES by the distilled Mamba model
feat_0166,float,,Chemical Dice embedding dimension 166 of 8192 predicted from the SMILES by the distilled Mamba model
feat_0167,float,,Chemical Dice embedding dimension 167 of 8192 predicted from the SMILES by the distilled Mamba model
feat_0168,float,,Chemical Dice embedding dimension 168 of 8192 predicted from the SMILES by the distilled Mamba model
feat_0169,float,,Chemical Dice embedding dimension 169 of 8192 predicted from the SMILES by the distilled Mamba model
feat_0170,float,,Chemical Dice embedding dimension 170 of 8192 predicted from the SMILES by the distilled Mamba model
feat_0171,float,,Chemical Dice embedding dimension 171 of 8192 predicted from the SMILES by the distilled Mamba model
feat_0172,float,,Chemical Dice embedding dimension 172 of 8192 predicted from the SMILES by the distilled Mamba model
feat_0173,float,,Chemical Dice embedding dimension 173 of 8192 predicted from the SMILES by the distilled Mamba model
feat_0174,float,,Chemical Dice embedding dimension 174 of 8192 predicted from the SMILES by the distilled Mamba model
feat_0175,float,,Chemical Dice embedding dimension 175 of 8192 predicted from the SMILES by the distilled Mamba model
feat_0176,float,,Chemical Dice embedding dimension 176 of 8192 predicted from the SMILES by the distilled Mamba model
feat_0177,float,,Chemical Dice embedding dimension 177 of 8192 predicted from the SMILES by the distilled Mamba model
feat_0178,float,,Chemical Dice embedding dimension 178 of 8192 predicted from the SMILES by the distilled Mamba model
feat_0179,float,,Chemical Dice embedding dimension 179 of 8192 predicted from the SMILES by the distilled Mamba model
feat_0180,float,,Chemical Dice embedding dimension 180 of 8192 predicted from the SMILES by the distilled Mamba model
feat_0181,float,,Chemical Dice embedding dimension 181 of 8192 predicted from the SMILES by the distilled Mamba model
feat_0182,float,,Chemical Dice embedding dimension 182 of 8192 predicted from the SMILES by the distilled Mamba model
feat_0183,float,,Chemical Dice embedding dimension 183 of 8192 predicted from the SMILES by the distilled Mamba model
feat_0184,float,,Chemical Dice embedding dimension 184 of 8192 predicted from the SMILES by the distilled Mamba model
feat_0185,float,,Chemical Dice embedding dimension 185 of 8192 predicted from the SMILES by the distilled Mamba model
feat_0186,float,,Chemical Dice embedding dimension 186 of 8192 predicted from the SMILES by the distilled Mamba model
feat_0187,float,,Chemical Dice embedding dimension 187 of 8192 predicted from the SMILES by the distilled Mamba model
feat_0188,float,,Chemical Dice embedding dimension 188 of 8192 predicted from the SMILES by the distilled Mamba model
feat_0189,float,,Chemical Dice embedding dimension 189 of 8192 predicted from the SMILES by the distilled Mamba model
feat_0190,float,,Chemical Dice embedding dimension 190 of 8192 predicted from the SMILES by the distilled Mamba model
feat_0191,float,,Chemical Dice embedding dimension 191 of 8192 predicted from the SMILES by the distilled Mamba model
feat_0192,float,,Chemical Dice embedding dimension 192 of 8192 predicted from the SMILES by the distilled Mamba model
feat_0193,float,,Chemical Dice embedding dimension 193 of 8192 predicted from the SMILES by the distilled Mamba model
feat_0194,float,,Chemical Dice embedding dimension 194 of 8192 predicted from the SMILES by the distilled Mamba model
feat_0195,float,,Chemical Dice embedding dimension 195 of 8192 predicted from the SMILES by the distilled Mamba model
feat_0196,float,,Chemical Dice embedding dimension 196 of 8192 predicted from the SMILES by the distilled Mamba model
feat_0197,float,,Chemical Dice embedding dimension 197 of 8192 predicted from the SMILES by the distilled Mamba model
feat_0198,float,,Chemical Dice embedding dimension 198 of 8192 predicted from the SMILES by the distilled Mamba model
feat_0199,float,,Chemical Dice embedding dimension 199 of 8192 predicted from the SMILES by the distilled Mamba model
feat_0200,float,,Chemical Dice embedding dimension 200 of 8192 predicted from the SMILES by the distilled Mamba model
feat_0201,float,,Chemical Dice embedding dimension 201 of 8192 predicted from the SMILES by the distilled Mamba model
feat_0202,float,,Chemical Dice embedding dimension 202 of 8192 predicted from the SMILES by the distilled Mamba model
feat_0203,float,,Chemical Dice embedding dimension 203 of 8192 predicted from the SMILES by the distilled Mamba model
feat_0204,float,,Chemical Dice embedding dimension 204 of 8192 predicted from the SMILES by the distilled Mamba model
feat_0205,float,,Chemical Dice embedding dimension 205 of 8192 predicted from the SMILES by the distilled Mamba model
feat_0206,float,,Chemical Dice embedding dimension 206 of 8192 predicted from the SMILES by the distilled Mamba model
feat_0207,float,,Chemical Dice embedding dimension 207 of 8192 predicted from the SMILES by the distilled Mamba model
feat_0208,float,,Chemical Dice embedding dimension 208 of 8192 predicted from the SMILES by the distilled Mamba model
feat_0209,float,,Chemical Dice embedding dimension 209 of 8192 predicted from the SMILES by the distilled Mamba model
feat_0210,float,,Chemical Dice embedding dimension 210 of 8192 predicted from the SMILES by the distilled Mamba model
feat_0211,float,,Chemical Dice embedding dimension 211 of 8192 predicted from the SMILES by the distilled Mamba model
feat_0212,float,,Chemical Dice embedding dimension 212 of 8192 predicted from the SMILES by the distilled Mamba model
feat_0213,float,,Chemical Dice embedding dimension 213 of 8192 predicted from the SMILES by the distilled Mamba model
feat_0214,float,,Chemical Dice embedding dimension 214 of 8192 predicted from the SMILES by the distilled Mamba model
feat_0215,float,,Chemical Dice embedding dimension 215 of 8192 predicted from the SMILES by the distilled Mamba model
feat_0216,float,,Chemical Dice embedding dimension 216 of 8192 predicted from the SMILES by the distilled Mamba model
feat_0217,float,,Chemical Dice embedding dimension 217 of 8192 predicted from the SMILES by the distilled Mamba model
feat_0218,float,,Chemical Dice embedding dimension 218 of 8192 predicted from the SMILES by the distilled Mamba model
feat_0219,float,,Chemical Dice embedding dimension 219 of 8192 predicted from the SMILES by the distilled Mamba model
feat_0220,float,,Chemical Dice embedding dimension 220 of 8192 predicted from the SMILES by the distilled Mamba model
feat_0221,float,,Chemical Dice embedding dimension 221 of 8192 predicted from the SMILES by the distilled Mamba model
feat_0222,float,,Chemical Dice embedding dimension 222 of 8192 predicted from the SMILES by the distilled Mamba model
feat_0223,float,,Chemical Dice embedding dimension 223 of 8192 predicted from the SMILES by the distilled Mamba model
feat_0224,float,,Chemical Dice embedding dimension 224 of 8192 predicted from the SMILES by the distilled Mamba model
feat_0225,float,,Chemical Dice embedding dimension 225 of 8192 predicted from the SMILES by the distilled Mamba model
feat_0226,float,,Chemical Dice embedding dimension 226 of 8192 predicted from the SMILES by the distilled Mamba model
feat_0227,float,,Chemical Dice embedding dimension 227 of 8192 predicted from the SMILES by the distilled Mamba model
feat_0228,float,,Chemical Dice embedding dimension 228 of 8192 predicted from the SMILES by the distilled Mamba model
feat_0229,float,,Chemical Dice embedding dimension 229 of 8192 predicted from the SMILES by the distilled Mamba model
feat_0230,float,,Chemical Dice embedding dimension 230 of 8192 predicted from the SMILES by the distilled Mamba model
feat_0231,float,,Chemical Dice embedding dimension 231 of 8192 predicted from the SMILES by the distilled Mamba model
feat_0232,float,,Chemical Dice embedding dimension 232 of 8192 predicted from the SMILES by the distilled Mamba model
feat_0233,float,,Chemical Dice embedding dimension 233 of 8192 predicted from the SMILES by the distilled Mamba model
feat_0234,float,,Chemical Dice embedding dimension 234 of 8192 predicted from the SMILES by the distilled Mamba model
feat_0235,float,,Chemical Dice embedding dimension 235 of 8192 predicted from the SMILES by the distilled Mamba model
feat_0236,float,,Chemical Dice embedding dimension 236 of 8192 predicted from the SMILES by the distilled Mamba model
feat_0237,float,,Chemical Dice embedding dimension 237 of 8192 predicted from the SMILES by the distilled Mamba model
feat_0238,float,,Chemical Dice embedding dimension 238 of 8192 predicted from the SMILES by the distilled Mamba model
feat_0239,float,,Chemical Dice embedding dimension 239 of 8192 predicted from the SMILES by the distilled Mamba model
feat_0240,float,,Chemical Dice embedding dimension 240 of 8192 predicted from the SMILES by the distilled Mamba model
feat_0241,float,,Chemical Dice embedding dimension 241 of 8192 predicted from the SMILES by the distilled Mamba model
feat_0242,float,,Chemical Dice embedding dimension 242 of 8192 predicted from the SMILES by the distilled Mamba model
feat_0243,float,,Chemical Dice embedding dimension 243 of 8192 predicted from the SMILES by the distilled Mamba model
feat_0244,float,,Chemical Dice embedding dimension 244 of 8192 predicted from the SMILES by the distilled Mamba model
feat_0245,float,,Chemical Dice embedding dimension 245 of 8192 predicted from the SMILES by the distilled Mamba model
feat_0246,float,,Chemical Dice embedding dimension 246 of 8192 predicted from the SMILES by the distilled Mamba model
feat_0247,float,,Chemical Dice embedding dimension 247 of 8192 predicted from the SMILES by the distilled Mamba model
feat_0248,float,,Chemical Dice embedding dimension 248 of 8192 predicted from the SMILES by the distilled Mamba model
feat_0249,float,,Chemical Dice embedding dimension 249 of 8192 predicted from the SMILES by the distilled Mamba model
feat_0250,float,,Chemical Dice embedding dimension 250 of 8192 predicted from the SMILES by the distilled Mamba model
feat_0251,float,,Chemical Dice embedding dimension 251 of 8192 predicted from the SMILES by the distilled Mamba model
feat_0252,float,,Chemical Dice embedding dimension 252 of 8192 predicted from the SMILES by the distilled Mamba model
feat_0253,float,,Chemical Dice embedding dimension 253 of 8192 predicted from the SMILES by the distilled Mamba model
feat_0254,float,,Chemical Dice embedding dimension 254 of 8192 predicted from the SMILES by the distilled Mamba model
feat_0255,float,,Chemical Dice embedding dimension 255 of 8192 predicted from the SMILES by the distilled Mamba model
feat_0256,float,,Chemical Dice embedding dimension 256 of 8192 predicted from the SMILES by the distilled Mamba model
feat_0257,float,,Chemical Dice embedding dimension 257 of 8192 predicted from the SMILES by the distilled Mamba model
feat_0258,float,,Chemical Dice embedding dimension 258 of 8192 predicted from the SMILES by the distilled Mamba model
feat_0259,float,,Chemical Dice embedding dimension 259 of 8192 predicted from the SMILES by the distilled Mamba model
feat_0260,float,,Chemical Dice embedding dimension 260 of 8192 predicted from the SMILES by the distilled Mamba model
feat_0261,float,,Chemical Dice embedding dimension 261 of 8192 predicted from the SMILES by the distilled Mamba model
feat_0262,float,,Chemical Dice embedding dimension 262 of 8192 predicted from the SMILES by the distilled Mamba model
feat_0263,float,,Chemical Dice embedding dimension 263 of 8192 predicted from the SMILES by the distilled Mamba model
feat_0264,float,,Chemical Dice embedding dimension 264 of 8192 predicted from the SMILES by the distilled Mamba model
feat_0265,float,,Chemical Dice embedding dimension 265 of 8192 predicted from the SMILES by the distilled Mamba model
feat_0266,float,,Chemical Dice embedding dimension 266 of 8192 predicted from the SMILES by the distilled Mamba model
feat_0267,float,,Chemical Dice embedding dimension 267 of 8192 predicted from the SMILES by the distilled Mamba model
feat_0268,float,,Chemical Dice embedding dimension 268 of 8192 predicted from the SMILES by the distilled Mamba model
feat_0269,float,,Chemical Dice embedding dimension 269 of 8192 predicted from the SMILES by the distilled Mamba model
feat_0270,float,,Chemical Dice embedding dimension 270 of 8192 predicted from the SMILES by the distilled Mamba model
feat_0271,float,,Chemical Dice embedding dimension 271 of 8192 predicted from the SMILES by the distilled Mamba model
feat_0272,float,,Chemical Dice embedding dimension 272 of 8192 predicted from the SMILES by the distilled Mamba model
feat_0273,float,,Chemical Dice embedding dimension 273 of 8192 predicted from the SMILES by the distilled Mamba model
feat_0274,float,,Chemical Dice embedding dimension 274 of 8192 predicted from the SMILES by the distilled Mamba model
feat_0275,float,,Chemical Dice embedding dimension 275 of 8192 predicted from the SMILES by the distilled Mamba model
feat_0276,float,,Chemical Dice embedding dimension 276 of 8192 predicted from the SMILES by the distilled Mamba model
feat_0277,float,,Chemical Dice embedding dimension 277 of 8192 predicted from the SMILES by the distilled Mamba model
feat_0278,float,,Chemical Dice embedding dimension 278 of 8192 predicted from the SMILES by the distilled Mamba model
feat_0279,float,,Chemical Dice embedding dimension 279 of 8192 predicted from the SMILES by the distilled Mamba model
feat_0280,float,,Chemical Dice embedding dimension 280 of 8192 predicted from the SMILES by the distilled Mamba model
feat_0281,float,,Chemical Dice embedding dimension 281 of 8192 predicted from the SMILES by the distilled Mamba model
feat_0282,float,,Chemical Dice embedding dimension 282 of 8192 predicted from the SMILES by the distilled Mamba model
feat_0283,float,,Chemical Dice embedding dimension 283 of 8192 predicted from the SMILES by the distilled Mamba model
feat_0284,float,,Chemical Dice embedding dimension 284 of 8192 predicted from the SMILES by the distilled Mamba model
feat_0285,float,,Chemical Dice embedding dimension 285 of 8192 predicted from the SMILES by the distilled Mamba model
feat_0286,float,,Chemical Dice embedding dimension 286 of 8192 predicted from the SMILES by the distilled Mamba model
feat_0287,float,,Chemical Dice embedding dimension 287 of 8192 predicted from the SMILES by the distilled Mamba model
feat_0288,float,,Chemical Dice embedding dimension 288 of 8192 predicted from the SMILES by the distilled Mamba model
feat_0289,float,,Chemical Dice embedding dimension 289 of 8192 predicted from the SMILES by the distilled Mamba model
feat_0290,float,,Chemical Dice embedding dimension 290 of 8192 predicted from the SMILES by the distilled Mamba model
feat_0291,float,,Chemical Dice embedding dimension 291 of 8192 predicted from the SMILES by the distilled Mamba model
feat_0292,float,,Chemical Dice embedding dimension 292 of 8192 predicted from the SMILES by the distilled Mamba model
feat_0293,float,,Chemical Dice embedding dimension 293 of 8192 predicted from the SMILES by the distilled Mamba model
feat_0294,float,,Chemical Dice embedding dimension 294 of 8192 predicted from the SMILES by the distilled Mamba model
feat_0295,float,,Chemical Dice embedding dimension 295 of 8192 predicted from the SMILES by the distilled Mamba model
feat_0296,float,,Chemical Dice embedding dimension 296 of 8192 predicted from the SMILES by the distilled Mamba model
feat_0297,float,,Chemical Dice embedding dimension 297 of 8192 predicted from the SMILES by the distilled Mamba model
feat_0298,float,,Chemical Dice embedding dimension 298 of 8192 predicted from the SMILES by the distilled Mamba model
feat_0299,float,,Chemical Dice embedding dimension 299 of 8192 predicted from the SMILES by the distilled Mamba model
feat_0300,float,,Chemical Dice embedding dimension 300 of 8192 predicted from the SMILES by the distilled Mamba model
feat_0301,float,,Chemical Dice embedding dimension 301 of 8192 predicted from the SMILES by the distilled Mamba model
feat_0302,float,,Chemical Dice embedding dimension 302 of 8192 predicted from the SMILES by the distilled Mamba model
feat_0303,float,,Chemical Dice embedding dimension 303 of 8192 predicted from the SMILES by the distilled Mamba model
feat_0304,float,,Chemical Dice embedding dimension 304 of 8192 predicted from the SMILES by the distilled Mamba model
feat_0305,float,,Chemical Dice embedding dimension 305 of 8192 predicted from the SMILES by the distilled Mamba model
feat_0306,float,,Chemical Dice embedding dimension 306 of 8192 predicted from the SMILES by the distilled Mamba model
feat_0307,float,,Chemical Dice embedding dimension 307 of 8192 predicted from the SMILES by the distilled Mamba model
feat_0308,float,,Chemical Dice embedding dimension 308 of 8192 predicted from the SMILES by the distilled Mamba model
feat_0309,float,,Chemical Dice embedding dimension 309 of 8192 predicted from the SMILES by the distilled Mamba model
feat_0310,float,,Chemical Dice embedding dimension 310 of 8192 predicted from the SMILES by the distilled Mamba model
feat_0311,float,,Chemical Dice embedding dimension 311 of 8192 predicted from the SMILES by the distilled Mamba model
feat_0312,float,,Chemical Dice embedding dimension 312 of 8192 predicted from the SMILES by the distilled Mamba model
feat_0313,float,,Chemical Dice embedding dimension 313 of 8192 predicted from the SMILES by the distilled Mamba model
feat_0314,float,,Chemical Dice embedding dimension 314 of 8192 predicted from the SMILES by the distilled Mamba model
feat_0315,float,,Chemical Dice embedding dimension 315 of 8192 predicted from the SMILES by the distilled Mamba model
feat_0316,float,,Chemical Dice embedding dimension 316 of 8192 predicted from the SMILES by the distilled Mamba model
feat_0317,float,,Chemical Dice embedding dimension 317 of 8192 predicted from the SMILES by the distilled Mamba model
feat_0318,float,,Chemical Dice embedding dimension 318 of 8192 predicted from the SMILES by the distilled Mamba model
feat_0319,float,,Chemical Dice embedding dimension 319 of 8192 predicted from the SMILES by the distilled Mamba model
feat_0320,float,,Chemical Dice embedding dimension 320 of 8192 predicted from the SMILES by the distilled Mamba model
feat_0321,float,,Chemical Dice embedding dimension 321 of 8192 predicted from the SMILES by the distilled Mamba model
feat_0322,float,,Chemical Dice embedding dimension 322 of 8192 predicted from the SMILES by the distilled Mamba model
feat_0323,float,,Chemical Dice embedding dimension 323 of 8192 predicted from the SMILES by the distilled Mamba model
feat_0324,float,,Chemical Dice embedding dimension 324 of 8192 predicted from the SMILES by the distilled Mamba model
feat_0325,float,,Chemical Dice embedding dimension 325 of 8192 predicted from the SMILES by the distilled Mamba model
feat_0326,float,,Chemical Dice embedding dimension 326 of 8192 predicted from the SMILES by the distilled Mamba model
feat_0327,float,,Chemical Dice embedding dimension 327 of 8192 predicted from the SMILES by the distilled Mamba model
feat_0328,float,,Chemical Dice embedding dimension 328 of 8192 predicted from the SMILES by the distilled Mamba model
feat_0329,float,,Chemical Dice embedding dimension 329 of 8192 predicted from the SMILES by the distilled Mamba model
feat_0330,float,,Chemical Dice embedding dimension 330 of 8192 predicted from the SMILES by the distilled Mamba model
feat_0331,float,,Chemical Dice embedding dimension 331 of 8192 predicted from the SMILES by the distilled Mamba model
feat_0332,float,,Chemical Dice embedding dimension 332 of 8192 predicted from the SMILES by the distilled Mamba model
feat_0333,float,,Chemical Dice embedding dimension 333 of 8192 predicted from the SMILES by the distilled Mamba model
feat_0334,float,,Chemical Dice embedding dimension 334 of 8192 predicted from the SMILES by the distilled Mamba model
feat_0335,float,,Chemical Dice embedding dimension 335 of 8192 predicted from the SMILES by the distilled Mamba model
feat_0336,float,,Chemical Dice embedding dimension 336 of 8192 predicted from the SMILES by the distilled Mamba model
feat_0337,float,,Chemical Dice embedding dimension 337 of 8192 predicted from the SMILES by the distilled Mamba model
feat_0338,float,,Chemical Dice embedding dimension 338 of 8192 predicted from the SMILES by the distilled Mamba model
feat_0339,float,,Chemical Dice embedding dimension 339 of 8192 predicted from the SMILES by the distilled Mamba model
feat_0340,float,,Chemical Dice embedding dimension 340 of 8192 predicted from the SMILES by the distilled Mamba model
feat_0341,float,,Chemical Dice embedding dimension 341 of 8192 predicted from the SMILES by the distilled Mamba model
feat_0342,float,,Chemical Dice embedding dimension 342 of 8192 predicted from the SMILES by the distilled Mamba model
feat_0343,float,,Chemical Dice embedding dimension 343 of 8192 predicted from the SMILES by the distilled Mamba model
feat_0344,float,,Chemical Dice embedding dimension 344 of 8192 predicted from the SMILES by the distilled Mamba model
feat_0345,float,,Chemical Dice embedding dimension 345 of 8192 predicted from the SMILES by the distilled Mamba model
feat_0346,float,,Chemical Dice embedding dimension 346 of 8192 predicted from the SMILES by the distilled Mamba model
feat_0347,float,,Chemical Dice embedding dimension 347 of 8192 predicted from the SMILES by the distilled Mamba model
feat_0348,float,,Chemical Dice embedding dimension 348 of 8192 predicted from the SMILES by the distilled Mamba model
feat_0349,float,,Chemical Dice embedding dimension 349 of 8192 predicted from the SMILES by the distilled Mamba model
feat_0350,float,,Chemical Dice embedding dimension 350 of 8192 predicted from the SMILES by the distilled Mamba model
feat_0351,float,,Chemical Dice embedding dimension 351 of 8192 predicted from the SMILES by the distilled Mamba model
feat_0352,float,,Chemical Dice embedding dimension 352 of 8192 predicted from the SMILES by the distilled Mamba model
feat_0353,float,,Chemical Dice embedding dimension 353 of 8192 predicted from the SMILES by the distilled Mamba model
feat_0354,float,,Chemical Dice embedding dimension 354 of 8192 predicted from the SMILES by the distilled Mamba model
feat_0355,float,,Chemical Dice embedding dimension 355 of 8192 predicted from the SMILES by the distilled Mamba model
feat_0356,float,,Chemical Dice embedding dimension 356 of 8192 predicted from the SMILES by the distilled Mamba model
feat_0357,float,,Chemical Dice embedding dimension 357 of 8192 predicted from the SMILES by the distilled Mamba model
feat_0358,float,,Chemical Dice embedding dimension 358 of 8192 predicted from the SMILES by the distilled Mamba model
feat_0359,float,,Chemical Dice embedding dimension 359 of 8192 predicted from the SMILES by the distilled Mamba model
feat_0360,float,,Chemical Dice embedding dimension 360 of 8192 predicted from the SMILES by the distilled Mamba model
feat_0361,float,,Chemical Dice embedding dimension 361 of 8192 predicted from the SMILES by the distilled Mamba model
feat_0362,float,,Chemical Dice embedding dimension 362 of 8192 predicted from the SMILES by the distilled Mamba model
feat_0363,float,,Chemical Dice embedding dimension 363 of 8192 predicted from the SMILES by the distilled Mamba model
feat_0364,float,,Chemical Dice embedding dimension 364 of 8192 predicted from the SMILES by the distilled Mamba model
feat_0365,float,,Chemical Dice embedding dimension 365 of 8192 predicted from the SMILES by the distilled Mamba model
feat_0366,float,,Chemical Dice embedding dimension 366 of 8192 predicted from the SMILES by the distilled Mamba model
feat_0367,float,,Chemical Dice embedding dimension 367 of 8192 predicted from the SMILES by the distilled Mamba model
feat_0368,float,,Chemical Dice embedding dimension 368 of 8192 predicted from the SMILES by the distilled Mamba model
feat_0369,float,,Chemical Dice embedding dimension 369 of 8192 predicted from the SMILES by the distilled Mamba model
feat_0370,float,,Chemical Dice embedding dimension 370 of 8192 predicted from the SMILES by the distilled Mamba model
feat_0371,float,,Chemical Dice embedding dimension 371 of 8192 predicted from the SMILES by the distilled Mamba model
feat_0372,float,,Chemical Dice embedding dimension 372 of 8192 predicted from the SMILES by the distilled Mamba model
feat_0373,float,,Chemical Dice embedding dimension 373 of 8192 predicted from the SMILES by the distilled Mamba model
feat_0374,float,,Chemical Dice embedding dimension 374 of 8192 predicted from the SMILES by the distilled Mamba model
feat_0375,float,,Chemical Dice embedding dimension 375 of 8192 predicted from the SMILES by the distilled Mamba model
feat_0376,float,,Chemical Dice embedding dimension 376 of 8192 predicted from the SMILES by the distilled Mamba model
feat_0377,float,,Chemical Dice embedding dimension 377 of 8192 predicted from the SMILES by the distilled Mamba model
feat_0378,float,,Chemical Dice embedding dimension 378 of 8192 predicted from the SMILES by the distilled Mamba model
feat_0379,float,,Chemical Dice embedding dimension 379 of 8192 predicted from the SMILES by the distilled Mamba model
feat_0380,float,,Chemical Dice embedding dimension 380 of 8192 predicted from the SMILES by the distilled Mamba model
feat_0381,float,,Chemical Dice embedding dimension 381 of 8192 predicted from the SMILES by the distilled Mamba model
feat_0382,float,,Chemical Dice embedding dimension 382 of 8192 predicted from the SMILES by the distilled Mamba model
feat_0383,float,,Chemical Dice embedding dimension 383 of 8192 predicted from the SMILES by the distilled Mamba model
feat_0384,float,,Chemical Dice embedding dimension 384 of 8192 predicted from the SMILES by the distilled Mamba model
feat_0385,float,,Chemical Dice embedding dimension 385 of 8192 predicted from the SMILES by the distilled Mamba model
feat_0386,float,,Chemical Dice embedding dimension 386 of 8192 predicted from the SMILES by the distilled Mamba model
feat_0387,float,,Chemical Dice embedding dimension 387 of 8192 predicted from the SMILES by the distilled Mamba model
feat_0388,float,,Chemical Dice embedding dimension 388 of 8192 predicted from the SMILES by the distilled Mamba model
feat_0389,float,,Chemical Dice embedding dimension 389 of 8192 predicted from the SMILES by the distilled Mamba model
feat_0390,float,,Chemical Dice embedding dimension 390 of 8192 predicted from the SMILES by the distilled Mamba model
feat_0391,float,,Chemical Dice embedding dimension 391 of 8192 predicted from the SMILES by the distilled Mamba model
feat_0392,float,,Chemical Dice embedding dimension 392 of 8192 predicted from the SMILES by the distilled Mamba model
feat_0393,float,,Chemical Dice embedding dimension 393 of 8192 predicted from the SMILES by the distilled Mamba model
feat_0394,float,,Chemical Dice embedding dimension 394 of 8192 predicted from the SMILES by the distilled Mamba model
feat_0395,float,,Chemical Dice embedding dimension 395 of 8192 predicted from the SMILES by the distilled Mamba model
feat_0396,float,,Chemical Dice embedding dimension 396 of 8192 predicted from the SMILES by the distilled Mamba model
feat_0397,float,,Chemical Dice embedding dimension 397 of 8192 predicted from the SMILES by the distilled Mamba model
feat_0398,float,,Chemical Dice embedding dimension 398 of 8192 predicted from the SMILES by the distilled Mamba model
feat_0399,float,,Chemical Dice embedding dimension 399 of 8192 predicted from the SMILES by the distilled Mamba model
feat_0400,float,,Chemical Dice embedding dimension 400 of 8192 predicted from the SMILES by the distilled Mamba model
feat_0401,float,,Chemical Dice embedding dimension 401 of 8192 predicted from the SMILES by the distilled Mamba model
feat_0402,float,,Chemical Dice embedding dimension 402 of 8192 predicted from the SMILES by the distilled Mamba model
feat_0403,float,,Chemical Dice embedding dimension 403 of 8192 predicted from the SMILES by the distilled Mamba model
feat_0404,float,,Chemical Dice embedding dimension 404 of 8192 predicted from the SMILES by the distilled Mamba model
feat_0405,float,,Chemical Dice embedding dimension 405 of 8192 predicted from the SMILES by the distilled Mamba model
feat_0406,float,,Chemical Dice embedding dimension 406 of 8192 predicted from the SMILES by the distilled Mamba model
feat_0407,float,,Chemical Dice embedding dimension 407 of 8192 predicted from the SMILES by the distilled Mamba model
feat_0408,float,,Chemical Dice embedding dimension 408 of 8192 predicted from the SMILES by the distilled Mamba model
feat_0409,float,,Chemical Dice embedding dimension 409 of 8192 predicted from the SMILES by the distilled Mamba model
feat_0410,float,,Chemical Dice embedding dimension 410 of 8192 predicted from the SMILES by the distilled Mamba model
feat_0411,float,,Chemical Dice embedding dimension 411 of 8192 predicted from the SMILES by the distilled Mamba model
feat_0412,float,,Chemical Dice embedding dimension 412 of 8192 predicted from the SMILES by the distilled Mamba model
feat_0413,float,,Chemical Dice embedding dimension 413 of 8192 predicted from the SMILES by the distilled Mamba model
feat_0414,float,,Chemical Dice embedding dimension 414 of 8192 predicted from the SMILES by the distilled Mamba model
feat_0415,float,,Chemical Dice embedding dimension 415 of 8192 predicted from the SMILES by the distilled Mamba model
feat_0416,float,,Chemical Dice embedding dimension 416 of 8192 predicted from the SMILES by the distilled Mamba model
feat_0417,float,,Chemical Dice embedding dimension 417 of 8192 predicted from the SMILES by the distilled Mamba model
feat_0418,float,,Chemical Dice embedding dimension 418 of 8192 predicted from the SMILES by the distilled Mamba model
feat_0419,float,,Chemical Dice embedding dimension 419 of 8192 predicted from the SMILES by the distilled Mamba model
feat_0420,float,,Chemical Dice embedding dimension 420 of 8192 predicted from the SMILES by the distilled Mamba model
feat_0421,float,,Chemical Dice embedding dimension 421 of 8192 predicted from the SMILES by the distilled Mamba model
feat_0422,float,,Chemical Dice embedding dimension 422 of 8192 predicted from the SMILES by the distilled Mamba model
feat_0423,float,,Chemical Dice embedding dimension 423 of 8192 predicted from the SMILES by the distilled Mamba model
feat_0424,float,,Chemical Dice embedding dimension 424 of 8192 predicted from the SMILES by the distilled Mamba model
feat_0425,float,,Chemical Dice embedding dimension 425 of 8192 predicted from the SMILES by the distilled Mamba model
feat_0426,float,,Chemical Dice embedding dimension 426 of 8192 predicted from the SMILES by the distilled Mamba model
feat_0427,float,,Chemical Dice embedding dimension 427 of 8192 predicted from the SMILES by the distilled Mamba model
feat_0428,float,,Chemical Dice embedding dimension 428 of 8192 predicted from the SMILES by the distilled Mamba model
feat_0429,float,,Chemical Dice embedding dimension 429 of 8192 predicted from the SMILES by the distilled Mamba model
feat_0430,float,,Chemical Dice embedding dimension 430 of 8192 predicted from the SMILES by the distilled Mamba model
feat_0431,float,,Chemical Dice embedding dimension 431 of 8192 predicted from the SMILES by the distilled Mamba model
feat_0432,float,,Chemical Dice embedding dimension 432 of 8192 predicted from the SMILES by the distilled Mamba model
feat_0433,float,,Chemical Dice embedding dimension 433 of 8192 predicted from the SMILES by the distilled Mamba model
feat_0434,float,,Chemical Dice embedding dimension 434 of 8192 predicted from the SMILES by the distilled Mamba model
feat_0435,float,,Chemical Dice embedding dimension 435 of 8192 predicted from the SMILES by the distilled Mamba model
feat_0436,float,,Chemical Dice embedding dimension 436 of 8192 predicted from the SMILES by the distilled Mamba model
feat_0437,float,,Chemical Dice embedding dimension 437 of 8192 predicted from the SMILES by the distilled Mamba model
feat_0438,float,,Chemical Dice embedding dimension 438 of 8192 predicted from the SMILES by the distilled Mamba model
feat_0439,float,,Chemical Dice embedding dimension 439 of 8192 predicted from the SMILES by the distilled Mamba model
feat_0440,float,,Chemical Dice embedding dimension 440 of 8192 predicted from the SMILES by the distilled Mamba model
feat_0441,float,,Chemical Dice embedding dimension 441 of 8192 predicted from the SMILES by the distilled Mamba model
feat_0442,float,,Chemical Dice embedding dimension 442 of 8192 predicted from the SMILES by the distilled Mamba model
feat_0443,float,,Chemical Dice embedding dimension 443 of 8192 predicted from the SMILES by the distilled Mamba model
feat_0444,float,,Chemical Dice embedding dimension 444 of 8192 predicted from the SMILES by the distilled Mamba model
feat_0445,float,,Chemical Dice embedding dimension 445 of 8192 predicted from the SMILES by the distilled Mamba model
feat_0446,float,,Chemical Dice embedding dimension 446 of 8192 predicted from the SMILES by the distilled Mamba model
feat_0447,float,,Chemical Dice embedding dimension 447 of 8192 predicted from the SMILES by the distilled Mamba model
feat_0448,float,,Chemical Dice embedding dimension 448 of 8192 predicted from the SMILES by the distilled Mamba model
feat_0449,float,,Chemical Dice embedding dimension 449 of 8192 predicted from the SMILES by the distilled Mamba model
feat_0450,float,,Chemical Dice embedding dimension 450 of 8192 predicted from the SMILES by the distilled Mamba model
feat_0451,float,,Chemical Dice embedding dimension 451 of 8192 predicted from the SMILES by the distilled Mamba model
feat_0452,float,,Chemical Dice embedding dimension 452 of 8192 predicted from the SMILES by the distilled Mamba model
feat_0453,float,,Chemical Dice embedding dimension 453 of 8192 predicted from the SMILES by the distilled Mamba model
feat_0454,float,,Chemical Dice embedding dimension 454 of 8192 predicted from the SMILES by the distilled Mamba model
feat_0455,float,,Chemical Dice embedding dimension 455 of 8192 predicted from the SMILES by the distilled Mamba model
feat_0456,float,,Chemical Dice embedding dimension 456 of 8192 predicted from the SMILES by the distilled Mamba model
feat_0457,float,,Chemical Dice embedding dimension 457 of 8192 predicted from the SMILES by the distilled Mamba model
feat_0458,float,,Chemical Dice embedding dimension 458 of 8192 predicted from the SMILES by the distilled Mamba model
feat_0459,float,,Chemical Dice embedding dimension 459 of 8192 predicted from the SMILES by the distilled Mamba model
feat_0460,float,,Chemical Dice embedding dimension 460 of 8192 predicted from the SMILES by the distilled Mamba model
feat_0461,float,,Chemical Dice embedding dimension 461 of 8192 predicted from the SMILES by the distilled Mamba model
feat_0462,float,,Chemical Dice embedding dimension 462 of 8192 predicted from the SMILES by the distilled Mamba model
feat_0463,float,,Chemical Dice embedding dimension 463 of 8192 predicted from the SMILES by the distilled Mamba model
feat_0464,float,,Chemical Dice embedding dimension 464 of 8192 predicted from the SMILES by the distilled Mamba model
feat_0465,float,,Chemical Dice embedding dimension 465 of 8192 predicted from the SMILES by the distilled Mamba model
feat_0466,float,,Chemical Dice embedding dimension 466 of 8192 predicted from the SMILES by the distilled Mamba model
feat_0467,float,,Chemical Dice embedding dimension 467 of 8192 predicted from the SMILES by the distilled Mamba model
feat_0468,float,,Chemical Dice embedding dimension 468 of 8192 predicted from the SMILES by the distilled Mamba model
feat_0469,float,,Chemical Dice embedding dimension 469 of 8192 predicted from the SMILES by the distilled Mamba model
feat_0470,float,,Chemical Dice embedding dimension 470 of 8192 predicted from the SMILES by the distilled Mamba model
feat_0471,float,,Chemical Dice embedding dimension 471 of 8192 predicted from the SMILES by the distilled Mamba model
feat_0472,float,,Chemical Dice embedding dimension 472 of 8192 predicted from the SMILES by the distilled Mamba model
feat_0473,float,,Chemical Dice embedding dimension 473 of 8192 predicted from the SMILES by the distilled Mamba model
feat_0474,float,,Chemical Dice embedding dimension 474 of 8192 predicted from the SMILES by the distilled Mamba model
feat_0475,float,,Chemical Dice embedding dimension 475 of 8192 predicted from the SMILES by the distilled Mamba model
feat_0476,float,,Chemical Dice embedding dimension 476 of 8192 predicted from the SMILES by the distilled Mamba model
feat_0477,float,,Chemical Dice embedding dimension 477 of 8192 predicted from the SMILES by the distilled Mamba model
feat_0478,float,,Chemical Dice embedding dimension 478 of 8192 predicted from the SMILES by the distilled Mamba model
feat_0479,float,,Chemical Dice embedding dimension 479 of 8192 predicted from the SMILES by the distilled Mamba model
feat_0480,float,,Chemical Dice embedding dimension 480 of 8192 predicted from the SMILES by the distilled Mamba model
feat_0481,float,,Chemical Dice embedding dimension 481 of 8192 predicted from the SMILES by the distilled Mamba model
feat_0482,float,,Chemical Dice embedding dimension 482 of 8192 predicted from the SMILES by the distilled Mamba model
feat_0483,float,,Chemical Dice embedding dimension 483 of 8192 predicted from the SMILES by the distilled Mamba model
feat_0484,float,,Chemical Dice embedding dimension 484 of 8192 predicted from the SMILES by the distilled Mamba model
feat_0485,float,,Chemical Dice embedding dimension 485 of 8192 predicted from the SMILES by the distilled Mamba model
feat_0486,float,,Chemical Dice embedding dimension 486 of 8192 predicted from the SMILES by the distilled Mamba model
feat_0487,float,,Chemical Dice embedding dimension 487 of 8192 predicted from the SMILES by the distilled Mamba model
feat_0488,float,,Chemical Dice embedding dimension 488 of 8192 predicted from the SMILES by the distilled Mamba model
feat_0489,float,,Chemical Dice embedding dimension 489 of 8192 predicted from the SMILES by the distilled Mamba model
feat_0490,float,,Chemical Dice embedding dimension 490 of 8192 predicted from the SMILES by the distilled Mamba model
feat_0491,float,,Chemical Dice embedding dimension 491 of 8192 predicted from the SMILES by the distilled Mamba model
feat_0492,float,,Chemical Dice embedding dimension 492 of 8192 predicted from the SMILES by the distilled Mamba model
feat_0493,float,,Chemical Dice embedding dimension 493 of 8192 predicted from the SMILES by the distilled Mamba model
feat_0494,float,,Chemical Dice embedding dimension 494 of 8192 predicted from the SMILES by the distilled Mamba model
feat_0495,float,,Chemical Dice embedding dimension 495 of 8192 predicted from the SMILES by the distilled Mamba model
feat_0496,float,,Chemical Dice embedding dimension 496 of 8192 predicted from the SMILES by the distilled Mamba model
feat_0497,float,,Chemical Dice embedding dimension 497 of 8192 predicted from the SMILES by the distilled Mamba model
feat_0498,float,,Chemical Dice embedding dimension 498 of 8192 predicted from the SMILES by the distilled Mamba model
feat_0499,float,,Chemical Dice embedding dimension 499 of 8192 predicted from the SMILES by the distilled Mamba model
feat_0500,float,,Chemical Dice embedding dimension 500 of 8192 predicted from the SMILES by the distilled Mamba model
feat_0501,float,,Chemical Dice embedding dimension 501 of 8192 predicted from the SMILES by the distilled Mamba model
feat_0502,float,,Chemical Dice embedding dimension 502 of 8192 predicted from the SMILES by the distilled Mamba model
feat_0503,float,,Chemical Dice embedding dimension 503 of 8192 predicted from the SMILES by the distilled Mamba model
feat_0504,float,,Chemical Dice embedding dimension 504 of 8192 predicted from the SMILES by the distilled Mamba model
feat_0505,float,,Chemical Dice embedding dimension 505 of 8192 predicted from the SMILES by the distilled Mamba model
feat_0506,float,,Chemical Dice embedding dimension 506 of 8192 predicted from the SMILES by the distilled Mamba model
feat_0507,float,,Chemical Dice embedding dimension 507 of 8192 predicted from the SMILES by the distilled Mamba model
feat_0508,float,,Chemical Dice embedding dimension 508 of 8192 predicted from the SMILES by the distilled Mamba model
feat_0509,float,,Chemical Dice embedding dimension 509 of 8192 predicted from the SMILES by the distilled Mamba model
feat_0510,float,,Chemical Dice embedding dimension 510 of 8192 predicted from the SMILES by the distilled Mamba model
feat_0511,float,,Chemical Dice embedding dimension 511 of 8192 predicted from the SMILES by the distilled Mamba model
feat_0512,float,,Chemical Dice embedding dimension 512 of 8192 predicted from the SMILES by the distilled Mamba model
feat_0513,float,,Chemical Dice embedding dimension 513 of 8192 predicted from the SMILES by the distilled Mamba model
feat_0514,float,,Chemical Dice embedding dimension 514 of 8192 predicted from the SMILES by the distilled Mamba model
feat_0515,float,,Chemical Dice embedding dimension 515 of 8192 predicted from the SMILES by the distilled Mamba model
feat_0516,float,,Chemical Dice embedding dimension 516 of 8192 predicted from the SMILES by the distilled Mamba model
feat_0517,float,,Chemical Dice embedding dimension 517 of 8192 predicted from the SMILES by the distilled Mamba model
feat_0518,float,,Chemical Dice embedding dimension 518 of 8192 predicted from the SMILES by the distilled Mamba model
feat_0519,float,,Chemical Dice embedding dimension 519 of 8192 predicted from the SMILES by the distilled Mamba model
feat_0520,float,,Chemical Dice embedding dimension 520 of 8192 predicted from the SMILES by the distilled Mamba model
feat_0521,float,,Chemical Dice embedding dimension 521 of 8192 predicted from the SMILES by the distilled Mamba model
feat_0522,float,,Chemical Dice embedding dimension 522 of 8192 predicted from the SMILES by the distilled Mamba model
feat_0523,float,,Chemical Dice embedding dimension 523 of 8192 predicted from the SMILES by the distilled Mamba model
feat_0524,float,,Chemical Dice embedding dimension 524 of 8192 predicted from the SMILES by the distilled Mamba model
feat_0525,float,,Chemical Dice embedding dimension 525 of 8192 predicted from the SMILES by the distilled Mamba model
feat_0526,float,,Chemical Dice embedding dimension 526 of 8192 predicted from the SMILES by the distilled Mamba model
feat_0527,float,,Chemical Dice embedding dimension 527 of 8192 predicted from the SMILES by the distilled Mamba model
feat_0528,float,,Chemical Dice embedding dimension 528 of 8192 predicted from the SMILES by the distilled Mamba model
feat_0529,float,,Chemical Dice embedding dimension 529 of 8192 predicted from the SMILES by the distilled Mamba model
feat_0530,float,,Chemical Dice embedding dimension 530 of 8192 predicted from the SMILES by the distilled Mamba model
feat_0531,float,,Chemical Dice embedding dimension 531 of 8192 predicted from the SMILES by the distilled Mamba model
feat_0532,float,,Chemical Dice embedding dimension 532 of 8192 predicted from the SMILES by the distilled Mamba model
feat_0533,float,,Chemical Dice embedding dimension 533 of 8192 predicted from the SMILES by the distilled Mamba model
feat_0534,float,,Chemical Dice embedding dimension 534 of 8192 predicted from the SMILES by the distilled Mamba model
feat_0535,float,,Chemical Dice embedding dimension 535 of 8192 predicted from the SMILES by the distilled Mamba model
feat_0536,float,,Chemical Dice embedding dimension 536 of 8192 predicted from the SMILES by the distilled Mamba model
feat_0537,float,,Chemical Dice embedding dimension 537 of 8192 predicted from the SMILES by the distilled Mamba model
feat_0538,float,,Chemical Dice embedding dimension 538 of 8192 predicted from the SMILES by the distilled Mamba model
feat_0539,float,,Chemical Dice embedding dimension 539 of 8192 predicted from the SMILES by the distilled Mamba model
feat_0540,float,,Chemical Dice embedding dimension 540 of 8192 predicted from the SMILES by the distilled Mamba model
feat_0541,float,,Chemical Dice embedding dimension 541 of 8192 predicted from the SMILES by the distilled Mamba model
feat_0542,float,,Chemical Dice embedding dimension 542 of 8192 predicted from the SMILES by the distilled Mamba model
feat_0543,float,,Chemical Dice embedding dimension 543 of 8192 predicted from the SMILES by the distilled Mamba model
feat_0544,float,,Chemical Dice embedding dimension 544 of 8192 predicted from the SMILES by the distilled Mamba model
feat_0545,float,,Chemical Dice embedding dimension 545 of 8192 predicted from the SMILES by the distilled Mamba model
feat_0546,float,,Chemical Dice embedding dimension 546 of 8192 predicted from the SMILES by the distilled Mamba model
feat_0547,float,,Chemical Dice embedding dimension 547 of 8192 predicted from the SMILES by the distilled Mamba model
feat_0548,float,,Chemical Dice embedding dimension 548 of 8192 predicted from the SMILES by the distilled Mamba model
feat_0549,float,,Chemical Dice embedding dimension 549 of 8192 predicted from the SMILES by the distilled Mamba model
feat_0550,float,,Chemical Dice embedding dimension 550 of 8192 predicted from the SMILES by the distilled Mamba model
feat_0551,float,,Chemical Dice embedding dimension 551 of 8192 predicted from the SMILES by the distilled Mamba model
feat_0552,float,,Chemical Dice embedding dimension 552 of 8192 predicted from the SMILES by the distilled Mamba model
feat_0553,float,,Chemical Dice embedding dimension 553 of 8192 predicted from the SMILES by the distilled Mamba model
feat_0554,float,,Chemical Dice embedding dimension 554 of 8192 predicted from the SMILES by the distilled Mamba model
feat_0555,float,,Chemical Dice embedding dimension 555 of 8192 predicted from the SMILES by the distilled Mamba model
feat_0556,float,,Chemical Dice embedding dimension 556 of 8192 predicted from the SMILES by the distilled Mamba model
feat_0557,float,,Chemical Dice embedding dimension 557 of 8192 predicted from the SMILES by the distilled Mamba model
feat_0558,float,,Chemical Dice embedding dimension 558 of 8192 predicted from the SMILES by the distilled Mamba model
feat_0559,float,,Chemical Dice embedding dimension 559 of 8192 predicted from the SMILES by the distilled Mamba model
feat_0560,float,,Chemical Dice embedding dimension 560 of 8192 predicted from the SMILES by the distilled Mamba model
feat_0561,float,,Chemical Dice embedding dimension 561 of 8192 predicted from the SMILES by the distilled Mamba model
feat_0562,float,,Chemical Dice embedding dimension 562 of 8192 predicted from the SMILES by the distilled Mamba model
feat_0563,float,,Chemical Dice embedding dimension 563 of 8192 predicted from the SMILES by the distilled Mamba model
feat_0564,float,,Chemical Dice embedding dimension 564 of 8192 predicted from the SMILES by the distilled Mamba model
feat_0565,float,,Chemical Dice embedding dimension 565 of 8192 predicted from the SMILES by the distilled Mamba model
feat_0566,float,,Chemical Dice embedding dimension 566 of 8192 predicted from the SMILES by the distilled Mamba model
feat_0567,float,,Chemical Dice embedding dimension 567 of 8192 predicted from the SMILES by the distilled Mamba model
feat_0568,float,,Chemical Dice embedding dimension 568 of 8192 predicted from the SMILES by the distilled Mamba model
feat_0569,float,,Chemical Dice embedding dimension 569 of 8192 predicted from the SMILES by the distilled Mamba model
feat_0570,float,,Chemical Dice embedding dimension 570 of 8192 predicted from the SMILES by the distilled Mamba model
feat_0571,float,,Chemical Dice embedding dimension 571 of 8192 predicted from the SMILES by the distilled Mamba model
feat_0572,float,,Chemical Dice embedding dimension 572 of 8192 predicted from the SMILES by the distilled Mamba model
feat_0573,float,,Chemical Dice embedding dimension 573 of 8192 predicted from the SMILES by the distilled Mamba model
feat_0574,float,,Chemical Dice embedding dimension 574 of 8192 predicted from the SMILES by the distilled Mamba model
feat_0575,float,,Chemical Dice embedding dimension 575 of 8192 predicted from the SMILES by the distilled Mamba model
feat_0576,float,,Chemical Dice embedding dimension 576 of 8192 predicted from the SMILES by the distilled Mamba model
feat_0577,float,,Chemical Dice embedding dimension 577 of 8192 predicted from the SMILES by the distilled Mamba model
feat_0578,float,,Chemical Dice embedding dimension 578 of 8192 predicted from the SMILES by the distilled Mamba model
feat_0579,float,,Chemical Dice embedding dimension 579 of 8192 predicted from the SMILES by the distilled Mamba model
feat_0580,float,,Chemical Dice embedding dimension 580 of 8192 predicted from the SMILES by the distilled Mamba model
feat_0581,float,,Chemical Dice embedding dimension 581 of 8192 predicted from the SMILES by the distilled Mamba model
feat_0582,float,,Chemical Dice embedding dimension 582 of 8192 predicted from the SMILES by the distilled Mamba model
feat_0583,float,,Chemical Dice embedding dimension 583 of 8192 predicted from the SMILES by the distilled Mamba model
feat_0584,float,,Chemical Dice embedding dimension 584 of 8192 predicted from the SMILES by the distilled Mamba model
feat_0585,float,,Chemical Dice embedding dimension 585 of 8192 predicted from the SMILES by the distilled Mamba model
feat_0586,float,,Chemical Dice embedding dimension 586 of 8192 predicted from the SMILES by the distilled Mamba model
feat_0587,float,,Chemical Dice embedding dimension 587 of 8192 predicted from the SMILES by the distilled Mamba model
feat_0588,float,,Chemical Dice embedding dimension 588 of 8192 predicted from the SMILES by the distilled Mamba model
feat_0589,float,,Chemical Dice embedding dimension 589 of 8192 predicted from the SMILES by the distilled Mamba model
feat_0590,float,,Chemical Dice embedding dimension 590 of 8192 predicted from the SMILES by the distilled Mamba model
feat_0591,float,,Chemical Dice embedding dimension 591 of 8192 predicted from the SMILES by the distilled Mamba model
feat_0592,float,,Chemical Dice embedding dimension 592 of 8192 predicted from the SMILES by the distilled Mamba model
feat_0593,float,,Chemical Dice embedding dimension 593 of 8192 predicted from the SMILES by the distilled Mamba model
feat_0594,float,,Chemical Dice embedding dimension 594 of 8192 predicted from the SMILES by the distilled Mamba model
feat_0595,float,,Chemical Dice embedding dimension 595 of 8192 predicted from the SMILES by the distilled Mamba model
feat_0596,float,,Chemical Dice embedding dimension 596 of 8192 predicted from the SMILES by the distilled Mamba model
feat_0597,float,,Chemical Dice embedding dimension 597 of 8192 predicted from the SMILES by the distilled Mamba model
feat_0598,float,,Chemical Dice embedding dimension 598 of 8192 predicted from the SMILES by the distilled Mamba model
feat_0599,float,,Chemical Dice embedding dimension 599 of 8192 predicted from the SMILES by the distilled Mamba model
feat_0600,float,,Chemical Dice embedding dimension 600 of 8192 predicted from the SMILES by the distilled Mamba model
feat_0601,float,,Chemical Dice embedding dimension 601 of 8192 predicted from the SMILES by the distilled Mamba model
feat_0602,float,,Chemical Dice embedding dimension 602 of 8192 predicted from the SMILES by the distilled Mamba model
feat_0603,float,,Chemical Dice embedding dimension 603 of 8192 predicted from the SMILES by the distilled Mamba model
feat_0604,float,,Chemical Dice embedding dimension 604 of 8192 predicted from the SMILES by the distilled Mamba model
feat_0605,float,,Chemical Dice embedding dimension 605 of 8192 predicted from the SMILES by the distilled Mamba model
feat_0606,float,,Chemical Dice embedding dimension 606 of 8192 predicted from the SMILES by the distilled Mamba model
feat_0607,float,,Chemical Dice embedding dimension 607 of 8192 predicted from the SMILES by the distilled Mamba model
feat_0608,float,,Chemical Dice embedding dimension 608 of 8192 predicted from the SMILES by the distilled Mamba model
feat_0609,float,,Chemical Dice embedding dimension 609 of 8192 predicted from the SMILES by the distilled Mamba model
feat_0610,float,,Chemical Dice embedding dimension 610 of 8192 predicted from the SMILES by the distilled Mamba model
feat_0611,float,,Chemical Dice embedding dimension 611 of 8192 predicted from the SMILES by the distilled Mamba model
feat_0612,float,,Chemical Dice embedding dimension 612 of 8192 predicted from the SMILES by the distilled Mamba model
feat_0613,float,,Chemical Dice embedding dimension 613 of 8192 predicted from the SMILES by the distilled Mamba model
feat_0614,float,,Chemical Dice embedding dimension 614 of 8192 predicted from the SMILES by the distilled Mamba model
feat_0615,float,,Chemical Dice embedding dimension 615 of 8192 predicted from the SMILES by the distilled Mamba model
feat_0616,float,,Chemical Dice embedding dimension 616 of 8192 predicted from the SMILES by the distilled Mamba model
feat_0617,float,,Chemical Dice embedding dimension 617 of 8192 predicted from the SMILES by the distilled Mamba model
feat_0618,float,,Chemical Dice embedding dimension 618 of 8192 predicted from the SMILES by the distilled Mamba model
feat_0619,float,,Chemical Dice embedding dimension 619 of 8192 predicted from the SMILES by the distilled Mamba model
feat_0620,float,,Chemical Dice embedding dimension 620 of 8192 predicted from the SMILES by the distilled Mamba model
feat_0621,float,,Chemical Dice embedding dimension 621 of 8192 predicted from the SMILES by the distilled Mamba model
feat_0622,float,,Chemical Dice embedding dimension 622 of 8192 predicted from the SMILES by the distilled Mamba model
feat_0623,float,,Chemical Dice embedding dimension 623 of 8192 predicted from the SMILES by the distilled Mamba model
feat_0624,float,,Chemical Dice embedding dimension 624 of 8192 predicted from the SMILES by the distilled Mamba model
feat_0625,float,,Chemical Dice embedding dimension 625 of 8192 predicted from the SMILES by the distilled Mamba model
feat_0626,float,,Chemical Dice embedding dimension 626 of 8192 predicted from the SMILES by the distilled Mamba model
feat_0627,float,,Chemical Dice embedding dimension 627 of 8192 predicted from the SMILES by the distilled Mamba model
feat_0628,float,,Chemical Dice embedding dimension 628 of 8192 predicted from the SMILES by the distilled Mamba model
feat_0629,float,,Chemical Dice embedding dimension 629 of 8192 predicted from the SMILES by the distilled Mamba model
feat_0630,float,,Chemical Dice embedding dimension 630 of 8192 predicted from the SMILES by the distilled Mamba model
feat_0631,float,,Chemical Dice embedding dimension 631 of 8192 predicted from the SMILES by the distilled Mamba model
feat_0632,float,,Chemical Dice embedding dimension 632 of 8192 predicted from the SMILES by the distilled Mamba model
feat_0633,float,,Chemical Dice embedding dimension 633 of 8192 predicted from the SMILES by the distilled Mamba model
feat_0634,float,,Chemical Dice embedding dimension 634 of 8192 predicted from the SMILES by the distilled Mamba model
feat_0635,float,,Chemical Dice embedding dimension 635 of 8192 predicted from the SMILES by the distilled Mamba model
feat_0636,float,,Chemical Dice embedding dimension 636 of 8192 predicted from the SMILES by the distilled Mamba model
feat_0637,float,,Chemical Dice embedding dimension 637 of 8192 predicted from the SMILES by the distilled Mamba model
feat_0638,float,,Chemical Dice embedding dimension 638 of 8192 predicted from the SMILES by the distilled Mamba model
feat_0639,float,,Chemical Dice embedding dimension 639 of 8192 predicted from the SMILES by the distilled Mamba model
feat_0640,float,,Chemical Dice embedding dimension 640 of 8192 predicted from the SMILES by the distilled Mamba model
feat_0641,float,,Chemical Dice embedding dimension 641 of 8192 predicted from the SMILES by the distilled Mamba model
feat_0642,float,,Chemical Dice embedding dimension 642 of 8192 predicted from the SMILES by the distilled Mamba model
feat_0643,float,,Chemical Dice embedding dimension 643 of 8192 predicted from the SMILES by the distilled Mamba model
feat_0644,float,,Chemical Dice embedding dimension 644 of 8192 predicted from the SMILES by the distilled Mamba model
feat_0645,float,,Chemical Dice embedding dimension 645 of 8192 predicted from the SMILES by the distilled Mamba model
feat_0646,float,,Chemical Dice embedding dimension 646 of 8192 predicted from the SMILES by the distilled Mamba model
feat_0647,float,,Chemical Dice embedding dimension 647 of 8192 predicted from the SMILES by the distilled Mamba model
feat_0648,float,,Chemical Dice embedding dimension 648 of 8192 predicted from the SMILES by the distilled Mamba model
feat_0649,float,,Chemical Dice embedding dimension 649 of 8192 predicted from the SMILES by the distilled Mamba model
feat_0650,float,,Chemical Dice embedding dimension 650 of 8192 predicted from the SMILES by the distilled Mamba model
feat_0651,float,,Chemical Dice embedding dimension 651 of 8192 predicted from the SMILES by the distilled Mamba model
feat_0652,float,,Chemical Dice embedding dimension 652 of 8192 predicted from the SMILES by the distilled Mamba model
feat_0653,float,,Chemical Dice embedding dimension 653 of 8192 predicted from the SMILES by the distilled Mamba model
feat_0654,float,,Chemical Dice embedding dimension 654 of 8192 predicted from the SMILES by the distilled Mamba model
feat_0655,float,,Chemical Dice embedding dimension 655 of 8192 predicted from the SMILES by the distilled Mamba model
feat_0656,float,,Chemical Dice embedding dimension 656 of 8192 predicted from the SMILES by the distilled Mamba model
feat_0657,float,,Chemical Dice embedding dimension 657 of 8192 predicted from the SMILES by the distilled Mamba model
feat_0658,float,,Chemical Dice embedding dimension 658 of 8192 predicted from the SMILES by the distilled Mamba model
feat_0659,float,,Chemical Dice embedding dimension 659 of 8192 predicted from the SMILES by the distilled Mamba model
feat_0660,float,,Chemical Dice embedding dimension 660 of 8192 predicted from the SMILES by the distilled Mamba model
feat_0661,float,,Chemical Dice embedding dimension 661 of 8192 predicted from the SMILES by the distilled Mamba model
feat_0662,float,,Chemical Dice embedding dimension 662 of 8192 predicted from the SMILES by the distilled Mamba model
feat_0663,float,,Chemical Dice embedding dimension 663 of 8192 predicted from the SMILES by the distilled Mamba model
feat_0664,float,,Chemical Dice embedding dimension 664 of 8192 predicted from the SMILES by the distilled Mamba model
feat_0665,float,,Chemical Dice embedding dimension 665 of 8192 predicted from the SMILES by the distilled Mamba model
feat_0666,float,,Chemical Dice embedding dimension 666 of 8192 predicted from the SMILES by the distilled Mamba model
feat_0667,float,,Chemical Dice embedding dimension 667 of 8192 predicted from the SMILES by the distilled Mamba model
feat_0668,float,,Chemical Dice embedding dimension 668 of 8192 predicted from the SMILES by the distilled Mamba model
feat_0669,float,,Chemical Dice embedding dimension 669 of 8192 predicted from the SMILES by the distilled Mamba model
feat_0670,float,,Chemical Dice embedding dimension 670 of 8192 predicted from the SMILES by the distilled Mamba model
feat_0671,float,,Chemical Dice embedding dimension 671 of 8192 predicted from the SMILES by the distilled Mamba model
feat_0672,float,,Chemical Dice embedding dimension 672 of 8192 predicted from the SMILES by the distilled Mamba model
feat_0673,float,,Chemical Dice embedding dimension 673 of 8192 predicted from the SMILES by the distilled Mamba model
feat_0674,float,,Chemical Dice embedding dimension 674 of 8192 predicted from the SMILES by the distilled Mamba model
feat_0675,float,,Chemical Dice embedding dimension 675 of 8192 predicted from the SMILES by the distilled Mamba model
feat_0676,float,,Chemical Dice embedding dimension 676 of 8192 predicted from the SMILES by the distilled Mamba model
feat_0677,float,,Chemical Dice embedding dimension 677 of 8192 predicted from the SMILES by the distilled Mamba model
feat_0678,float,,Chemical Dice embedding dimension 678 of 8192 predicted from the SMILES by the distilled Mamba model
feat_0679,float,,Chemical Dice embedding dimension 679 of 8192 predicted from the SMILES by the distilled Mamba model
feat_0680,float,,Chemical Dice embedding dimension 680 of 8192 predicted from the SMILES by the distilled Mamba model
feat_0681,float,,Chemical Dice embedding dimension 681 of 8192 predicted from the SMILES by the distilled Mamba model
feat_0682,float,,Chemical Dice embedding dimension 682 of 8192 predicted from the SMILES by the distilled Mamba model
feat_0683,float,,Chemical Dice embedding dimension 683 of 8192 predicted from the SMILES by the distilled Mamba model
feat_0684,float,,Chemical Dice embedding dimension 684 of 8192 predicted from the SMILES by the distilled Mamba model
feat_0685,float,,Chemical Dice embedding dimension 685 of 8192 predicted from the SMILES by the distilled Mamba model
feat_0686,float,,Chemical Dice embedding dimension 686 of 8192 predicted from the SMILES by the distilled Mamba model
feat_0687,float,,Chemical Dice embedding dimension 687 of 8192 predicted from the SMILES by the distilled Mamba model
feat_0688,float,,Chemical Dice embedding dimension 688 of 8192 predicted from the SMILES by the distilled Mamba model
feat_0689,float,,Chemical Dice embedding dimension 689 of 8192 predicted from the SMILES by the distilled Mamba model
feat_0690,float,,Chemical Dice embedding dimension 690 of 8192 predicted from the SMILES by the distilled Mamba model
feat_0691,float,,Chemical Dice embedding dimension 691 of 8192 predicted from the SMILES by the distilled Mamba model
feat_0692,float,,Chemical Dice embedding dimension 692 of 8192 predicted from the SMILES by the distilled Mamba model
feat_0693,float,,Chemical Dice embedding dimension 693 of 8192 predicted from the SMILES by the distilled Mamba model
feat_0694,float,,Chemical Dice embedding dimension 694 of 8192 predicted from the SMILES by the distilled Mamba model
feat_0695,float,,Chemical Dice embedding dimension 695 of 8192 predicted from the SMILES by the distilled Mamba model
feat_0696,float,,Chemical Dice embedding dimension 696 of 8192 predicted from the SMILES by the distilled Mamba model
feat_0697,float,,Chemical Dice embedding dimension 697 of 8192 predicted from the SMILES by the distilled Mamba model
feat_0698,float,,Chemical Dice embedding dimension 698 of 8192 predicted from the SMILES by the distilled Mamba model
feat_0699,float,,Chemical Dice embedding dimension 699 of 8192 predicted from the SMILES by the distilled Mamba model
feat_0700,float,,Chemical Dice embedding dimension 700 of 8192 predicted from the SMILES by the distilled Mamba model
feat_0701,float,,Chemical Dice embedding dimension 701 of 8192 predicted from the SMILES by the distilled Mamba model
feat_0702,float,,Chemical Dice embedding dimension 702 of 8192 predicted from the SMILES by the distilled Mamba model
feat_0703,float,,Chemical Dice embedding dimension 703 of 8192 predicted from the SMILES by the distilled Mamba model
feat_0704,float,,Chemical Dice embedding dimension 704 of 8192 predicted from the SMILES by the distilled Mamba model
feat_0705,float,,Chemical Dice embedding dimension 705 of 8192 predicted from the SMILES by the distilled Mamba model
feat_0706,float,,Chemical Dice embedding dimension 706 of 8192 predicted from the SMILES by the distilled Mamba model
feat_0707,float,,Chemical Dice embedding dimension 707 of 8192 predicted from the SMILES by the distilled Mamba model
feat_0708,float,,Chemical Dice embedding dimension 708 of 8192 predicted from the SMILES by the distilled Mamba model
feat_0709,float,,Chemical Dice embedding dimension 709 of 8192 predicted from the SMILES by the distilled Mamba model
feat_0710,float,,Chemical Dice embedding dimension 710 of 8192 predicted from the SMILES by the distilled Mamba model
feat_0711,float,,Chemical Dice embedding dimension 711 of 8192 predicted from the SMILES by the distilled Mamba model
feat_0712,float,,Chemical Dice embedding dimension 712 of 8192 predicted from the SMILES by the distilled Mamba model
feat_0713,float,,Chemical Dice embedding dimension 713 of 8192 predicted from the SMILES by the distilled Mamba model
feat_0714,float,,Chemical Dice embedding dimension 714 of 8192 predicted from the SMILES by the distilled Mamba model
feat_0715,float,,Chemical Dice embedding dimension 715 of 8192 predicted from the SMILES by the distilled Mamba model
feat_0716,float,,Chemical Dice embedding dimension 716 of 8192 predicted from the SMILES by the distilled Mamba model
feat_0717,float,,Chemical Dice embedding dimension 717 of 8192 predicted from the SMILES by the distilled Mamba model
feat_0718,float,,Chemical Dice embedding dimension 718 of 8192 predicted from the SMILES by the distilled Mamba model
feat_0719,float,,Chemical Dice embedding dimension 719 of 8192 predicted from the SMILES by the distilled Mamba model
feat_0720,float,,Chemical Dice embedding dimension 720 of 8192 predicted from the SMILES by the distilled Mamba model
feat_0721,float,,Chemical Dice embedding dimension 721 of 8192 predicted from the SMILES by the distilled Mamba model
feat_0722,float,,Chemical Dice embedding dimension 722 of 8192 predicted from the SMILES by the distilled Mamba model
feat_0723,float,,Chemical Dice embedding dimension 723 of 8192 predicted from the SMILES by the distilled Mamba model
feat_0724,float,,Chemical Dice embedding dimension 724 of 8192 predicted from the SMILES by the distilled Mamba model
feat_0725,float,,Chemical Dice embedding dimension 725 of 8192 predicted from the SMILES by the distilled Mamba model
feat_0726,float,,Chemical Dice embedding dimension 726 of 8192 predicted from the SMILES by the distilled Mamba model
feat_0727,float,,Chemical Dice embedding dimension 727 of 8192 predicted from the SMILES by the distilled Mamba model
feat_0728,float,,Chemical Dice embedding dimension 728 of 8192 predicted from the SMILES by the distilled Mamba model
feat_0729,float,,Chemical Dice embedding dimension 729 of 8192 predicted from the SMILES by the distilled Mamba model
feat_0730,float,,Chemical Dice embedding dimension 730 of 8192 predicted from the SMILES by the distilled Mamba model
feat_0731,float,,Chemical Dice embedding dimension 731 of 8192 predicted from the SMILES by the distilled Mamba model
feat_0732,float,,Chemical Dice embedding dimension 732 of 8192 predicted from the SMILES by the distilled Mamba model
feat_0733,float,,Chemical Dice embedding dimension 733 of 8192 predicted from the SMILES by the distilled Mamba model
feat_0734,float,,Chemical Dice embedding dimension 734 of 8192 predicted from the SMILES by the distilled Mamba model
feat_0735,float,,Chemical Dice embedding dimension 735 of 8192 predicted from the SMILES by the distilled Mamba model
feat_0736,float,,Chemical Dice embedding dimension 736 of 8192 predicted from the SMILES by the distilled Mamba model
feat_0737,float,,Chemical Dice embedding dimension 737 of 8192 predicted from the SMILES by the distilled Mamba model
feat_0738,float,,Chemical Dice embedding dimension 738 of 8192 predicted from the SMILES by the distilled Mamba model
feat_0739,float,,Chemical Dice embedding dimension 739 of 8192 predicted from the SMILES by the distilled Mamba model
feat_0740,float,,Chemical Dice embedding dimension 740 of 8192 predicted from the SMILES by the distilled Mamba model
feat_0741,float,,Chemical Dice embedding dimension 741 of 8192 predicted from the SMILES by the distilled Mamba model
feat_0742,float,,Chemical Dice embedding dimension 742 of 8192 predicted from the SMILES by the distilled Mamba model
feat_0743,float,,Chemical Dice embedding dimension 743 of 8192 predicted from the SMILES by the distilled Mamba model
feat_0744,float,,Chemical Dice embedding dimension 744 of 8192 predicted from the SMILES by the distilled Mamba model
feat_0745,float,,Chemical Dice embedding dimension 745 of 8192 predicted from the SMILES by the distilled Mamba model
feat_0746,float,,Chemical Dice embedding dimension 746 of 8192 predicted from the SMILES by the distilled Mamba model
feat_0747,float,,Chemical Dice embedding dimension 747 of 8192 predicted from the SMILES by the distilled Mamba model
feat_0748,float,,Chemical Dice embedding dimension 748 of 8192 predicted from the SMILES by the distilled Mamba model
feat_0749,float,,Chemical Dice embedding dimension 749 of 8192 predicted from the SMILES by the distilled Mamba model
feat_0750,float,,Chemical Dice embedding dimension 750 of 8192 predicted from the SMILES by the distilled Mamba model
feat_0751,float,,Chemical Dice embedding dimension 751 of 8192 predicted from the SMILES by the distilled Mamba model
feat_0752,float,,Chemical Dice embedding dimension 752 of 8192 predicted from the SMILES by the distilled Mamba model
feat_0753,float,,Chemical Dice embedding dimension 753 of 8192 predicted from the SMILES by the distilled Mamba model
feat_0754,float,,Chemical Dice embedding dimension 754 of 8192 predicted from the SMILES by the distilled Mamba model
feat_0755,float,,Chemical Dice embedding dimension 755 of 8192 predicted from the SMILES by the distilled Mamba model
feat_0756,float,,Chemical Dice embedding dimension 756 of 8192 predicted from the SMILES by the distilled Mamba model
feat_0757,float,,Chemical Dice embedding dimension 757 of 8192 predicted from the SMILES by the distilled Mamba model
feat_0758,float,,Chemical Dice embedding dimension 758 of 8192 predicted from the SMILES by the distilled Mamba model
feat_0759,float,,Chemical Dice embedding dimension 759 of 8192 predicted from the SMILES by the distilled Mamba model
feat_0760,float,,Chemical Dice embedding dimension 760 of 8192 predicted from the SMILES by the distilled Mamba model
feat_0761,float,,Chemical Dice embedding dimension 761 of 8192 predicted from the SMILES by the distilled Mamba model
feat_0762,float,,Chemical Dice embedding dimension 762 of 8192 predicted from the SMILES by the distilled Mamba model
feat_0763,float,,Chemical Dice embedding dimension 763 of 8192 predicted from the SMILES by the distilled Mamba model
feat_0764,float,,Chemical Dice embedding dimension 764 of 8192 predicted from the SMILES by the distilled Mamba model
feat_0765,float,,Chemical Dice embedding dimension 765 of 8192 predicted from the SMILES by the distilled Mamba model
feat_0766,float,,Chemical Dice embedding dimension 766 of 8192 predicted from the SMILES by the distilled Mamba model
feat_0767,float,,Chemical Dice embedding dimension 767 of 8192 predicted from the SMILES by the distilled Mamba model
feat_0768,float,,Chemical Dice embedding dimension 768 of 8192 predicted from the SMILES by the distilled Mamba model
feat_0769,float,,Chemical Dice embedding dimension 769 of 8192 predicted from the SMILES by the distilled Mamba model
feat_0770,float,,Chemical Dice embedding dimension 770 of 8192 predicted from the SMILES by the distilled Mamba model
feat_0771,float,,Chemical Dice embedding dimension 771 of 8192 predicted from the SMILES by the distilled Mamba model
feat_0772,float,,Chemical Dice embedding dimension 772 of 8192 predicted from the SMILES by the distilled Mamba model
feat_0773,float,,Chemical Dice embedding dimension 773 of 8192 predicted from the SMILES by the distilled Mamba model
feat_0774,float,,Chemical Dice embedding dimension 774 of 8192 predicted from the SMILES by the distilled Mamba model
feat_0775,float,,Chemical Dice embedding dimension 775 of 8192 predicted from the SMILES by the distilled Mamba model
feat_0776,float,,Chemical Dice embedding dimension 776 of 8192 predicted from the SMILES by the distilled Mamba model
feat_0777,float,,Chemical Dice embedding dimension 777 of 8192 predicted from the SMILES by the distilled Mamba model
feat_0778,float,,Chemical Dice embedding dimension 778 of 8192 predicted from the SMILES by the distilled Mamba model
feat_0779,float,,Chemical Dice embedding dimension 779 of 8192 predicted from the SMILES by the distilled Mamba model
feat_0780,float,,Chemical Dice embedding dimension 780 of 8192 predicted from the SMILES by the distilled Mamba model
feat_0781,float,,Chemical Dice embedding dimension 781 of 8192 predicted from the SMILES by the distilled Mamba model
feat_0782,float,,Chemical Dice embedding dimension 782 of 8192 predicted from the SMILES by the distilled Mamba model
feat_0783,float,,Chemical Dice embedding dimension 783 of 8192 predicted from the SMILES by the distilled Mamba model
feat_0784,float,,Chemical Dice embedding dimension 784 of 8192 predicted from the SMILES by the distilled Mamba model
feat_0785,float,,Chemical Dice embedding dimension 785 of 8192 predicted from the SMILES by the distilled Mamba model
feat_0786,float,,Chemical Dice embedding dimension 786 of 8192 predicted from the SMILES by the distilled Mamba model
feat_0787,float,,Chemical Dice embedding dimension 787 of 8192 predicted from the SMILES by the distilled Mamba model
feat_0788,float,,Chemical Dice embedding dimension 788 of 8192 predicted from the SMILES by the distilled Mamba model
feat_0789,float,,Chemical Dice embedding dimension 789 of 8192 predicted from the SMILES by the distilled Mamba model
feat_0790,float,,Chemical Dice embedding dimension 790 of 8192 predicted from the SMILES by the distilled Mamba model
feat_0791,float,,Chemical Dice embedding dimension 791 of 8192 predicted from the SMILES by the distilled Mamba model
feat_0792,float,,Chemical Dice embedding dimension 792 of 8192 predicted from the SMILES by the distilled Mamba model
feat_0793,float,,Chemical Dice embedding dimension 793 of 8192 predicted from the SMILES by the distilled Mamba model
feat_0794,float,,Chemical Dice embedding dimension 794 of 8192 predicted from the SMILES by the distilled Mamba model
feat_0795,float,,Chemical Dice embedding dimension 795 of 8192 predicted from the SMILES by the distilled Mamba model
feat_0796,float,,Chemical Dice embedding dimension 796 of 8192 predicted from the SMILES by the distilled Mamba model
feat_0797,float,,Chemical Dice embedding dimension 797 of 8192 predicted from the SMILES by the distilled Mamba model
feat_0798,float,,Chemical Dice embedding dimension 798 of 8192 predicted from the SMILES by the distilled Mamba model
feat_0799,float,,Chemical Dice embedding dimension 799 of 8192 predicted from the SMILES by the distilled Mamba model
feat_0800,float,,Chemical Dice embedding dimension 800 of 8192 predicted from the SMILES by the distilled Mamba model
feat_0801,float,,Chemical Dice embedding dimension 801 of 8192 predicted from the SMILES by the distilled Mamba model
feat_0802,float,,Chemical Dice embedding dimension 802 of 8192 predicted from the SMILES by the distilled Mamba model
feat_0803,float,,Chemical Dice embedding dimension 803 of 8192 predicted from the SMILES by the distilled Mamba model
feat_0804,float,,Chemical Dice embedding dimension 804 of 8192 predicted from the SMILES by the distilled Mamba model
feat_0805,float,,Chemical Dice embedding dimension 805 of 8192 predicted from the SMILES by the distilled Mamba model
feat_0806,float,,Chemical Dice embedding dimension 806 of 8192 predicted from the SMILES by the distilled Mamba model
feat_0807,float,,Chemical Dice embedding dimension 807 of 8192 predicted from the SMILES by the distilled Mamba model
feat_0808,float,,Chemical Dice embedding dimension 808 of 8192 predicted from the SMILES by the distilled Mamba model
feat_0809,float,,Chemical Dice embedding dimension 809 of 8192 predicted from the SMILES by the distilled Mamba model
feat_0810,float,,Chemical Dice embedding dimension 810 of 8192 predicted from the SMILES by the distilled Mamba model
feat_0811,float,,Chemical Dice embedding dimension 811 of 8192 predicted from the SMILES by the distilled Mamba model
feat_0812,float,,Chemical Dice embedding dimension 812 of 8192 predicted from the SMILES by the distilled Mamba model
feat_0813,float,,Chemical Dice embedding dimension 813 of 8192 predicted from the SMILES by the distilled Mamba model
feat_0814,float,,Chemical Dice embedding dimension 814 of 8192 predicted from the SMILES by the distilled Mamba model
feat_0815,float,,Chemical Dice embedding dimension 815 of 8192 predicted from the SMILES by the distilled Mamba model
feat_0816,float,,Chemical Dice embedding dimension 816 of 8192 predicted from the SMILES by the distilled Mamba model
feat_0817,float,,Chemical Dice embedding dimension 817 of 8192 predicted from the SMILES by the distilled Mamba model
feat_0818,float,,Chemical Dice embedding dimension 818 of 8192 predicted from the SMILES by the distilled Mamba model
feat_0819,float,,Chemical Dice embedding dimension 819 of 8192 predicted from the SMILES by the distilled Mamba model
feat_0820,float,,Chemical Dice embedding dimension 820 of 8192 predicted from the SMILES by the distilled Mamba model
feat_0821,float,,Chemical Dice embedding dimension 821 of 8192 predicted from the SMILES by the distilled Mamba model
feat_0822,float,,Chemical Dice embedding dimension 822 of 8192 predicted from the SMILES by the distilled Mamba model
feat_0823,float,,Chemical Dice embedding dimension 823 of 8192 predicted from the SMILES by the distilled Mamba model
feat_0824,float,,Chemical Dice embedding dimension 824 of 8192 predicted from the SMILES by the distilled Mamba model
feat_0825,float,,Chemical Dice embedding dimension 825 of 8192 predicted from the SMILES by the distilled Mamba model
feat_0826,float,,Chemical Dice embedding dimension 826 of 8192 predicted from the SMILES by the distilled Mamba model
feat_0827,float,,Chemical Dice embedding dimension 827 of 8192 predicted from the SMILES by the distilled Mamba model
feat_0828,float,,Chemical Dice embedding dimension 828 of 8192 predicted from the SMILES by the distilled Mamba model
feat_0829,float,,Chemical Dice embedding dimension 829 of 8192 predicted from the SMILES by the distilled Mamba model
feat_0830,float,,Chemical Dice embedding dimension 830 of 8192 predicted from the SMILES by the distilled Mamba model
feat_0831,float,,Chemical Dice embedding dimension 831 of 8192 predicted from the SMILES by the distilled Mamba model
feat_0832,float,,Chemical Dice embedding dimension 832 of 8192 predicted from the SMILES by the distilled Mamba model
feat_0833,float,,Chemical Dice embedding dimension 833 of 8192 predicted from the SMILES by the distilled Mamba model
feat_0834,float,,Chemical Dice embedding dimension 834 of 8192 predicted from the SMILES by the distilled Mamba model
feat_0835,float,,Chemical Dice embedding dimension 835 of 8192 predicted from the SMILES by the distilled Mamba model
feat_0836,float,,Chemical Dice embedding dimension 836 of 8192 predicted from the SMILES by the distilled Mamba model
feat_0837,float,,Chemical Dice embedding dimension 837 of 8192 predicted from the SMILES by the distilled Mamba model
feat_0838,float,,Chemical Dice embedding dimension 838 of 8192 predicted from the SMILES by the distilled Mamba model
feat_0839,float,,Chemical Dice embedding dimension 839 of 8192 predicted from the SMILES by the distilled Mamba model
feat_0840,float,,Chemical Dice embedding dimension 840 of 8192 predicted from the SMILES by the distilled Mamba model
feat_0841,float,,Chemical Dice embedding dimension 841 of 8192 predicted from the SMILES by the distilled Mamba model
feat_0842,float,,Chemical Dice embedding dimension 842 of 8192 predicted from the SMILES by the distilled Mamba model
feat_0843,float,,Chemical Dice embedding dimension 843 of 8192 predicted from the SMILES by the distilled Mamba model
feat_0844,float,,Chemical Dice embedding dimension 844 of 8192 predicted from the SMILES by the distilled Mamba model
feat_0845,float,,Chemical Dice embedding dimension 845 of 8192 predicted from the SMILES by the distilled Mamba model
feat_0846,float,,Chemical Dice embedding dimension 846 of 8192 predicted from the SMILES by the distilled Mamba model
feat_0847,float,,Chemical Dice embedding dimension 847 of 8192 predicted from the SMILES by the distilled Mamba model
feat_0848,float,,Chemical Dice embedding dimension 848 of 8192 predicted from the SMILES by the distilled Mamba model
feat_0849,float,,Chemical Dice embedding dimension 849 of 8192 predicted from the SMILES by the distilled Mamba model
feat_0850,float,,Chemical Dice embedding dimension 850 of 8192 predicted from the SMILES by the distilled Mamba model
feat_0851,float,,Chemical Dice embedding dimension 851 of 8192 predicted from the SMILES by the distilled Mamba model
feat_0852,float,,Chemical Dice embedding dimension 852 of 8192 predicted from the SMILES by the distilled Mamba model
feat_0853,float,,Chemical Dice embedding dimension 853 of 8192 predicted from the SMILES by the distilled Mamba model
feat_0854,float,,Chemical Dice embedding dimension 854 of 8192 predicted from the SMILES by the distilled Mamba model
feat_0855,float,,Chemical Dice embedding dimension 855 of 8192 predicted from the SMILES by the distilled Mamba model
feat_0856,float,,Chemical Dice embedding dimension 856 of 8192 predicted from the SMILES by the distilled Mamba model
feat_0857,float,,Chemical Dice embedding dimension 857 of 8192 predicted from the SMILES by the distilled Mamba model
feat_0858,float,,Chemical Dice embedding dimension 858 of 8192 predicted from the SMILES by the distilled Mamba model
feat_0859,float,,Chemical Dice embedding dimension 859 of 8192 predicted from the SMILES by the distilled Mamba model
feat_0860,float,,Chemical Dice embedding dimension 860 of 8192 predicted from the SMILES by the distilled Mamba model
feat_0861,float,,Chemical Dice embedding dimension 861 of 8192 predicted from the SMILES by the distilled Mamba model
feat_0862,float,,Chemical Dice embedding dimension 862 of 8192 predicted from the SMILES by the distilled Mamba model
feat_0863,float,,Chemical Dice embedding dimension 863 of 8192 predicted from the SMILES by the distilled Mamba model
feat_0864,float,,Chemical Dice embedding dimension 864 of 8192 predicted from the SMILES by the distilled Mamba model
feat_0865,float,,Chemical Dice embedding dimension 865 of 8192 predicted from the SMILES by the distilled Mamba model
feat_0866,float,,Chemical Dice embedding dimension 866 of 8192 predicted from the SMILES by the distilled Mamba model
feat_0867,float,,Chemical Dice embedding dimension 867 of 8192 predicted from the SMILES by the distilled Mamba model
feat_0868,float,,Chemical Dice embedding dimension 868 of 8192 predicted from the SMILES by the distilled Mamba model
feat_0869,float,,Chemical Dice embedding dimension 869 of 8192 predicted from the SMILES by the distilled Mamba model
feat_0870,float,,Chemical Dice embedding dimension 870 of 8192 predicted from the SMILES by the distilled Mamba model
feat_0871,float,,Chemical Dice embedding dimension 871 of 8192 predicted from the SMILES by the distilled Mamba model
feat_0872,float,,Chemical Dice embedding dimension 872 of 8192 predicted from the SMILES by the distilled Mamba model
feat_0873,float,,Chemical Dice embedding dimension 873 of 8192 predicted from the SMILES by the distilled Mamba model
feat_0874,float,,Chemical Dice embedding dimension 874 of 8192 predicted from the SMILES by the distilled Mamba model
feat_0875,float,,Chemical Dice embedding dimension 875 of 8192 predicted from the SMILES by the distilled Mamba model
feat_0876,float,,Chemical Dice embedding dimension 876 of 8192 predicted from the SMILES by the distilled Mamba model
feat_0877,float,,Chemical Dice embedding dimension 877 of 8192 predicted from the SMILES by the distilled Mamba model
feat_0878,float,,Chemical Dice embedding dimension 878 of 8192 predicted from the SMILES by the distilled Mamba model
feat_0879,float,,Chemical Dice embedding dimension 879 of 8192 predicted from the SMILES by the distilled Mamba model
feat_0880,float,,Chemical Dice embedding dimension 880 of 8192 predicted from the SMILES by the distilled Mamba model
feat_0881,float,,Chemical Dice embedding dimension 881 of 8192 predicted from the SMILES by the distilled Mamba model
feat_0882,float,,Chemical Dice embedding dimension 882 of 8192 predicted from the SMILES by the distilled Mamba model
feat_0883,float,,Chemical Dice embedding dimension 883 of 8192 predicted from the SMILES by the distilled Mamba model
feat_0884,float,,Chemical Dice embedding dimension 884 of 8192 predicted from the SMILES by the distilled Mamba model
feat_0885,float,,Chemical Dice embedding dimension 885 of 8192 predicted from the SMILES by the distilled Mamba model
feat_0886,float,,Chemical Dice embedding dimension 886 of 8192 predicted from the SMILES by the distilled Mamba model
feat_0887,float,,Chemical Dice embedding dimension 887 of 8192 predicted from the SMILES by the distilled Mamba model
feat_0888,float,,Chemical Dice embedding dimension 888 of 8192 predicted from the SMILES by the distilled Mamba model
feat_0889,float,,Chemical Dice embedding dimension 889 of 8192 predicted from the SMILES by the distilled Mamba model
feat_0890,float,,Chemical Dice embedding dimension 890 of 8192 predicted from the SMILES by the distilled Mamba model
feat_0891,float,,Chemical Dice embedding dimension 891 of 8192 predicted from the SMILES by the distilled Mamba model
feat_0892,float,,Chemical Dice embedding dimension 892 of 8192 predicted from the SMILES by the distilled Mamba model
feat_0893,float,,Chemical Dice embedding dimension 893 of 8192 predicted from the SMILES by the distilled Mamba model
feat_0894,float,,Chemical Dice embedding dimension 894 of 8192 predicted from the SMILES by the distilled Mamba model
feat_0895,float,,Chemical Dice embedding dimension 895 of 8192 predicted from the SMILES by the distilled Mamba model
feat_0896,float,,Chemical Dice embedding dimension 896 of 8192 predicted from the SMILES by the distilled Mamba model
feat_0897,float,,Chemical Dice embedding dimension 897 of 8192 predicted from the SMILES by the distilled Mamba model
feat_0898,float,,Chemical Dice embedding dimension 898 of 8192 predicted from the SMILES by the distilled Mamba model
feat_0899,float,,Chemical Dice embedding dimension 899 of 8192 predicted from the SMILES by the distilled Mamba model
feat_0900,float,,Chemical Dice embedding dimension 900 of 8192 predicted from the SMILES by the distilled Mamba model
feat_0901,float,,Chemical Dice embedding dimension 901 of 8192 predicted from the SMILES by the distilled Mamba model
feat_0902,float,,Chemical Dice embedding dimension 902 of 8192 predicted from the SMILES by the distilled Mamba model
feat_0903,float,,Chemical Dice embedding dimension 903 of 8192 predicted from the SMILES by the distilled Mamba model
feat_0904,float,,Chemical Dice embedding dimension 904 of 8192 predicted from the SMILES by the distilled Mamba model
feat_0905,float,,Chemical Dice embedding dimension 905 of 8192 predicted from the SMILES by the distilled Mamba model
feat_0906,float,,Chemical Dice embedding dimension 906 of 8192 predicted from the SMILES by the distilled Mamba model
feat_0907,float,,Chemical Dice embedding dimension 907 of 8192 predicted from the SMILES by the distilled Mamba model
feat_0908,float,,Chemical Dice embedding dimension 908 of 8192 predicted from the SMILES by the distilled Mamba model
feat_0909,float,,Chemical Dice embedding dimension 909 of 8192 predicted from the SMILES by the distilled Mamba model
feat_0910,float,,Chemical Dice embedding dimension 910 of 8192 predicted from the SMILES by the distilled Mamba model
feat_0911,float,,Chemical Dice embedding dimension 911 of 8192 predicted from the SMILES by the distilled Mamba model
feat_0912,float,,Chemical Dice embedding dimension 912 of 8192 predicted from the SMILES by the distilled Mamba model
feat_0913,float,,Chemical Dice embedding dimension 913 of 8192 predicted from the SMILES by the distilled Mamba model
feat_0914,float,,Chemical Dice embedding dimension 914 of 8192 predicted from the SMILES by the distilled Mamba model
feat_0915,float,,Chemical Dice embedding dimension 915 of 8192 predicted from the SMILES by the distilled Mamba model
feat_0916,float,,Chemical Dice embedding dimension 916 of 8192 predicted from the SMILES by the distilled Mamba model
feat_0917,float,,Chemical Dice embedding dimension 917 of 8192 predicted from the SMILES by the distilled Mamba model
feat_0918,float,,Chemical Dice embedding dimension 918 of 8192 predicted from the SMILES by the distilled Mamba model
feat_0919,float,,Chemical Dice embedding dimension 919 of 8192 predicted from the SMILES by the distilled Mamba model
feat_0920,float,,Chemical Dice embedding dimension 920 of 8192 predicted from the SMILES by the distilled Mamba model
feat_0921,float,,Chemical Dice embedding dimension 921 of 8192 predicted from the SMILES by the distilled Mamba model
feat_0922,float,,Chemical Dice embedding dimension 922 of 8192 predicted from the SMILES by the distilled Mamba model
feat_0923,float,,Chemical Dice embedding dimension 923 of 8192 predicted from the SMILES by the distilled Mamba model
feat_0924,float,,Chemical Dice embedding dimension 924 of 8192 predicted from the SMILES by the distilled Mamba model
feat_0925,float,,Chemical Dice embedding dimension 925 of 8192 predicted from the SMILES by the distilled Mamba model
feat_0926,float,,Chemical Dice embedding dimension 926 of 8192 predicted from the SMILES by the distilled Mamba model
feat_0927,float,,Chemical Dice embedding dimension 927 of 8192 predicted from the SMILES by the distilled Mamba model
feat_0928,float,,Chemical Dice embedding dimension 928 of 8192 predicted from the SMILES by the distilled Mamba model
feat_0929,float,,Chemical Dice embedding dimension 929 of 8192 predicted from the SMILES by the distilled Mamba model
feat_0930,float,,Chemical Dice embedding dimension 930 of 8192 predicted from the SMILES by the distilled Mamba model
feat_0931,float,,Chemical Dice embedding dimension 931 of 8192 predicted from the SMILES by the distilled Mamba model
feat_0932,float,,Chemical Dice embedding dimension 932 of 8192 predicted from the SMILES by the distilled Mamba model
feat_0933,float,,Chemical Dice embedding dimension 933 of 8192 predicted from the SMILES by the distilled Mamba model
feat_0934,float,,Chemical Dice embedding dimension 934 of 8192 predicted from the SMILES by the distilled Mamba model
feat_0935,float,,Chemical Dice embedding dimension 935 of 8192 predicted from the SMILES by the distilled Mamba model
feat_0936,float,,Chemical Dice embedding dimension 936 of 8192 predicted from the SMILES by the distilled Mamba model
feat_0937,float,,Chemical Dice embedding dimension 937 of 8192 predicted from the SMILES by the distilled Mamba model
feat_0938,float,,Chemical Dice embedding dimension 938 of 8192 predicted from the SMILES by the distilled Mamba model
feat_0939,float,,Chemical Dice embedding dimension 939 of 8192 predicted from the SMILES by the distilled Mamba model
feat_0940,float,,Chemical Dice embedding dimension 940 of 8192 predicted from the SMILES by the distilled Mamba model
feat_0941,float,,Chemical Dice embedding dimension 941 of 8192 predicted from the SMILES by the distilled Mamba model
feat_0942,float,,Chemical Dice embedding dimension 942 of 8192 predicted from the SMILES by the distilled Mamba model
feat_0943,float,,Chemical Dice embedding dimension 943 of 8192 predicted from the SMILES by the distilled Mamba model
feat_0944,float,,Chemical Dice embedding dimension 944 of 8192 predicted from the SMILES by the distilled Mamba model
feat_0945,float,,Chemical Dice embedding dimension 945 of 8192 predicted from the SMILES by the distilled Mamba model
feat_0946,float,,Chemical Dice embedding dimension 946 of 8192 predicted from the SMILES by the distilled Mamba model
feat_0947,float,,Chemical Dice embedding dimension 947 of 8192 predicted from the SMILES by the distilled Mamba model
feat_0948,float,,Chemical Dice embedding dimension 948 of 8192 predicted from the SMILES by the distilled Mamba model
feat_0949,float,,Chemical Dice embedding dimension 949 of 8192 predicted from the SMILES by the distilled Mamba model
feat_0950,float,,Chemical Dice embedding dimension 950 of 8192 predicted from the SMILES by the distilled Mamba model
feat_0951,float,,Chemical Dice embedding dimension 951 of 8192 predicted from the SMILES by the distilled Mamba model
feat_0952,float,,Chemical Dice embedding dimension 952 of 8192 predicted from the SMILES by the distilled Mamba model
feat_0953,float,,Chemical Dice embedding dimension 953 of 8192 predicted from the SMILES by the distilled Mamba model
feat_0954,float,,Chemical Dice embedding dimension 954 of 8192 predicted from the SMILES by the distilled Mamba model
feat_0955,float,,Chemical Dice embedding dimension 955 of 8192 predicted from the SMILES by the distilled Mamba model
feat_0956,float,,Chemical Dice embedding dimension 956 of 8192 predicted from the SMILES by the distilled Mamba model
feat_0957,float,,Chemical Dice embedding dimension 957 of 8192 predicted from the SMILES by the distilled Mamba model
feat_0958,float,,Chemical Dice embedding dimension 958 of 8192 predicted from the SMILES by the distilled Mamba model
feat_0959,float,,Chemical Dice embedding dimension 959 of 8192 predicted from the SMILES by the distilled Mamba model
feat_0960,float,,Chemical Dice embedding dimension 960 of 8192 predicted from the SMILES by the distilled Mamba model
feat_0961,float,,Chemical Dice embedding dimension 961 of 8192 predicted from the SMILES by the distilled Mamba model
feat_0962,float,,Chemical Dice embedding dimension 962 of 8192 predicted from the SMILES by the distilled Mamba model
feat_0963,float,,Chemical Dice embedding dimension 963 of 8192 predicted from the SMILES by the distilled Mamba model
feat_0964,float,,Chemical Dice embedding dimension 964 of 8192 predicted from the SMILES by the distilled Mamba model
feat_0965,float,,Chemical Dice embedding dimension 965 of 8192 predicted from the SMILES by the distilled Mamba model
feat_0966,float,,Chemical Dice embedding dimension 966 of 8192 predicted from the SMILES by the distilled Mamba model
feat_0967,float,,Chemical Dice embedding dimension 967 of 8192 predicted from the SMILES by the distilled Mamba model
feat_0968,float,,Chemical Dice embedding dimension 968 of 8192 predicted from the SMILES by the distilled Mamba model
feat_0969,float,,Chemical Dice embedding dimension 969 of 8192 predicted from the SMILES by the distilled Mamba model
feat_0970,float,,Chemical Dice embedding dimension 970 of 8192 predicted from the SMILES by the distilled Mamba model
feat_0971,float,,Chemical Dice embedding dimension 971 of 8192 predicted from the SMILES by the distilled Mamba model
feat_0972,float,,Chemical Dice embedding dimension 972 of 8192 predicted from the SMILES by the distilled Mamba model
feat_0973,float,,Chemical Dice embedding dimension 973 of 8192 predicted from the SMILES by the distilled Mamba model
feat_0974,float,,Chemical Dice embedding dimension 974 of 8192 predicted from the SMILES by the distilled Mamba model
feat_0975,float,,Chemical Dice embedding dimension 975 of 8192 predicted from the SMILES by the distilled Mamba model
feat_0976,float,,Chemical Dice embedding dimension 976 of 8192 predicted from the SMILES by the distilled Mamba model
feat_0977,float,,Chemical Dice embedding dimension 977 of 8192 predicted from the SMILES by the distilled Mamba model
feat_0978,float,,Chemical Dice embedding dimension 978 of 8192 predicted from the SMILES by the distilled Mamba model
feat_0979,float,,Chemical Dice embedding dimension 979 of 8192 predicted from the SMILES by the distilled Mamba model
feat_0980,float,,Chemical Dice embedding dimension 980 of 8192 predicted from the SMILES by the distilled Mamba model
feat_0981,float,,Chemical Dice embedding dimension 981 of 8192 predicted from the SMILES by the distilled Mamba model
feat_0982,float,,Chemical Dice embedding dimension 982 of 8192 predicted from the SMILES by the distilled Mamba model
feat_0983,float,,Chemical Dice embedding dimension 983 of 8192 predicted from the SMILES by the distilled Mamba model
feat_0984,float,,Chemical Dice embedding dimension 984 of 8192 predicted from the SMILES by the distilled Mamba model
feat_0985,float,,Chemical Dice embedding dimension 985 of 8192 predicted from the SMILES by the distilled Mamba model
feat_0986,float,,Chemical Dice embedding dimension 986 of 8192 predicted from the SMILES by the distilled Mamba model
feat_0987,float,,Chemical Dice embedding dimension 987 of 8192 predicted from the SMILES by the distilled Mamba model
feat_0988,float,,Chemical Dice embedding dimension 988 of 8192 predicted from the SMILES by the distilled Mamba model
feat_0989,float,,Chemical Dice embedding dimension 989 of 8192 predicted from the SMILES by the distilled Mamba model
feat_0990,float,,Chemical Dice embedding dimension 990 of 8192 predicted from the SMILES by the distilled Mamba model
feat_0991,float,,Chemical Dice embedding dimension 991 of 8192 predicted from the SMILES by the distilled Mamba model
feat_0992,float,,Chemical Dice embedding dimension 992 of 8192 predicted from the SMILES by the distilled Mamba model
feat_0993,float,,Chemical Dice embedding dimension 993 of 8192 predicted from the SMILES by the distilled Mamba model
feat_0994,float,,Chemical Dice embedding dimension 994 of 8192 predicted from the SMILES by the distilled Mamba model
feat_0995,float,,Chemical Dice embedding dimension 995 of 8192 predicted from the SMILES by the distilled Mamba model
feat_0996,float,,Chemical Dice embedding dimension 996 of 8192 predicted from the SMILES by the distilled Mamba model
feat_0997,float,,Chemical Dice embedding dimension 997 of 8192 predicted from the SMILES by the distilled Mamba model
feat_0998,float,,Chemical Dice embedding dimension 998 of 8192 predicted from the SMILES by the distilled Mamba model
feat_0999,float,,Chemical Dice embedding dimension 999 of 8192 predicted from the SMILES by the distilled Mamba model
feat_1000,float,,Chemical Dice embedding dimension 1000 of 8192 predicted from the SMILES by the distilled Mamba model
feat_1001,float,,Chemical Dice embedding dimension 1001 of 8192 predicted from the SMILES by the distilled Mamba model
feat_1002,float,,Chemical Dice embedding dimension 1002 of 8192 predicted from the SMILES by the distilled Mamba model
feat_1003,float,,Chemical Dice embedding dimension 1003 of 8192 predicted from the SMILES by the distilled Mamba model
feat_1004,float,,Chemical Dice embedding dimension 1004 of 8192 predicted from the SMILES by the distilled Mamba model
feat_1005,float,,Chemical Dice embedding dimension 1005 of 8192 predicted from the SMILES by the distilled Mamba model
feat_1006,float,,Chemical Dice embedding dimension 1006 of 8192 predicted from the SMILES by the distilled Mamba model
feat_1007,float,,Chemical Dice embedding dimension 1007 of 8192 predicted from the SMILES by the distilled Mamba model
feat_1008,float,,Chemical Dice embedding dimension 1008 of 8192 predicted from the SMILES by the distilled Mamba model
feat_1009,float,,Chemical Dice embedding dimension 1009 of 8192 predicted from the SMILES by the distilled Mamba model
feat_1010,float,,Chemical Dice embedding dimension 1010 of 8192 predicted from the SMILES by the distilled Mamba model
feat_1011,float,,Chemical Dice embedding dimension 1011 of 8192 predicted from the SMILES by the distilled Mamba model
feat_1012,float,,Chemical Dice embedding dimension 1012 of 8192 predicted from the SMILES by the distilled Mamba model
feat_1013,float,,Chemical Dice embedding dimension 1013 of 8192 predicted from the SMILES by the distilled Mamba model
feat_1014,float,,Chemical Dice embedding dimension 1014 of 8192 predicted from the SMILES by the distilled Mamba model
feat_1015,float,,Chemical Dice embedding dimension 1015 of 8192 predicted from the SMILES by the distilled Mamba model
feat_1016,float,,Chemical Dice embedding dimension 1016 of 8192 predicted from the SMILES by the distilled Mamba model
feat_1017,float,,Chemical Dice embedding dimension 1017 of 8192 predicted from the SMILES by the distilled Mamba model
feat_1018,float,,Chemical Dice embedding dimension 1018 of 8192 predicted from the SMILES by the distilled Mamba model
feat_1019,float,,Chemical Dice embedding dimension 1019 of 8192 predicted from the SMILES by the distilled Mamba model
feat_1020,float,,Chemical Dice embedding dimension 1020 of 8192 predicted from the SMILES by the distilled Mamba model
feat_1021,float,,Chemical Dice embedding dimension 1021 of 8192 predicted from the SMILES by the distilled Mamba model
feat_1022,float,,Chemical Dice embedding dimension 1022 of 8192 predicted from the SMILES by the distilled Mamba model
feat_1023,float,,Chemical Dice embedding dimension 1023 of 8192 predicted from the SMILES by the distilled Mamba model
feat_1024,float,,Chemical Dice embedding dimension 1024 of 8192 predicted from the SMILES by the distilled Mamba model
feat_1025,float,,Chemical Dice embedding dimension 1025 of 8192 predicted from the SMILES by the distilled Mamba model
feat_1026,float,,Chemical Dice embedding dimension 1026 of 8192 predicted from the SMILES by the distilled Mamba model
feat_1027,float,,Chemical Dice embedding dimension 1027 of 8192 predicted from the SMILES by the distilled Mamba model
feat_1028,float,,Chemical Dice embedding dimension 1028 of 8192 predicted from the SMILES by the distilled Mamba model
feat_1029,float,,Chemical Dice embedding dimension 1029 of 8192 predicted from the SMILES by the distilled Mamba model
feat_1030,float,,Chemical Dice embedding dimension 1030 of 8192 predicted from the SMILES by the distilled Mamba model
feat_1031,float,,Chemical Dice embedding dimension 1031 of 8192 predicted from the SMILES by the distilled Mamba model
feat_1032,float,,Chemical Dice embedding dimension 1032 of 8192 predicted from the SMILES by the distilled Mamba model
feat_1033,float,,Chemical Dice embedding dimension 1033 of 8192 predicted from the SMILES by the distilled Mamba model
feat_1034,float,,Chemical Dice embedding dimension 1034 of 8192 predicted from the SMILES by the distilled Mamba model
feat_1035,float,,Chemical Dice embedding dimension 1035 of 8192 predicted from the SMILES by the distilled Mamba model
feat_1036,float,,Chemical Dice embedding dimension 1036 of 8192 predicted from the SMILES by the distilled Mamba model
feat_1037,float,,Chemical Dice embedding dimension 1037 of 8192 predicted from the SMILES by the distilled Mamba model
feat_1038,float,,Chemical Dice embedding dimension 1038 of 8192 predicted from the SMILES by the distilled Mamba model
feat_1039,float,,Chemical Dice embedding dimension 1039 of 8192 predicted from the SMILES by the distilled Mamba model
feat_1040,float,,Chemical Dice embedding dimension 1040 of 8192 predicted from the SMILES by the distilled Mamba model
feat_1041,float,,Chemical Dice embedding dimension 1041 of 8192 predicted from the SMILES by the distilled Mamba model
feat_1042,float,,Chemical Dice embedding dimension 1042 of 8192 predicted from the SMILES by the distilled Mamba model
feat_1043,float,,Chemical Dice embedding dimension 1043 of 8192 predicted from the SMILES by the distilled Mamba model
feat_1044,float,,Chemical Dice embedding dimension 1044 of 8192 predicted from the SMILES by the distilled Mamba model
feat_1045,float,,Chemical Dice embedding dimension 1045 of 8192 predicted from the SMILES by the distilled Mamba model
feat_1046,float,,Chemical Dice embedding dimension 1046 of 8192 predicted from the SMILES by the distilled Mamba model
feat_1047,float,,Chemical Dice embedding dimension 1047 of 8192 predicted from the SMILES by the distilled Mamba model
feat_1048,float,,Chemical Dice embedding dimension 1048 of 8192 predicted from the SMILES by the distilled Mamba model
feat_1049,float,,Chemical Dice embedding dimension 1049 of 8192 predicted from the SMILES by the distilled Mamba model
feat_1050,float,,Chemical Dice embedding dimension 1050 of 8192 predicted from the SMILES by the distilled Mamba model
feat_1051,float,,Chemical Dice embedding dimension 1051 of 8192 predicted from the SMILES by the distilled Mamba model
feat_1052,float,,Chemical Dice embedding dimension 1052 of 8192 predicted from the SMILES by the distilled Mamba model
feat_1053,float,,Chemical Dice embedding dimension 1053 of 8192 predicted from the SMILES by the distilled Mamba model
feat_1054,float,,Chemical Dice embedding dimension 1054 of 8192 predicted from the SMILES by the distilled Mamba model
feat_1055,float,,Chemical Dice embedding dimension 1055 of 8192 predicted from the SMILES by the distilled Mamba model
feat_1056,float,,Chemical Dice embedding dimension 1056 of 8192 predicted from the SMILES by the distilled Mamba model
feat_1057,float,,Chemical Dice embedding dimension 1057 of 8192 predicted from the SMILES by the distilled Mamba model
feat_1058,float,,Chemical Dice embedding dimension 1058 of 8192 predicted from the SMILES by the distilled Mamba model
feat_1059,float,,Chemical Dice embedding dimension 1059 of 8192 predicted from the SMILES by the distilled Mamba model
feat_1060,float,,Chemical Dice embedding dimension 1060 of 8192 predicted from the SMILES by the distilled Mamba model
feat_1061,float,,Chemical Dice embedding dimension 1061 of 8192 predicted from the SMILES by the distilled Mamba model
feat_1062,float,,Chemical Dice embedding dimension 1062 of 8192 predicted from the SMILES by the distilled Mamba model
feat_1063,float,,Chemical Dice embedding dimension 1063 of 8192 predicted from the SMILES by the distilled Mamba model
feat_1064,float,,Chemical Dice embedding dimension 1064 of 8192 predicted from the SMILES by the distilled Mamba model
feat_1065,float,,Chemical Dice embedding dimension 1065 of 8192 predicted from the SMILES by the distilled Mamba model
feat_1066,float,,Chemical Dice embedding dimension 1066 of 8192 predicted from the SMILES by the distilled Mamba model
feat_1067,float,,Chemical Dice embedding dimension 1067 of 8192 predicted from the SMILES by the distilled Mamba model
feat_1068,float,,Chemical Dice embedding dimension 1068 of 8192 predicted from the SMILES by the distilled Mamba model
feat_1069,float,,Chemical Dice embedding dimension 1069 of 8192 predicted from the SMILES by the distilled Mamba model
feat_1070,float,,Chemical Dice embedding dimension 1070 of 8192 predicted from the SMILES by the distilled Mamba model
feat_1071,float,,Chemical Dice embedding dimension 1071 of 8192 predicted from the SMILES by the distilled Mamba model
feat_1072,float,,Chemical Dice embedding dimension 1072 of 8192 predicted from the SMILES by the distilled Mamba model
feat_1073,float,,Chemical Dice embedding dimension 1073 of 8192 predicted from the SMILES by the distilled Mamba model
feat_1074,float,,Chemical Dice embedding dimension 1074 of 8192 predicted from the SMILES by the distilled Mamba model
feat_1075,float,,Chemical Dice embedding dimension 1075 of 8192 predicted from the SMILES by the distilled Mamba model
feat_1076,float,,Chemical Dice embedding dimension 1076 of 8192 predicted from the SMILES by the distilled Mamba model
feat_1077,float,,Chemical Dice embedding dimension 1077 of 8192 predicted from the SMILES by the distilled Mamba model
feat_1078,float,,Chemical Dice embedding dimension 1078 of 8192 predicted from the SMILES by the distilled Mamba model
feat_1079,float,,Chemical Dice embedding dimension 1079 of 8192 predicted from the SMILES by the distilled Mamba model
feat_1080,float,,Chemical Dice embedding dimension 1080 of 8192 predicted from the SMILES by the distilled Mamba model
feat_1081,float,,Chemical Dice embedding dimension 1081 of 8192 predicted from the SMILES by the distilled Mamba model
feat_1082,float,,Chemical Dice embedding dimension 1082 of 8192 predicted from the SMILES by the distilled Mamba model
feat_1083,float,,Chemical Dice embedding dimension 1083 of 8192 predicted from the SMILES by the distilled Mamba model
feat_1084,float,,Chemical Dice embedding dimension 1084 of 8192 predicted from the SMILES by the distilled Mamba model
feat_1085,float,,Chemical Dice embedding dimension 1085 of 8192 predicted from the SMILES by the distilled Mamba model
feat_1086,float,,Chemical Dice embedding dimension 1086 of 8192 predicted from the SMILES by the distilled Mamba model
feat_1087,float,,Chemical Dice embedding dimension 1087 of 8192 predicted from the SMILES by the distilled Mamba model
feat_1088,float,,Chemical Dice embedding dimension 1088 of 8192 predicted from the SMILES by the distilled Mamba model
feat_1089,float,,Chemical Dice embedding dimension 1089 of 8192 predicted from the SMILES by the distilled Mamba model
feat_1090,float,,Chemical Dice embedding dimension 1090 of 8192 predicted from the SMILES by the distilled Mamba model
feat_1091,float,,Chemical Dice embedding dimension 1091 of 8192 predicted from the SMILES by the distilled Mamba model
feat_1092,float,,Chemical Dice embedding dimension 1092 of 8192 predicted from the SMILES by the distilled Mamba model
feat_1093,float,,Chemical Dice embedding dimension 1093 of 8192 predicted from the SMILES by the distilled Mamba model
feat_1094,float,,Chemical Dice embedding dimension 1094 of 8192 predicted from the SMILES by the distilled Mamba model
feat_1095,float,,Chemical Dice embedding dimension 1095 of 8192 predicted from the SMILES by the distilled Mamba model
feat_1096,float,,Chemical Dice embedding dimension 1096 of 8192 predicted from the SMILES by the distilled Mamba model
feat_1097,float,,Chemical Dice embedding dimension 1097 of 8192 predicted from the SMILES by the distilled Mamba model
feat_1098,float,,Chemical Dice embedding dimension 1098 of 8192 predicted from the SMILES by the distilled Mamba model
feat_1099,float,,Chemical Dice embedding dimension 1099 of 8192 predicted from the SMILES by the distilled Mamba model
feat_1100,float,,Chemical Dice embedding dimension 1100 of 8192 predicted from the SMILES by the distilled Mamba model
feat_1101,float,,Chemical Dice embedding dimension 1101 of 8192 predicted from the SMILES by the distilled Mamba model
feat_1102,float,,Chemical Dice embedding dimension 1102 of 8192 predicted from the SMILES by the distilled Mamba model
feat_1103,float,,Chemical Dice embedding dimension 1103 of 8192 predicted from the SMILES by the distilled Mamba model
feat_1104,float,,Chemical Dice embedding dimension 1104 of 8192 predicted from the SMILES by the distilled Mamba model
feat_1105,float,,Chemical Dice embedding dimension 1105 of 8192 predicted from the SMILES by the distilled Mamba model
feat_1106,float,,Chemical Dice embedding dimension 1106 of 8192 predicted from the SMILES by the distilled Mamba model
feat_1107,float,,Chemical Dice embedding dimension 1107 of 8192 predicted from the SMILES by the distilled Mamba model
feat_1108,float,,Chemical Dice embedding dimension 1108 of 8192 predicted from the SMILES by the distilled Mamba model
feat_1109,float,,Chemical Dice embedding dimension 1109 of 8192 predicted from the SMILES by the distilled Mamba model
feat_1110,float,,Chemical Dice embedding dimension 1110 of 8192 predicted from the SMILES by the distilled Mamba model
feat_1111,float,,Chemical Dice embedding dimension 1111 of 8192 predicted from the SMILES by the distilled Mamba model
feat_1112,float,,Chemical Dice embedding dimension 1112 of 8192 predicted from the SMILES by the distilled Mamba model
feat_1113,float,,Chemical Dice embedding dimension 1113 of 8192 predicted from the SMILES by the distilled Mamba model
feat_1114,float,,Chemical Dice embedding dimension 1114 of 8192 predicted from the SMILES by the distilled Mamba model
feat_1115,float,,Chemical Dice embedding dimension 1115 of 8192 predicted from the SMILES by the distilled Mamba model
feat_1116,float,,Chemical Dice embedding dimension 1116 of 8192 predicted from the SMILES by the distilled Mamba model
feat_1117,float,,Chemical Dice embedding dimension 1117 of 8192 predicted from the SMILES by the distilled Mamba model
feat_1118,float,,Chemical Dice embedding dimension 1118 of 8192 predicted from the SMILES by the distilled Mamba model
feat_1119,float,,Chemical Dice embedding dimension 1119 of 8192 predicted from the SMILES by the distilled Mamba model
feat_1120,float,,Chemical Dice embedding dimension 1120 of 8192 predicted from the SMILES by the distilled Mamba model
feat_1121,float,,Chemical Dice embedding dimension 1121 of 8192 predicted from the SMILES by the distilled Mamba model
feat_1122,float,,Chemical Dice embedding dimension 1122 of 8192 predicted from the SMILES by the distilled Mamba model
feat_1123,float,,Chemical Dice embedding dimension 1123 of 8192 predicted from the SMILES by the distilled Mamba model
feat_1124,float,,Chemical Dice embedding dimension 1124 of 8192 predicted from the SMILES by the distilled Mamba model
feat_1125,float,,Chemical Dice embedding dimension 1125 of 8192 predicted from the SMILES by the distilled Mamba model
feat_1126,float,,Chemical Dice embedding dimension 1126 of 8192 predicted from the SMILES by the distilled Mamba model
feat_1127,float,,Chemical Dice embedding dimension 1127 of 8192 predicted from the SMILES by the distilled Mamba model
feat_1128,float,,Chemical Dice embedding dimension 1128 of 8192 predicted from the SMILES by the distilled Mamba model
feat_1129,float,,Chemical Dice embedding dimension 1129 of 8192 predicted from the SMILES by the distilled Mamba model
feat_1130,float,,Chemical Dice embedding dimension 1130 of 8192 predicted from the SMILES by the distilled Mamba model
feat_1131,float,,Chemical Dice embedding dimension 1131 of 8192 predicted from the SMILES by the distilled Mamba model
feat_1132,float,,Chemical Dice embedding dimension 1132 of 8192 predicted from the SMILES by the distilled Mamba model
feat_1133,float,,Chemical Dice embedding dimension 1133 of 8192 predicted from the SMILES by the distilled Mamba model
feat_1134,float,,Chemical Dice embedding dimension 1134 of 8192 predicted from the SMILES by the distilled Mamba model
feat_1135,float,,Chemical Dice embedding dimension 1135 of 8192 predicted from the SMILES by the distilled Mamba model
feat_1136,float,,Chemical Dice embedding dimension 1136 of 8192 predicted from the SMILES by the distilled Mamba model
feat_1137,float,,Chemical Dice embedding dimension 1137 of 8192 predicted from the SMILES by the distilled Mamba model
feat_1138,float,,Chemical Dice embedding dimension 1138 of 8192 predicted from the SMILES by the distilled Mamba model
feat_1139,float,,Chemical Dice embedding dimension 1139 of 8192 predicted from the SMILES by the distilled Mamba model
feat_1140,float,,Chemical Dice embedding dimension 1140 of 8192 predicted from the SMILES by the distilled Mamba model
feat_1141,float,,Chemical Dice embedding dimension 1141 of 8192 predicted from the SMILES by the distilled Mamba model
feat_1142,float,,Chemical Dice embedding dimension 1142 of 8192 predicted from the SMILES by the distilled Mamba model
feat_1143,float,,Chemical Dice embedding dimension 1143 of 8192 predicted from the SMILES by the distilled Mamba model
feat_1144,float,,Chemical Dice embedding dimension 1144 of 8192 predicted from the SMILES by the distilled Mamba model
feat_1145,float,,Chemical Dice embedding dimension 1145 of 8192 predicted from the SMILES by the distilled Mamba model
feat_1146,float,,Chemical Dice embedding dimension 1146 of 8192 predicted from the SMILES by the distilled Mamba model
feat_1147,float,,Chemical Dice embedding dimension 1147 of 8192 predicted from the SMILES by the distilled Mamba model
feat_1148,float,,Chemical Dice embedding dimension 1148 of 8192 predicted from the SMILES by the distilled Mamba model
feat_1149,float,,Chemical Dice embedding dimension 1149 of 8192 predicted from the SMILES by the distilled Mamba model
feat_1150,float,,Chemical Dice embedding dimension 1150 of 8192 predicted from the SMILES by the distilled Mamba model
feat_1151,float,,Chemical Dice embedding dimension 1151 of 8192 predicted from the SMILES by the distilled Mamba model
feat_1152,float,,Chemical Dice embedding dimension 1152 of 8192 predicted from the SMILES by the distilled Mamba model
feat_1153,float,,Chemical Dice embedding dimension 1153 of 8192 predicted from the SMILES by the distilled Mamba model
feat_1154,float,,Chemical Dice embedding dimension 1154 of 8192 predicted from the SMILES by the distilled Mamba model
feat_1155,float,,Chemical Dice embedding dimension 1155 of 8192 predicted from the SMILES by the distilled Mamba model
feat_1156,float,,Chemical Dice embedding dimension 1156 of 8192 predicted from the SMILES by the distilled Mamba model
feat_1157,float,,Chemical Dice embedding dimension 1157 of 8192 predicted from the SMILES by the distilled Mamba model
feat_1158,float,,Chemical Dice embedding dimension 1158 of 8192 predicted from the SMILES by the distilled Mamba model
feat_1159,float,,Chemical Dice embedding dimension 1159 of 8192 predicted from the SMILES by the distilled Mamba model
feat_1160,float,,Chemical Dice embedding dimension 1160 of 8192 predicted from the SMILES by the distilled Mamba model
feat_1161,float,,Chemical Dice embedding dimension 1161 of 8192 predicted from the SMILES by the distilled Mamba model
feat_1162,float,,Chemical Dice embedding dimension 1162 of 8192 predicted from the SMILES by the distilled Mamba model
feat_1163,float,,Chemical Dice embedding dimension 1163 of 8192 predicted from the SMILES by the distilled Mamba model
feat_1164,float,,Chemical Dice embedding dimension 1164 of 8192 predicted from the SMILES by the distilled Mamba model
feat_1165,float,,Chemical Dice embedding dimension 1165 of 8192 predicted from the SMILES by the distilled Mamba model
feat_1166,float,,Chemical Dice embedding dimension 1166 of 8192 predicted from the SMILES by the distilled Mamba model
feat_1167,float,,Chemical Dice embedding dimension 1167 of 8192 predicted from the SMILES by the distilled Mamba model
feat_1168,float,,Chemical Dice embedding dimension 1168 of 8192 predicted from the SMILES by the distilled Mamba model
feat_1169,float,,Chemical Dice embedding dimension 1169 of 8192 predicted from the SMILES by the distilled Mamba model
feat_1170,float,,Chemical Dice embedding dimension 1170 of 8192 predicted from the SMILES by the distilled Mamba model
feat_1171,float,,Chemical Dice embedding dimension 1171 of 8192 predicted from the SMILES by the distilled Mamba model
feat_1172,float,,Chemical Dice embedding dimension 1172 of 8192 predicted from the SMILES by the distilled Mamba model
feat_1173,float,,Chemical Dice embedding dimension 1173 of 8192 predicted from the SMILES by the distilled Mamba model
feat_1174,float,,Chemical Dice embedding dimension 1174 of 8192 predicted from the SMILES by the distilled Mamba model
feat_1175,float,,Chemical Dice embedding dimension 1175 of 8192 predicted from the SMILES by the distilled Mamba model
feat_1176,float,,Chemical Dice embedding dimension 1176 of 8192 predicted from the SMILES by the distilled Mamba model
feat_1177,float,,Chemical Dice embedding dimension 1177 of 8192 predicted from the SMILES by the distilled Mamba model
feat_1178,float,,Chemical Dice embedding dimension 1178 of 8192 predicted from the SMILES by the distilled Mamba model
feat_1179,float,,Chemical Dice embedding dimension 1179 of 8192 predicted from the SMILES by the distilled Mamba model
feat_1180,float,,Chemical Dice embedding dimension 1180 of 8192 predicted from the SMILES by the distilled Mamba model
feat_1181,float,,Chemical Dice embedding dimension 1181 of 8192 predicted from the SMILES by the distilled Mamba model
feat_1182,float,,Chemical Dice embedding dimension 1182 of 8192 predicted from the SMILES by the distilled Mamba model
feat_1183,float,,Chemical Dice embedding dimension 1183 of 8192 predicted from the SMILES by the distilled Mamba model
feat_1184,float,,Chemical Dice embedding dimension 1184 of 8192 predicted from the SMILES by the distilled Mamba model
feat_1185,float,,Chemical Dice embedding dimension 1185 of 8192 predicted from the SMILES by the distilled Mamba model
feat_1186,float,,Chemical Dice embedding dimension 1186 of 8192 predicted from the SMILES by the distilled Mamba model
feat_1187,float,,Chemical Dice embedding dimension 1187 of 8192 predicted from the SMILES by the distilled Mamba model
feat_1188,float,,Chemical Dice embedding dimension 1188 of 8192 predicted from the SMILES by the distilled Mamba model
feat_1189,float,,Chemical Dice embedding dimension 1189 of 8192 predicted from the SMILES by the distilled Mamba model
feat_1190,float,,Chemical Dice embedding dimension 1190 of 8192 predicted from the SMILES by the distilled Mamba model
feat_1191,float,,Chemical Dice embedding dimension 1191 of 8192 predicted from the SMILES by the distilled Mamba model
feat_1192,float,,Chemical Dice embedding dimension 1192 of 8192 predicted from the SMILES by the distilled Mamba model
feat_1193,float,,Chemical Dice embedding dimension 1193 of 8192 predicted from the SMILES by the distilled Mamba model
feat_1194,float,,Chemical Dice embedding dimension 1194 of 8192 predicted from the SMILES by the distilled Mamba model
feat_1195,float,,Chemical Dice embedding dimension 1195 of 8192 predicted from the SMILES by the distilled Mamba model
feat_1196,float,,Chemical Dice embedding dimension 1196 of 8192 predicted from the SMILES by the distilled Mamba model
feat_1197,float,,Chemical Dice embedding dimension 1197 of 8192 predicted from the SMILES by the distilled Mamba model
feat_1198,float,,Chemical Dice embedding dimension 1198 of 8192 predicted from the SMILES by the distilled Mamba model
feat_1199,float,,Chemical Dice embedding dimension 1199 of 8192 predicted from the SMILES by the distilled Mamba model
feat_1200,float,,Chemical Dice embedding dimension 1200 of 8192 predicted from the SMILES by the distilled Mamba model
feat_1201,float,,Chemical Dice embedding dimension 1201 of 8192 predicted from the SMILES by the distilled Mamba model
feat_1202,float,,Chemical Dice embedding dimension 1202 of 8192 predicted from the SMILES by the distilled Mamba model
feat_1203,float,,Chemical Dice embedding dimension 1203 of 8192 predicted from the SMILES by the distilled Mamba model
feat_1204,float,,Chemical Dice embedding dimension 1204 of 8192 predicted from the SMILES by the distilled Mamba model
feat_1205,float,,Chemical Dice embedding dimension 1205 of 8192 predicted from the SMILES by the distilled Mamba model
feat_1206,float,,Chemical Dice embedding dimension 1206 of 8192 predicted from the SMILES by the distilled Mamba model
feat_1207,float,,Chemical Dice embedding dimension 1207 of 8192 predicted from the SMILES by the distilled Mamba model
feat_1208,float,,Chemical Dice embedding dimension 1208 of 8192 predicted from the SMILES by the distilled Mamba model
feat_1209,float,,Chemical Dice embedding dimension 1209 of 8192 predicted from the SMILES by the distilled Mamba model
feat_1210,float,,Chemical Dice embedding dimension 1210 of 8192 predicted from the SMILES by the distilled Mamba model
feat_1211,float,,Chemical Dice embedding dimension 1211 of 8192 predicted from the SMILES by the distilled Mamba model
feat_1212,float,,Chemical Dice embedding dimension 1212 of 8192 predicted from the SMILES by the distilled Mamba model
feat_1213,float,,Chemical Dice embedding dimension 1213 of 8192 predicted from the SMILES by the distilled Mamba model
feat_1214,float,,Chemical Dice embedding dimension 1214 of 8192 predicted from the SMILES by the distilled Mamba model
feat_1215,float,,Chemical Dice embedding dimension 1215 of 8192 predicted from the SMILES by the distilled Mamba model
feat_1216,float,,Chemical Dice embedding dimension 1216 of 8192 predicted from the SMILES by the distilled Mamba model
feat_1217,float,,Chemical Dice embedding dimension 1217 of 8192 predicted from the SMILES by the distilled Mamba model
feat_1218,float,,Chemical Dice embedding dimension 1218 of 8192 predicted from the SMILES by the distilled Mamba model
feat_1219,float,,Chemical Dice embedding dimension 1219 of 8192 predicted from the SMILES by the distilled Mamba model
feat_1220,float,,Chemical Dice embedding dimension 1220 of 8192 predicted from the SMILES by the distilled Mamba model
feat_1221,float,,Chemical Dice embedding dimension 1221 of 8192 predicted from the SMILES by the distilled Mamba model
feat_1222,float,,Chemical Dice embedding dimension 1222 of 8192 predicted from the SMILES by the distilled Mamba model
feat_1223,float,,Chemical Dice embedding dimension 1223 of 8192 predicted from the SMILES by the distilled Mamba model
feat_1224,float,,Chemical Dice embedding dimension 1224 of 8192 predicted from the SMILES by the distilled Mamba model
feat_1225,float,,Chemical Dice embedding dimension 1225 of 8192 predicted from the SMILES by the distilled Mamba model
feat_1226,float,,Chemical Dice embedding dimension 1226 of 8192 predicted from the SMILES by the distilled Mamba model
feat_1227,float,,Chemical Dice embedding dimension 1227 of 8192 predicted from the SMILES by the distilled Mamba model
feat_1228,float,,Chemical Dice embedding dimension 1228 of 8192 predicted from the SMILES by the distilled Mamba model
feat_1229,float,,Chemical Dice embedding dimension 1229 of 8192 predicted from the SMILES by the distilled Mamba model
feat_1230,float,,Chemical Dice embedding dimension 1230 of 8192 predicted from the SMILES by the distilled Mamba model
feat_1231,float,,Chemical Dice embedding dimension 1231 of 8192 predicted from the SMILES by the distilled Mamba model
feat_1232,float,,Chemical Dice embedding dimension 1232 of 8192 predicted from the SMILES by the distilled Mamba model
feat_1233,float,,Chemical Dice embedding dimension 1233 of 8192 predicted from the SMILES by the distilled Mamba model
feat_1234,float,,Chemical Dice embedding dimension 1234 of 8192 predicted from the SMILES by the distilled Mamba model
feat_1235,float,,Chemical Dice embedding dimension 1235 of 8192 predicted from the SMILES by the distilled Mamba model
feat_1236,float,,Chemical Dice embedding dimension 1236 of 8192 predicted from the SMILES by the distilled Mamba model
feat_1237,float,,Chemical Dice embedding dimension 1237 of 8192 predicted from the SMILES by the distilled Mamba model
feat_1238,float,,Chemical Dice embedding dimension 1238 of 8192 predicted from the SMILES by the distilled Mamba model
feat_1239,float,,Chemical Dice embedding dimension 1239 of 8192 predicted from the SMILES by the distilled Mamba model
feat_1240,float,,Chemical Dice embedding dimension 1240 of 8192 predicted from the SMILES by the distilled Mamba model
feat_1241,float,,Chemical Dice embedding dimension 1241 of 8192 predicted from the SMILES by the distilled Mamba model
feat_1242,float,,Chemical Dice embedding dimension 1242 of 8192 predicted from the SMILES by the distilled Mamba model
feat_1243,float,,Chemical Dice embedding dimension 1243 of 8192 predicted from the SMILES by the distilled Mamba model
feat_1244,float,,Chemical Dice embedding dimension 1244 of 8192 predicted from the SMILES by the distilled Mamba model
feat_1245,float,,Chemical Dice embedding dimension 1245 of 8192 predicted from the SMILES by the distilled Mamba model
feat_1246,float,,Chemical Dice embedding dimension 1246 of 8192 predicted from the SMILES by the distilled Mamba model
feat_1247,float,,Chemical Dice embedding dimension 1247 of 8192 predicted from the SMILES by the distilled Mamba model
feat_1248,float,,Chemical Dice embedding dimension 1248 of 8192 predicted from the SMILES by the distilled Mamba model
feat_1249,float,,Chemical Dice embedding dimension 1249 of 8192 predicted from the SMILES by the distilled Mamba model
feat_1250,float,,Chemical Dice embedding dimension 1250 of 8192 predicted from the SMILES by the distilled Mamba model
feat_1251,float,,Chemical Dice embedding dimension 1251 of 8192 predicted from the SMILES by the distilled Mamba model
feat_1252,float,,Chemical Dice embedding dimension 1252 of 8192 predicted from the SMILES by the distilled Mamba model
feat_1253,float,,Chemical Dice embedding dimension 1253 of 8192 predicted from the SMILES by the distilled Mamba model
feat_1254,float,,Chemical Dice embedding dimension 1254 of 8192 predicted from the SMILES by the distilled Mamba model
feat_1255,float,,Chemical Dice embedding dimension 1255 of 8192 predicted from the SMILES by the distilled Mamba model
feat_1256,float,,Chemical Dice embedding dimension 1256 of 8192 predicted from the SMILES by the distilled Mamba model
feat_1257,float,,Chemical Dice embedding dimension 1257 of 8192 predicted from the SMILES by the distilled Mamba model
feat_1258,float,,Chemical Dice embedding dimension 1258 of 8192 predicted from the SMILES by the distilled Mamba model
feat_1259,float,,Chemical Dice embedding dimension 1259 of 8192 predicted from the SMILES by the distilled Mamba model
feat_1260,float,,Chemical Dice embedding dimension 1260 of 8192 predicted from the SMILES by the distilled Mamba model
feat_1261,float,,Chemical Dice embedding dimension 1261 of 8192 predicted from the SMILES by the distilled Mamba model
feat_1262,float,,Chemical Dice embedding dimension 1262 of 8192 predicted from the SMILES by the distilled Mamba model
feat_1263,float,,Chemical Dice embedding dimension 1263 of 8192 predicted from the SMILES by the distilled Mamba model
feat_1264,float,,Chemical Dice embedding dimension 1264 of 8192 predicted from the SMILES by the distilled Mamba model
feat_1265,float,,Chemical Dice embedding dimension 1265 of 8192 predicted from the SMILES by the distilled Mamba model
feat_1266,float,,Chemical Dice embedding dimension 1266 of 8192 predicted from the SMILES by the distilled Mamba model
feat_1267,float,,Chemical Dice embedding dimension 1267 of 8192 predicted from the SMILES by the distilled Mamba model
feat_1268,float,,Chemical Dice embedding dimension 1268 of 8192 predicted from the SMILES by the distilled Mamba model
feat_1269,float,,Chemical Dice embedding dimension 1269 of 8192 predicted from the SMILES by the distilled Mamba model
feat_1270,float,,Chemical Dice embedding dimension 1270 of 8192 predicted from the SMILES by the distilled Mamba model
feat_1271,float,,Chemical Dice embedding dimension 1271 of 8192 predicted from the SMILES by the distilled Mamba model
feat_1272,float,,Chemical Dice embedding dimension 1272 of 8192 predicted from the SMILES by the distilled Mamba model
feat_1273,float,,Chemical Dice embedding dimension 1273 of 8192 predicted from the SMILES by the distilled Mamba model
feat_1274,float,,Chemical Dice embedding dimension 1274 of 8192 predicted from the SMILES by the distilled Mamba model
feat_1275,float,,Chemical Dice embedding dimension 1275 of 8192 predicted from the SMILES by the distilled Mamba model
feat_1276,float,,Chemical Dice embedding dimension 1276 of 8192 predicted from the SMILES by the distilled Mamba model
feat_1277,float,,Chemical Dice embedding dimension 1277 of 8192 predicted from the SMILES by the distilled Mamba model
feat_1278,float,,Chemical Dice embedding dimension 1278 of 8192 predicted from the SMILES by the distilled Mamba model
feat_1279,float,,Chemical Dice embedding dimension 1279 of 8192 predicted from the SMILES by the distilled Mamba model
feat_1280,float,,Chemical Dice embedding dimension 1280 of 8192 predicted from the SMILES by the distilled Mamba model
feat_1281,float,,Chemical Dice embedding dimension 1281 of 8192 predicted from the SMILES by the distilled Mamba model
feat_1282,float,,Chemical Dice embedding dimension 1282 of 8192 predicted from the SMILES by the distilled Mamba model
feat_1283,float,,Chemical Dice embedding dimension 1283 of 8192 predicted from the SMILES by the distilled Mamba model
feat_1284,float,,Chemical Dice embedding dimension 1284 of 8192 predicted from the SMILES by the distilled Mamba model
feat_1285,float,,Chemical Dice embedding dimension 1285 of 8192 predicted from the SMILES by the distilled Mamba model
feat_1286,float,,Chemical Dice embedding dimension 1286 of 8192 predicted from the SMILES by the distilled Mamba model
feat_1287,float,,Chemical Dice embedding dimension 1287 of 8192 predicted from the SMILES by the distilled Mamba model
feat_1288,float,,Chemical Dice embedding dimension 1288 of 8192 predicted from the SMILES by the distilled Mamba model
feat_1289,float,,Chemical Dice embedding dimension 1289 of 8192 predicted from the SMILES by the distilled Mamba model
feat_1290,float,,Chemical Dice embedding dimension 1290 of 8192 predicted from the SMILES by the distilled Mamba model
feat_1291,float,,Chemical Dice embedding dimension 1291 of 8192 predicted from the SMILES by the distilled Mamba model
feat_1292,float,,Chemical Dice embedding dimension 1292 of 8192 predicted from the SMILES by the distilled Mamba model
feat_1293,float,,Chemical Dice embedding dimension 1293 of 8192 predicted from the SMILES by the distilled Mamba model
feat_1294,float,,Chemical Dice embedding dimension 1294 of 8192 predicted from the SMILES by the distilled Mamba model
feat_1295,float,,Chemical Dice embedding dimension 1295 of 8192 predicted from the SMILES by the distilled Mamba model
feat_1296,float,,Chemical Dice embedding dimension 1296 of 8192 predicted from the SMILES by the distilled Mamba model
feat_1297,float,,Chemical Dice embedding dimension 1297 of 8192 predicted from the SMILES by the distilled Mamba model
feat_1298,float,,Chemical Dice embedding dimension 1298 of 8192 predicted from the SMILES by the distilled Mamba model
feat_1299,float,,Chemical Dice embedding dimension 1299 of 8192 predicted from the SMILES by the distilled Mamba model
feat_1300,float,,Chemical Dice embedding dimension 1300 of 8192 predicted from the SMILES by the distilled Mamba model
feat_1301,float,,Chemical Dice embedding dimension 1301 of 8192 predicted from the SMILES by the distilled Mamba model
feat_1302,float,,Chemical Dice embedding dimension 1302 of 8192 predicted from the SMILES by the distilled Mamba model
feat_1303,float,,Chemical Dice embedding dimension 1303 of 8192 predicted from the SMILES by the distilled Mamba model
feat_1304,float,,Chemical Dice embedding dimension 1304 of 8192 predicted from the SMILES by the distilled Mamba model
feat_1305,float,,Chemical Dice embedding dimension 1305 of 8192 predicted from the SMILES by the distilled Mamba model
feat_1306,float,,Chemical Dice embedding dimension 1306 of 8192 predicted from the SMILES by the distilled Mamba model
feat_1307,float,,Chemical Dice embedding dimension 1307 of 8192 predicted from the SMILES by the distilled Mamba model
feat_1308,float,,Chemical Dice embedding dimension 1308 of 8192 predicted from the SMILES by the distilled Mamba model
feat_1309,float,,Chemical Dice embedding dimension 1309 of 8192 predicted from the SMILES by the distilled Mamba model
feat_1310,float,,Chemical Dice embedding dimension 1310 of 8192 predicted from the SMILES by the distilled Mamba model
feat_1311,float,,Chemical Dice embedding dimension 1311 of 8192 predicted from the SMILES by the distilled Mamba model
feat_1312,float,,Chemical Dice embedding dimension 1312 of 8192 predicted from the SMILES by the distilled Mamba model
feat_1313,float,,Chemical Dice embedding dimension 1313 of 8192 predicted from the SMILES by the distilled Mamba model
feat_1314,float,,Chemical Dice embedding dimension 1314 of 8192 predicted from the SMILES by the distilled Mamba model
feat_1315,float,,Chemical Dice embedding dimension 1315 of 8192 predicted from the SMILES by the distilled Mamba model
feat_1316,float,,Chemical Dice embedding dimension 1316 of 8192 predicted from the SMILES by the distilled Mamba model
feat_1317,float,,Chemical Dice embedding dimension 1317 of 8192 predicted from the SMILES by the distilled Mamba model
feat_1318,float,,Chemical Dice embedding dimension 1318 of 8192 predicted from the SMILES by the distilled Mamba model
feat_1319,float,,Chemical Dice embedding dimension 1319 of 8192 predicted from the SMILES by the distilled Mamba model
feat_1320,float,,Chemical Dice embedding dimension 1320 of 8192 predicted from the SMILES by the distilled Mamba model
feat_1321,float,,Chemical Dice embedding dimension 1321 of 8192 predicted from the SMILES by the distilled Mamba model
feat_1322,float,,Chemical Dice embedding dimension 1322 of 8192 predicted from the SMILES by the distilled Mamba model
feat_1323,float,,Chemical Dice embedding dimension 1323 of 8192 predicted from the SMILES by the distilled Mamba model
feat_1324,float,,Chemical Dice embedding dimension 1324 of 8192 predicted from the SMILES by the distilled Mamba model
feat_1325,float,,Chemical Dice embedding dimension 1325 of 8192 predicted from the SMILES by the distilled Mamba model
feat_1326,float,,Chemical Dice embedding dimension 1326 of 8192 predicted from the SMILES by the distilled Mamba model
feat_1327,float,,Chemical Dice embedding dimension 1327 of 8192 predicted from the SMILES by the distilled Mamba model
feat_1328,float,,Chemical Dice embedding dimension 1328 of 8192 predicted from the SMILES by the distilled Mamba model
feat_1329,float,,Chemical Dice embedding dimension 1329 of 8192 predicted from the SMILES by the distilled Mamba model
feat_1330,float,,Chemical Dice embedding dimension 1330 of 8192 predicted from the SMILES by the distilled Mamba model
feat_1331,float,,Chemical Dice embedding dimension 1331 of 8192 predicted from the SMILES by the distilled Mamba model
feat_1332,float,,Chemical Dice embedding dimension 1332 of 8192 predicted from the SMILES by the distilled Mamba model
feat_1333,float,,Chemical Dice embedding dimension 1333 of 8192 predicted from the SMILES by the distilled Mamba model
feat_1334,float,,Chemical Dice embedding dimension 1334 of 8192 predicted from the SMILES by the distilled Mamba model
feat_1335,float,,Chemical Dice embedding dimension 1335 of 8192 predicted from the SMILES by the distilled Mamba model
feat_1336,float,,Chemical Dice embedding dimension 1336 of 8192 predicted from the SMILES by the distilled Mamba model
feat_1337,float,,Chemical Dice embedding dimension 1337 of 8192 predicted from the SMILES by the distilled Mamba model
feat_1338,float,,Chemical Dice embedding dimension 1338 of 8192 predicted from the SMILES by the distilled Mamba model
feat_1339,float,,Chemical Dice embedding dimension 1339 of 8192 predicted from the SMILES by the distilled Mamba model
feat_1340,float,,Chemical Dice embedding dimension 1340 of 8192 predicted from the SMILES by the distilled Mamba model
feat_1341,float,,Chemical Dice embedding dimension 1341 of 8192 predicted from the SMILES by the distilled Mamba model
feat_1342,float,,Chemical Dice embedding dimension 1342 of 8192 predicted from the SMILES by the distilled Mamba model
feat_1343,float,,Chemical Dice embedding dimension 1343 of 8192 predicted from the SMILES by the distilled Mamba model
feat_1344,float,,Chemical Dice embedding dimension 1344 of 8192 predicted from the SMILES by the distilled Mamba model
feat_1345,float,,Chemical Dice embedding dimension 1345 of 8192 predicted from the SMILES by the distilled Mamba model
feat_1346,float,,Chemical Dice embedding dimension 1346 of 8192 predicted from the SMILES by the distilled Mamba model
feat_1347,float,,Chemical Dice embedding dimension 1347 of 8192 predicted from the SMILES by the distilled Mamba model
feat_1348,float,,Chemical Dice embedding dimension 1348 of 8192 predicted from the SMILES by the distilled Mamba model
feat_1349,float,,Chemical Dice embedding dimension 1349 of 8192 predicted from the SMILES by the distilled Mamba model
feat_1350,float,,Chemical Dice embedding dimension 1350 of 8192 predicted from the SMILES by the distilled Mamba model
feat_1351,float,,Chemical Dice embedding dimension 1351 of 8192 predicted from the SMILES by the distilled Mamba model
feat_1352,float,,Chemical Dice embedding dimension 1352 of 8192 predicted from the SMILES by the distilled Mamba model
feat_1353,float,,Chemical Dice embedding dimension 1353 of 8192 predicted from the SMILES by the distilled Mamba model
feat_1354,float,,Chemical Dice embedding dimension 1354 of 8192 predicted from the SMILES by the distilled Mamba model
feat_1355,float,,Chemical Dice embedding dimension 1355 of 8192 predicted from the SMILES by the distilled Mamba model
feat_1356,float,,Chemical Dice embedding dimension 1356 of 8192 predicted from the SMILES by the distilled Mamba model
feat_1357,float,,Chemical Dice embedding dimension 1357 of 8192 predicted from the SMILES by the distilled Mamba model
feat_1358,float,,Chemical Dice embedding dimension 1358 of 8192 predicted from the SMILES by the distilled Mamba model
feat_1359,float,,Chemical Dice embedding dimension 1359 of 8192 predicted from the SMILES by the distilled Mamba model
feat_1360,float,,Chemical Dice embedding dimension 1360 of 8192 predicted from the SMILES by the distilled Mamba model
feat_1361,float,,Chemical Dice embedding dimension 1361 of 8192 predicted from the SMILES by the distilled Mamba model
feat_1362,float,,Chemical Dice embedding dimension 1362 of 8192 predicted from the SMILES by the distilled Mamba model
feat_1363,float,,Chemical Dice embedding dimension 1363 of 8192 predicted from the SMILES by the distilled Mamba model
feat_1364,float,,Chemical Dice embedding dimension 1364 of 8192 predicted from the SMILES by the distilled Mamba model
feat_1365,float,,Chemical Dice embedding dimension 1365 of 8192 predicted from the SMILES by the distilled Mamba model
feat_1366,float,,Chemical Dice embedding dimension 1366 of 8192 predicted from the SMILES by the distilled Mamba model
feat_1367,float,,Chemical Dice embedding dimension 1367 of 8192 predicted from the SMILES by the distilled Mamba model
feat_1368,float,,Chemical Dice embedding dimension 1368 of 8192 predicted from the SMILES by the distilled Mamba model
feat_1369,float,,Chemical Dice embedding dimension 1369 of 8192 predicted from the SMILES by the distilled Mamba model
feat_1370,float,,Chemical Dice embedding dimension 1370 of 8192 predicted from the SMILES by the distilled Mamba model
feat_1371,float,,Chemical Dice embedding dimension 1371 of 8192 predicted from the SMILES by the distilled Mamba model
feat_1372,float,,Chemical Dice embedding dimension 1372 of 8192 predicted from the SMILES by the distilled Mamba model
feat_1373,float,,Chemical Dice embedding dimension 1373 of 8192 predicted from the SMILES by the distilled Mamba model
feat_1374,float,,Chemical Dice embedding dimension 1374 of 8192 predicted from the SMILES by the distilled Mamba model
feat_1375,float,,Chemical Dice embedding dimension 1375 of 8192 predicted from the SMILES by the distilled Mamba model
feat_1376,float,,Chemical Dice embedding dimension 1376 of 8192 predicted from the SMILES by the distilled Mamba model
feat_1377,float,,Chemical Dice embedding dimension 1377 of 8192 predicted from the SMILES by the distilled Mamba model
feat_1378,float,,Chemical Dice embedding dimension 1378 of 8192 predicted from the SMILES by the distilled Mamba model
feat_1379,float,,Chemical Dice embedding dimension 1379 of 8192 predicted from the SMILES by the distilled Mamba model
feat_1380,float,,Chemical Dice embedding dimension 1380 of 8192 predicted from the SMILES by the distilled Mamba model
feat_1381,float,,Chemical Dice embedding dimension 1381 of 8192 predicted from the SMILES by the distilled Mamba model
feat_1382,float,,Chemical Dice embedding dimension 1382 of 8192 predicted from the SMILES by the distilled Mamba model
feat_1383,float,,Chemical Dice embedding dimension 1383 of 8192 predicted from the SMILES by the distilled Mamba model
feat_1384,float,,Chemical Dice embedding dimension 1384 of 8192 predicted from the SMILES by the distilled Mamba model
feat_1385,float,,Chemical Dice embedding dimension 1385 of 8192 predicted from the SMILES by the distilled Mamba model
feat_1386,float,,Chemical Dice embedding dimension 1386 of 8192 predicted from the SMILES by the distilled Mamba model
feat_1387,float,,Chemical Dice embedding dimension 1387 of 8192 predicted from the SMILES by the distilled Mamba model
feat_1388,float,,Chemical Dice embedding dimension 1388 of 8192 predicted from the SMILES by the distilled Mamba model
feat_1389,float,,Chemical Dice embedding dimension 1389 of 8192 predicted from the SMILES by the distilled Mamba model
feat_1390,float,,Chemical Dice embedding dimension 1390 of 8192 predicted from the SMILES by the distilled Mamba model
feat_1391,float,,Chemical Dice embedding dimension 1391 of 8192 predicted from the SMILES by the distilled Mamba model
feat_1392,float,,Chemical Dice embedding dimension 1392 of 8192 predicted from the SMILES by the distilled Mamba model
feat_1393,float,,Chemical Dice embedding dimension 1393 of 8192 predicted from the SMILES by the distilled Mamba model
feat_1394,float,,Chemical Dice embedding dimension 1394 of 8192 predicted from the SMILES by the distilled Mamba model
feat_1395,float,,Chemical Dice embedding dimension 1395 of 8192 predicted from the SMILES by the distilled Mamba model
feat_1396,float,,Chemical Dice embedding dimension 1396 of 8192 predicted from the SMILES by the distilled Mamba model
feat_1397,float,,Chemical Dice embedding dimension 1397 of 8192 predicted from the SMILES by the distilled Mamba model
feat_1398,float,,Chemical Dice embedding dimension 1398 of 8192 predicted from the SMILES by the distilled Mamba model
feat_1399,float,,Chemical Dice embedding dimension 1399 of 8192 predicted from the SMILES by the distilled Mamba model
feat_1400,float,,Chemical Dice embedding dimension 1400 of 8192 predicted from the SMILES by the distilled Mamba model
feat_1401,float,,Chemical Dice embedding dimension 1401 of 8192 predicted from the SMILES by the distilled Mamba model
feat_1402,float,,Chemical Dice embedding dimension 1402 of 8192 predicted from the SMILES by the distilled Mamba model
feat_1403,float,,Chemical Dice embedding dimension 1403 of 8192 predicted from the SMILES by the distilled Mamba model
feat_1404,float,,Chemical Dice embedding dimension 1404 of 8192 predicted from the SMILES by the distilled Mamba model
feat_1405,float,,Chemical Dice embedding dimension 1405 of 8192 predicted from the SMILES by the distilled Mamba model
feat_1406,float,,Chemical Dice embedding dimension 1406 of 8192 predicted from the SMILES by the distilled Mamba model
feat_1407,float,,Chemical Dice embedding dimension 1407 of 8192 predicted from the SMILES by the distilled Mamba model
feat_1408,float,,Chemical Dice embedding dimension 1408 of 8192 predicted from the SMILES by the distilled Mamba model
feat_1409,float,,Chemical Dice embedding dimension 1409 of 8192 predicted from the SMILES by the distilled Mamba model
feat_1410,float,,Chemical Dice embedding dimension 1410 of 8192 predicted from the SMILES by the distilled Mamba model
feat_1411,float,,Chemical Dice embedding dimension 1411 of 8192 predicted from the SMILES by the distilled Mamba model
feat_1412,float,,Chemical Dice embedding dimension 1412 of 8192 predicted from the SMILES by the distilled Mamba model
feat_1413,float,,Chemical Dice embedding dimension 1413 of 8192 predicted from the SMILES by the distilled Mamba model
feat_1414,float,,Chemical Dice embedding dimension 1414 of 8192 predicted from the SMILES by the distilled Mamba model
feat_1415,float,,Chemical Dice embedding dimension 1415 of 8192 predicted from the SMILES by the distilled Mamba model
feat_1416,float,,Chemical Dice embedding dimension 1416 of 8192 predicted from the SMILES by the distilled Mamba model
feat_1417,float,,Chemical Dice embedding dimension 1417 of 8192 predicted from the SMILES by the distilled Mamba model
feat_1418,float,,Chemical Dice embedding dimension 1418 of 8192 predicted from the SMILES by the distilled Mamba model
feat_1419,float,,Chemical Dice embedding dimension 1419 of 8192 predicted from the SMILES by the distilled Mamba model
feat_1420,float,,Chemical Dice embedding dimension 1420 of 8192 predicted from the SMILES by the distilled Mamba model
feat_1421,float,,Chemical Dice embedding dimension 1421 of 8192 predicted from the SMILES by the distilled Mamba model
feat_1422,float,,Chemical Dice embedding dimension 1422 of 8192 predicted from the SMILES by the distilled Mamba model
feat_1423,float,,Chemical Dice embedding dimension 1423 of 8192 predicted from the SMILES by the distilled Mamba model
feat_1424,float,,Chemical Dice embedding dimension 1424 of 8192 predicted from the SMILES by the distilled Mamba model
feat_1425,float,,Chemical Dice embedding dimension 1425 of 8192 predicted from the SMILES by the distilled Mamba model
feat_1426,float,,Chemical Dice embedding dimension 1426 of 8192 predicted from the SMILES by the distilled Mamba model
feat_1427,float,,Chemical Dice embedding dimension 1427 of 8192 predicted from the SMILES by the distilled Mamba model
feat_1428,float,,Chemical Dice embedding dimension 1428 of 8192 predicted from the SMILES by the distilled Mamba model
feat_1429,float,,Chemical Dice embedding dimension 1429 of 8192 predicted from the SMILES by the distilled Mamba model
feat_1430,float,,Chemical Dice embedding dimension 1430 of 8192 predicted from the SMILES by the distilled Mamba model
feat_1431,float,,Chemical Dice embedding dimension 1431 of 8192 predicted from the SMILES by the distilled Mamba model
feat_1432,float,,Chemical Dice embedding dimension 1432 of 8192 predicted from the SMILES by the distilled Mamba model
feat_1433,float,,Chemical Dice embedding dimension 1433 of 8192 predicted from the SMILES by the distilled Mamba model
feat_1434,float,,Chemical Dice embedding dimension 1434 of 8192 predicted from the SMILES by the distilled Mamba model
feat_1435,float,,Chemical Dice embedding dimension 1435 of 8192 predicted from the SMILES by the distilled Mamba model
feat_1436,float,,Chemical Dice embedding dimension 1436 of 8192 predicted from the SMILES by the distilled Mamba model
feat_1437,float,,Chemical Dice embedding dimension 1437 of 8192 predicted from the SMILES by the distilled Mamba model
feat_1438,float,,Chemical Dice embedding dimension 1438 of 8192 predicted from the SMILES by the distilled Mamba model
feat_1439,float,,Chemical Dice embedding dimension 1439 of 8192 predicted from the SMILES by the distilled Mamba model
feat_1440,float,,Chemical Dice embedding dimension 1440 of 8192 predicted from the SMILES by the distilled Mamba model
feat_1441,float,,Chemical Dice embedding dimension 1441 of 8192 predicted from the SMILES by the distilled Mamba model
feat_1442,float,,Chemical Dice embedding dimension 1442 of 8192 predicted from the SMILES by the distilled Mamba model
feat_1443,float,,Chemical Dice embedding dimension 1443 of 8192 predicted from the SMILES by the distilled Mamba model
feat_1444,float,,Chemical Dice embedding dimension 1444 of 8192 predicted from the SMILES by the distilled Mamba model
feat_1445,float,,Chemical Dice embedding dimension 1445 of 8192 predicted from the SMILES by the distilled Mamba model
feat_1446,float,,Chemical Dice embedding dimension 1446 of 8192 predicted from the SMILES by the distilled Mamba model
feat_1447,float,,Chemical Dice embedding dimension 1447 of 8192 predicted from the SMILES by the distilled Mamba model
feat_1448,float,,Chemical Dice embedding dimension 1448 of 8192 predicted from the SMILES by the distilled Mamba model
feat_1449,float,,Chemical Dice embedding dimension 1449 of 8192 predicted from the SMILES by the distilled Mamba model
feat_1450,float,,Chemical Dice embedding dimension 1450 of 8192 predicted from the SMILES by the distilled Mamba model
feat_1451,float,,Chemical Dice embedding dimension 1451 of 8192 predicted from the SMILES by the distilled Mamba model
feat_1452,float,,Chemical Dice embedding dimension 1452 of 8192 predicted from the SMILES by the distilled Mamba model
feat_1453,float,,Chemical Dice embedding dimension 1453 of 8192 predicted from the SMILES by the distilled Mamba model
feat_1454,float,,Chemical Dice embedding dimension 1454 of 8192 predicted from the SMILES by the distilled Mamba model
feat_1455,float,,Chemical Dice embedding dimension 1455 of 8192 predicted from the SMILES by the distilled Mamba model
feat_1456,float,,Chemical Dice embedding dimension 1456 of 8192 predicted from the SMILES by the distilled Mamba model
feat_1457,float,,Chemical Dice embedding dimension 1457 of 8192 predicted from the SMILES by the distilled Mamba model
feat_1458,float,,Chemical Dice embedding dimension 1458 of 8192 predicted from the SMILES by the distilled Mamba model
feat_1459,float,,Chemical Dice embedding dimension 1459 of 8192 predicted from the SMILES by the distilled Mamba model
feat_1460,float,,Chemical Dice embedding dimension 1460 of 8192 predicted from the SMILES by the distilled Mamba model
feat_1461,float,,Chemical Dice embedding dimension 1461 of 8192 predicted from the SMILES by the distilled Mamba model
feat_1462,float,,Chemical Dice embedding dimension 1462 of 8192 predicted from the SMILES by the distilled Mamba model
feat_1463,float,,Chemical Dice embedding dimension 1463 of 8192 predicted from the SMILES by the distilled Mamba model
feat_1464,float,,Chemical Dice embedding dimension 1464 of 8192 predicted from the SMILES by the distilled Mamba model
feat_1465,float,,Chemical Dice embedding dimension 1465 of 8192 predicted from the SMILES by the distilled Mamba model
feat_1466,float,,Chemical Dice embedding dimension 1466 of 8192 predicted from the SMILES by the distilled Mamba model
feat_1467,float,,Chemical Dice embedding dimension 1467 of 8192 predicted from the SMILES by the distilled Mamba model
feat_1468,float,,Chemical Dice embedding dimension 1468 of 8192 predicted from the SMILES by the distilled Mamba model
feat_1469,float,,Chemical Dice embedding dimension 1469 of 8192 predicted from the SMILES by the distilled Mamba model
feat_1470,float,,Chemical Dice embedding dimension 1470 of 8192 predicted from the SMILES by the distilled Mamba model
feat_1471,float,,Chemical Dice embedding dimension 1471 of 8192 predicted from the SMILES by the distilled Mamba model
feat_1472,float,,Chemical Dice embedding dimension 1472 of 8192 predicted from the SMILES by the distilled Mamba model
feat_1473,float,,Chemical Dice embedding dimension 1473 of 8192 predicted from the SMILES by the distilled Mamba model
feat_1474,float,,Chemical Dice embedding dimension 1474 of 8192 predicted from the SMILES by the distilled Mamba model
feat_1475,float,,Chemical Dice embedding dimension 1475 of 8192 predicted from the SMILES by the distilled Mamba model
feat_1476,float,,Chemical Dice embedding dimension 1476 of 8192 predicted from the SMILES by the distilled Mamba model
feat_1477,float,,Chemical Dice embedding dimension 1477 of 8192 predicted from the SMILES by the distilled Mamba model
feat_1478,float,,Chemical Dice embedding dimension 1478 of 8192 predicted from the SMILES by the distilled Mamba model
feat_1479,float,,Chemical Dice embedding dimension 1479 of 8192 predicted from the SMILES by the distilled Mamba model
feat_1480,float,,Chemical Dice embedding dimension 1480 of 8192 predicted from the SMILES by the distilled Mamba model
feat_1481,float,,Chemical Dice embedding dimension 1481 of 8192 predicted from the SMILES by the distilled Mamba model
feat_1482,float,,Chemical Dice embedding dimension 1482 of 8192 predicted from the SMILES by the distilled Mamba model
feat_1483,float,,Chemical Dice embedding dimension 1483 of 8192 predicted from the SMILES by the distilled Mamba model
feat_1484,float,,Chemical Dice embedding dimension 1484 of 8192 predicted from the SMILES by the distilled Mamba model
feat_1485,float,,Chemical Dice embedding dimension 1485 of 8192 predicted from the SMILES by the distilled Mamba model
feat_1486,float,,Chemical Dice embedding dimension 1486 of 8192 predicted from the SMILES by the distilled Mamba model
feat_1487,float,,Chemical Dice embedding dimension 1487 of 8192 predicted from the SMILES by the distilled Mamba model
feat_1488,float,,Chemical Dice embedding dimension 1488 of 8192 predicted from the SMILES by the distilled Mamba model
feat_1489,float,,Chemical Dice embedding dimension 1489 of 8192 predicted from the SMILES by the distilled Mamba model
feat_1490,float,,Chemical Dice embedding dimension 1490 of 8192 predicted from the SMILES by the distilled Mamba model
feat_1491,float,,Chemical Dice embedding dimension 1491 of 8192 predicted from the SMILES by the distilled Mamba model
feat_1492,float,,Chemical Dice embedding dimension 1492 of 8192 predicted from the SMILES by the distilled Mamba model
feat_1493,float,,Chemical Dice embedding dimension 1493 of 8192 predicted from the SMILES by the distilled Mamba model
feat_1494,float,,Chemical Dice embedding dimension 1494 of 8192 predicted from the SMILES by the distilled Mamba model
feat_1495,float,,Chemical Dice embedding dimension 1495 of 8192 predicted from the SMILES by the distilled Mamba model
feat_1496,float,,Chemical Dice embedding dimension 1496 of 8192 predicted from the SMILES by the distilled Mamba model
feat_1497,float,,Chemical Dice embedding dimension 1497 of 8192 predicted from the SMILES by the distilled Mamba model
feat_1498,float,,Chemical Dice embedding dimension 1498 of 8192 predicted from the SMILES by the distilled Mamba model
feat_1499,float,,Chemical Dice embedding dimension 1499 of 8192 predicted from the SMILES by the distilled Mamba model
feat_1500,float,,Chemical Dice embedding dimension 1500 of 8192 predicted from the SMILES by the distilled Mamba model
feat_1501,float,,Chemical Dice embedding dimension 1501 of 8192 predicted from the SMILES by the distilled Mamba model
feat_1502,float,,Chemical Dice embedding dimension 1502 of 8192 predicted from the SMILES by the distilled Mamba model
feat_1503,float,,Chemical Dice embedding dimension 1503 of 8192 predicted from the SMILES by the distilled Mamba model
feat_1504,float,,Chemical Dice embedding dimension 1504 of 8192 predicted from the SMILES by the distilled Mamba model
feat_1505,float,,Chemical Dice embedding dimension 1505 of 8192 predicted from the SMILES by the distilled Mamba model
feat_1506,float,,Chemical Dice embedding dimension 1506 of 8192 predicted from the SMILES by the distilled Mamba model
feat_1507,float,,Chemical Dice embedding dimension 1507 of 8192 predicted from the SMILES by the distilled Mamba model
feat_1508,float,,Chemical Dice embedding dimension 1508 of 8192 predicted from the SMILES by the distilled Mamba model
feat_1509,float,,Chemical Dice embedding dimension 1509 of 8192 predicted from the SMILES by the distilled Mamba model
feat_1510,float,,Chemical Dice embedding dimension 1510 of 8192 predicted from the SMILES by the distilled Mamba model
feat_1511,float,,Chemical Dice embedding dimension 1511 of 8192 predicted from the SMILES by the distilled Mamba model
feat_1512,float,,Chemical Dice embedding dimension 1512 of 8192 predicted from the SMILES by the distilled Mamba model
feat_1513,float,,Chemical Dice embedding dimension 1513 of 8192 predicted from the SMILES by the distilled Mamba model
feat_1514,float,,Chemical Dice embedding dimension 1514 of 8192 predicted from the SMILES by the distilled Mamba model
feat_1515,float,,Chemical Dice embedding dimension 1515 of 8192 predicted from the SMILES by the distilled Mamba model
feat_1516,float,,Chemical Dice embedding dimension 1516 of 8192 predicted from the SMILES by the distilled Mamba model
feat_1517,float,,Chemical Dice embedding dimension 1517 of 8192 predicted from the SMILES by the distilled Mamba model
feat_1518,float,,Chemical Dice embedding dimension 1518 of 8192 predicted from the SMILES by the distilled Mamba model
feat_1519,float,,Chemical Dice embedding dimension 1519 of 8192 predicted from the SMILES by the distilled Mamba model
feat_1520,float,,Chemical Dice embedding dimension 1520 of 8192 predicted from the SMILES by the distilled Mamba model
feat_1521,float,,Chemical Dice embedding dimension 1521 of 8192 predicted from the SMILES by the distilled Mamba model
feat_1522,float,,Chemical Dice embedding dimension 1522 of 8192 predicted from the SMILES by the distilled Mamba model
feat_1523,float,,Chemical Dice embedding dimension 1523 of 8192 predicted from the SMILES by the distilled Mamba model
feat_1524,float,,Chemical Dice embedding dimension 1524 of 8192 predicted from the SMILES by the distilled Mamba model
feat_1525,float,,Chemical Dice embedding dimension 1525 of 8192 predicted from the SMILES by the distilled Mamba model
feat_1526,float,,Chemical Dice embedding dimension 1526 of 8192 predicted from the SMILES by the distilled Mamba model
feat_1527,float,,Chemical Dice embedding dimension 1527 of 8192 predicted from the SMILES by the distilled Mamba model
feat_1528,float,,Chemical Dice embedding dimension 1528 of 8192 predicted from the SMILES by the distilled Mamba model
feat_1529,float,,Chemical Dice embedding dimension 1529 of 8192 predicted from the SMILES by the distilled Mamba model
feat_1530,float,,Chemical Dice embedding dimension 1530 of 8192 predicted from the SMILES by the distilled Mamba model
feat_1531,float,,Chemical Dice embedding dimension 1531 of 8192 predicted from the SMILES by the distilled Mamba model
feat_1532,float,,Chemical Dice embedding dimension 1532 of 8192 predicted from the SMILES by the distilled Mamba model
feat_1533,float,,Chemical Dice embedding dimension 1533 of 8192 predicted from the SMILES by the distilled Mamba model
feat_1534,float,,Chemical Dice embedding dimension 1534 of 8192 predicted from the SMILES by the distilled Mamba model
feat_1535,float,,Chemical Dice embedding dimension 1535 of 8192 predicted from the SMILES by the distilled Mamba model
feat_1536,float,,Chemical Dice embedding dimension 1536 of 8192 predicted from the SMILES by the distilled Mamba model
feat_1537,float,,Chemical Dice embedding dimension 1537 of 8192 predicted from the SMILES by the distilled Mamba model
feat_1538,float,,Chemical Dice embedding dimension 1538 of 8192 predicted from the SMILES by the distilled Mamba model
feat_1539,float,,Chemical Dice embedding dimension 1539 of 8192 predicted from the SMILES by the distilled Mamba model
feat_1540,float,,Chemical Dice embedding dimension 1540 of 8192 predicted from the SMILES by the distilled Mamba model
feat_1541,float,,Chemical Dice embedding dimension 1541 of 8192 predicted from the SMILES by the distilled Mamba model
feat_1542,float,,Chemical Dice embedding dimension 1542 of 8192 predicted from the SMILES by the distilled Mamba model
feat_1543,float,,Chemical Dice embedding dimension 1543 of 8192 predicted from the SMILES by the distilled Mamba model
feat_1544,float,,Chemical Dice embedding dimension 1544 of 8192 predicted from the SMILES by the distilled Mamba model
feat_1545,float,,Chemical Dice embedding dimension 1545 of 8192 predicted from the SMILES by the distilled Mamba model
feat_1546,float,,Chemical Dice embedding dimension 1546 of 8192 predicted from the SMILES by the distilled Mamba model
feat_1547,float,,Chemical Dice embedding dimension 1547 of 8192 predicted from the SMILES by the distilled Mamba model
feat_1548,float,,Chemical Dice embedding dimension 1548 of 8192 predicted from the SMILES by the distilled Mamba model
feat_1549,float,,Chemical Dice embedding dimension 1549 of 8192 predicted from the SMILES by the distilled Mamba model
feat_1550,float,,Chemical Dice embedding dimension 1550 of 8192 predicted from the SMILES by the distilled Mamba model
feat_1551,float,,Chemical Dice embedding dimension 1551 of 8192 predicted from the SMILES by the distilled Mamba model
feat_1552,float,,Chemical Dice embedding dimension 1552 of 8192 predicted from the SMILES by the distilled Mamba model
feat_1553,float,,Chemical Dice embedding dimension 1553 of 8192 predicted from the SMILES by the distilled Mamba model
feat_1554,float,,Chemical Dice embedding dimension 1554 of 8192 predicted from the SMILES by the distilled Mamba model
feat_1555,float,,Chemical Dice embedding dimension 1555 of 8192 predicted from the SMILES by the distilled Mamba model
feat_1556,float,,Chemical Dice embedding dimension 1556 of 8192 predicted from the SMILES by the distilled Mamba model
feat_1557,float,,Chemical Dice embedding dimension 1557 of 8192 predicted from the SMILES by the distilled Mamba model
feat_1558,float,,Chemical Dice embedding dimension 1558 of 8192 predicted from the SMILES by the distilled Mamba model
feat_1559,float,,Chemical Dice embedding dimension 1559 of 8192 predicted from the SMILES by the distilled Mamba model
feat_1560,float,,Chemical Dice embedding dimension 1560 of 8192 predicted from the SMILES by the distilled Mamba model
feat_1561,float,,Chemical Dice embedding dimension 1561 of 8192 predicted from the SMILES by the distilled Mamba model
feat_1562,float,,Chemical Dice embedding dimension 1562 of 8192 predicted from the SMILES by the distilled Mamba model
feat_1563,float,,Chemical Dice embedding dimension 1563 of 8192 predicted from the SMILES by the distilled Mamba model
feat_1564,float,,Chemical Dice embedding dimension 1564 of 8192 predicted from the SMILES by the distilled Mamba model
feat_1565,float,,Chemical Dice embedding dimension 1565 of 8192 predicted from the SMILES by the distilled Mamba model
feat_1566,float,,Chemical Dice embedding dimension 1566 of 8192 predicted from the SMILES by the distilled Mamba model
feat_1567,float,,Chemical Dice embedding dimension 1567 of 8192 predicted from the SMILES by the distilled Mamba model
feat_1568,float,,Chemical Dice embedding dimension 1568 of 8192 predicted from the SMILES by the distilled Mamba model
feat_1569,float,,Chemical Dice embedding dimension 1569 of 8192 predicted from the SMILES by the distilled Mamba model
feat_1570,float,,Chemical Dice embedding dimension 1570 of 8192 predicted from the SMILES by the distilled Mamba model
feat_1571,float,,Chemical Dice embedding dimension 1571 of 8192 predicted from the SMILES by the distilled Mamba model
feat_1572,float,,Chemical Dice embedding dimension 1572 of 8192 predicted from the SMILES by the distilled Mamba model
feat_1573,float,,Chemical Dice embedding dimension 1573 of 8192 predicted from the SMILES by the distilled Mamba model
feat_1574,float,,Chemical Dice embedding dimension 1574 of 8192 predicted from the SMILES by the distilled Mamba model
feat_1575,float,,Chemical Dice embedding dimension 1575 of 8192 predicted from the SMILES by the distilled Mamba model
feat_1576,float,,Chemical Dice embedding dimension 1576 of 8192 predicted from the SMILES by the distilled Mamba model
feat_1577,float,,Chemical Dice embedding dimension 1577 of 8192 predicted from the SMILES by the distilled Mamba model
feat_1578,float,,Chemical Dice embedding dimension 1578 of 8192 predicted from the SMILES by the distilled Mamba model
feat_1579,float,,Chemical Dice embedding dimension 1579 of 8192 predicted from the SMILES by the distilled Mamba model
feat_1580,float,,Chemical Dice embedding dimension 1580 of 8192 predicted from the SMILES by the distilled Mamba model
feat_1581,float,,Chemical Dice embedding dimension 1581 of 8192 predicted from the SMILES by the distilled Mamba model
feat_1582,float,,Chemical Dice embedding dimension 1582 of 8192 predicted from the SMILES by the distilled Mamba model
feat_1583,float,,Chemical Dice embedding dimension 1583 of 8192 predicted from the SMILES by the distilled Mamba model
feat_1584,float,,Chemical Dice embedding dimension 1584 of 8192 predicted from the SMILES by the distilled Mamba model
feat_1585,float,,Chemical Dice embedding dimension 1585 of 8192 predicted from the SMILES by the distilled Mamba model
feat_1586,float,,Chemical Dice embedding dimension 1586 of 8192 predicted from the SMILES by the distilled Mamba model
feat_1587,float,,Chemical Dice embedding dimension 1587 of 8192 predicted from the SMILES by the distilled Mamba model
feat_1588,float,,Chemical Dice embedding dimension 1588 of 8192 predicted from the SMILES by the distilled Mamba model
feat_1589,float,,Chemical Dice embedding dimension 1589 of 8192 predicted from the SMILES by the distilled Mamba model
feat_1590,float,,Chemical Dice embedding dimension 1590 of 8192 predicted from the SMILES by the distilled Mamba model
feat_1591,float,,Chemical Dice embedding dimension 1591 of 8192 predicted from the SMILES by the distilled Mamba model
feat_1592,float,,Chemical Dice embedding dimension 1592 of 8192 predicted from the SMILES by the distilled Mamba model
feat_1593,float,,Chemical Dice embedding dimension 1593 of 8192 predicted from the SMILES by the distilled Mamba model
feat_1594,float,,Chemical Dice embedding dimension 1594 of 8192 predicted from the SMILES by the distilled Mamba model
feat_1595,float,,Chemical Dice embedding dimension 1595 of 8192 predicted from the SMILES by the distilled Mamba model
feat_1596,float,,Chemical Dice embedding dimension 1596 of 8192 predicted from the SMILES by the distilled Mamba model
feat_1597,float,,Chemical Dice embedding dimension 1597 of 8192 predicted from the SMILES by the distilled Mamba model
feat_1598,float,,Chemical Dice embedding dimension 1598 of 8192 predicted from the SMILES by the distilled Mamba model
feat_1599,float,,Chemical Dice embedding dimension 1599 of 8192 predicted from the SMILES by the distilled Mamba model
feat_1600,float,,Chemical Dice embedding dimension 1600 of 8192 predicted from the SMILES by the distilled Mamba model
feat_1601,float,,Chemical Dice embedding dimension 1601 of 8192 predicted from the SMILES by the distilled Mamba model
feat_1602,float,,Chemical Dice embedding dimension 1602 of 8192 predicted from the SMILES by the distilled Mamba model
feat_1603,float,,Chemical Dice embedding dimension 1603 of 8192 predicted from the SMILES by the distilled Mamba model
feat_1604,float,,Chemical Dice embedding dimension 1604 of 8192 predicted from the SMILES by the distilled Mamba model
feat_1605,float,,Chemical Dice embedding dimension 1605 of 8192 predicted from the SMILES by the distilled Mamba model
feat_1606,float,,Chemical Dice embedding dimension 1606 of 8192 predicted from the SMILES by the distilled Mamba model
feat_1607,float,,Chemical Dice embedding dimension 1607 of 8192 predicted from the SMILES by the distilled Mamba model
feat_1608,float,,Chemical Dice embedding dimension 1608 of 8192 predicted from the SMILES by the distilled Mamba model
feat_1609,float,,Chemical Dice embedding dimension 1609 of 8192 predicted from the SMILES by the distilled Mamba model
feat_1610,float,,Chemical Dice embedding dimension 1610 of 8192 predicted from the SMILES by the distilled Mamba model
feat_1611,float,,Chemical Dice embedding dimension 1611 of 8192 predicted from the SMILES by the distilled Mamba model
feat_1612,float,,Chemical Dice embedding dimension 1612 of 8192 predicted from the SMILES by the distilled Mamba model
feat_1613,float,,Chemical Dice embedding dimension 1613 of 8192 predicted from the SMILES by the distilled Mamba model
feat_1614,float,,Chemical Dice embedding dimension 1614 of 8192 predicted from the SMILES by the distilled Mamba model
feat_1615,float,,Chemical Dice embedding dimension 1615 of 8192 predicted from the SMILES by the distilled Mamba model
feat_1616,float,,Chemical Dice embedding dimension 1616 of 8192 predicted from the SMILES by the distilled Mamba model
feat_1617,float,,Chemical Dice embedding dimension 1617 of 8192 predicted from the SMILES by the distilled Mamba model
feat_1618,float,,Chemical Dice embedding dimension 1618 of 8192 predicted from the SMILES by the distilled Mamba model
feat_1619,float,,Chemical Dice embedding dimension 1619 of 8192 predicted from the SMILES by the distilled Mamba model
feat_1620,float,,Chemical Dice embedding dimension 1620 of 8192 predicted from the SMILES by the distilled Mamba model
feat_1621,float,,Chemical Dice embedding dimension 1621 of 8192 predicted from the SMILES by the distilled Mamba model
feat_1622,float,,Chemical Dice embedding dimension 1622 of 8192 predicted from the SMILES by the distilled Mamba model
feat_1623,float,,Chemical Dice embedding dimension 1623 of 8192 predicted from the SMILES by the distilled Mamba model
feat_1624,float,,Chemical Dice embedding dimension 1624 of 8192 predicted from the SMILES by the distilled Mamba model
feat_1625,float,,Chemical Dice embedding dimension 1625 of 8192 predicted from the SMILES by the distilled Mamba model
feat_1626,float,,Chemical Dice embedding dimension 1626 of 8192 predicted from the SMILES by the distilled Mamba model
feat_1627,float,,Chemical Dice embedding dimension 1627 of 8192 predicted from the SMILES by the distilled Mamba model
feat_1628,float,,Chemical Dice embedding dimension 1628 of 8192 predicted from the SMILES by the distilled Mamba model
feat_1629,float,,Chemical Dice embedding dimension 1629 of 8192 predicted from the SMILES by the distilled Mamba model
feat_1630,float,,Chemical Dice embedding dimension 1630 of 8192 predicted from the SMILES by the distilled Mamba model
feat_1631,float,,Chemical Dice embedding dimension 1631 of 8192 predicted from the SMILES by the distilled Mamba model
feat_1632,float,,Chemical Dice embedding dimension 1632 of 8192 predicted from the SMILES by the distilled Mamba model
feat_1633,float,,Chemical Dice embedding dimension 1633 of 8192 predicted from the SMILES by the distilled Mamba model
feat_1634,float,,Chemical Dice embedding dimension 1634 of 8192 predicted from the SMILES by the distilled Mamba model
feat_1635,float,,Chemical Dice embedding dimension 1635 of 8192 predicted from the SMILES by the distilled Mamba model
feat_1636,float,,Chemical Dice embedding dimension 1636 of 8192 predicted from the SMILES by the distilled Mamba model
feat_1637,float,,Chemical Dice embedding dimension 1637 of 8192 predicted from the SMILES by the distilled Mamba model
feat_1638,float,,Chemical Dice embedding dimension 1638 of 8192 predicted from the SMILES by the distilled Mamba model
feat_1639,float,,Chemical Dice embedding dimension 1639 of 8192 predicted from the SMILES by the distilled Mamba model
feat_1640,float,,Chemical Dice embedding dimension 1640 of 8192 predicted from the SMILES by the distilled Mamba model
feat_1641,float,,Chemical Dice embedding dimension 1641 of 8192 predicted from the SMILES by the distilled Mamba model
feat_1642,float,,Chemical Dice embedding dimension 1642 of 8192 predicted from the SMILES by the distilled Mamba model
feat_1643,float,,Chemical Dice embedding dimension 1643 of 8192 predicted from the SMILES by the distilled Mamba model
feat_1644,float,,Chemical Dice embedding dimension 1644 of 8192 predicted from the SMILES by the distilled Mamba model
feat_1645,float,,Chemical Dice embedding dimension 1645 of 8192 predicted from the SMILES by the distilled Mamba model
feat_1646,float,,Chemical Dice embedding dimension 1646 of 8192 predicted from the SMILES by the distilled Mamba model
feat_1647,float,,Chemical Dice embedding dimension 1647 of 8192 predicted from the SMILES by the distilled Mamba model
feat_1648,float,,Chemical Dice embedding dimension 1648 of 8192 predicted from the SMILES by the distilled Mamba model
feat_1649,float,,Chemical Dice embedding dimension 1649 of 8192 predicted from the SMILES by the distilled Mamba model
feat_1650,float,,Chemical Dice embedding dimension 1650 of 8192 predicted from the SMILES by the distilled Mamba model
feat_1651,float,,Chemical Dice embedding dimension 1651 of 8192 predicted from the SMILES by the distilled Mamba model
feat_1652,float,,Chemical Dice embedding dimension 1652 of 8192 predicted from the SMILES by the distilled Mamba model
feat_1653,float,,Chemical Dice embedding dimension 1653 of 8192 predicted from the SMILES by the distilled Mamba model
feat_1654,float,,Chemical Dice embedding dimension 1654 of 8192 predicted from the SMILES by the distilled Mamba model
feat_1655,float,,Chemical Dice embedding dimension 1655 of 8192 predicted from the SMILES by the distilled Mamba model
feat_1656,float,,Chemical Dice embedding dimension 1656 of 8192 predicted from the SMILES by the distilled Mamba model
feat_1657,float,,Chemical Dice embedding dimension 1657 of 8192 predicted from the SMILES by the distilled Mamba model
feat_1658,float,,Chemical Dice embedding dimension 1658 of 8192 predicted from the SMILES by the distilled Mamba model
feat_1659,float,,Chemical Dice embedding dimension 1659 of 8192 predicted from the SMILES by the distilled Mamba model
feat_1660,float,,Chemical Dice embedding dimension 1660 of 8192 predicted from the SMILES by the distilled Mamba model
feat_1661,float,,Chemical Dice embedding dimension 1661 of 8192 predicted from the SMILES by the distilled Mamba model
feat_1662,float,,Chemical Dice embedding dimension 1662 of 8192 predicted from the SMILES by the distilled Mamba model
feat_1663,float,,Chemical Dice embedding dimension 1663 of 8192 predicted from the SMILES by the distilled Mamba model
feat_1664,float,,Chemical Dice embedding dimension 1664 of 8192 predicted from the SMILES by the distilled Mamba model
feat_1665,float,,Chemical Dice embedding dimension 1665 of 8192 predicted from the SMILES by the distilled Mamba model
feat_1666,float,,Chemical Dice embedding dimension 1666 of 8192 predicted from the SMILES by the distilled Mamba model
feat_1667,float,,Chemical Dice embedding dimension 1667 of 8192 predicted from the SMILES by the distilled Mamba model
feat_1668,float,,Chemical Dice embedding dimension 1668 of 8192 predicted from the SMILES by the distilled Mamba model
feat_1669,float,,Chemical Dice embedding dimension 1669 of 8192 predicted from the SMILES by the distilled Mamba model
feat_1670,float,,Chemical Dice embedding dimension 1670 of 8192 predicted from the SMILES by the distilled Mamba model
feat_1671,float,,Chemical Dice embedding dimension 1671 of 8192 predicted from the SMILES by the distilled Mamba model
feat_1672,float,,Chemical Dice embedding dimension 1672 of 8192 predicted from the SMILES by the distilled Mamba model
feat_1673,float,,Chemical Dice embedding dimension 1673 of 8192 predicted from the SMILES by the distilled Mamba model
feat_1674,float,,Chemical Dice embedding dimension 1674 of 8192 predicted from the SMILES by the distilled Mamba model
feat_1675,float,,Chemical Dice embedding dimension 1675 of 8192 predicted from the SMILES by the distilled Mamba model
feat_1676,float,,Chemical Dice embedding dimension 1676 of 8192 predicted from the SMILES by the distilled Mamba model
feat_1677,float,,Chemical Dice embedding dimension 1677 of 8192 predicted from the SMILES by the distilled Mamba model
feat_1678,float,,Chemical Dice embedding dimension 1678 of 8192 predicted from the SMILES by the distilled Mamba model
feat_1679,float,,Chemical Dice embedding dimension 1679 of 8192 predicted from the SMILES by the distilled Mamba model
feat_1680,float,,Chemical Dice embedding dimension 1680 of 8192 predicted from the SMILES by the distilled Mamba model
feat_1681,float,,Chemical Dice embedding dimension 1681 of 8192 predicted from the SMILES by the distilled Mamba model
feat_1682,float,,Chemical Dice embedding dimension 1682 of 8192 predicted from the SMILES by the distilled Mamba model
feat_1683,float,,Chemical Dice embedding dimension 1683 of 8192 predicted from the SMILES by the distilled Mamba model
feat_1684,float,,Chemical Dice embedding dimension 1684 of 8192 predicted from the SMILES by the distilled Mamba model
feat_1685,float,,Chemical Dice embedding dimension 1685 of 8192 predicted from the SMILES by the distilled Mamba model
feat_1686,float,,Chemical Dice embedding dimension 1686 of 8192 predicted from the SMILES by the distilled Mamba model
feat_1687,float,,Chemical Dice embedding dimension 1687 of 8192 predicted from the SMILES by the distilled Mamba model
feat_1688,float,,Chemical Dice embedding dimension 1688 of 8192 predicted from the SMILES by the distilled Mamba model
feat_1689,float,,Chemical Dice embedding dimension 1689 of 8192 predicted from the SMILES by the distilled Mamba model
feat_1690,float,,Chemical Dice embedding dimension 1690 of 8192 predicted from the SMILES by the distilled Mamba model
feat_1691,float,,Chemical Dice embedding dimension 1691 of 8192 predicted from the SMILES by the distilled Mamba model
feat_1692,float,,Chemical Dice embedding dimension 1692 of 8192 predicted from the SMILES by the distilled Mamba model
feat_1693,float,,Chemical Dice embedding dimension 1693 of 8192 predicted from the SMILES by the distilled Mamba model
feat_1694,float,,Chemical Dice embedding dimension 1694 of 8192 predicted from the SMILES by the distilled Mamba model
feat_1695,float,,Chemical Dice embedding dimension 1695 of 8192 predicted from the SMILES by the distilled Mamba model
feat_1696,float,,Chemical Dice embedding dimension 1696 of 8192 predicted from the SMILES by the distilled Mamba model
feat_1697,float,,Chemical Dice embedding dimension 1697 of 8192 predicted from the SMILES by the distilled Mamba model
feat_1698,float,,Chemical Dice embedding dimension 1698 of 8192 predicted from the SMILES by the distilled Mamba model
feat_1699,float,,Chemical Dice embedding dimension 1699 of 8192 predicted from the SMILES by the distilled Mamba model
feat_1700,float,,Chemical Dice embedding dimension 1700 of 8192 predicted from the SMILES by the distilled Mamba model
feat_1701,float,,Chemical Dice embedding dimension 1701 of 8192 predicted from the SMILES by the distilled Mamba model
feat_1702,float,,Chemical Dice embedding dimension 1702 of 8192 predicted from the SMILES by the distilled Mamba model
feat_1703,float,,Chemical Dice embedding dimension 1703 of 8192 predicted from the SMILES by the distilled Mamba model
feat_1704,float,,Chemical Dice embedding dimension 1704 of 8192 predicted from the SMILES by the distilled Mamba model
feat_1705,float,,Chemical Dice embedding dimension 1705 of 8192 predicted from the SMILES by the distilled Mamba model
feat_1706,float,,Chemical Dice embedding dimension 1706 of 8192 predicted from the SMILES by the distilled Mamba model
feat_1707,float,,Chemical Dice embedding dimension 1707 of 8192 predicted from the SMILES by the distilled Mamba model
feat_1708,float,,Chemical Dice embedding dimension 1708 of 8192 predicted from the SMILES by the distilled Mamba model
feat_1709,float,,Chemical Dice embedding dimension 1709 of 8192 predicted from the SMILES by the distilled Mamba model
feat_1710,float,,Chemical Dice embedding dimension 1710 of 8192 predicted from the SMILES by the distilled Mamba model
feat_1711,float,,Chemical Dice embedding dimension 1711 of 8192 predicted from the SMILES by the distilled Mamba model
feat_1712,float,,Chemical Dice embedding dimension 1712 of 8192 predicted from the SMILES by the distilled Mamba model
feat_1713,float,,Chemical Dice embedding dimension 1713 of 8192 predicted from the SMILES by the distilled Mamba model
feat_1714,float,,Chemical Dice embedding dimension 1714 of 8192 predicted from the SMILES by the distilled Mamba model
feat_1715,float,,Chemical Dice embedding dimension 1715 of 8192 predicted from the SMILES by the distilled Mamba model
feat_1716,float,,Chemical Dice embedding dimension 1716 of 8192 predicted from the SMILES by the distilled Mamba model
feat_1717,float,,Chemical Dice embedding dimension 1717 of 8192 predicted from the SMILES by the distilled Mamba model
feat_1718,float,,Chemical Dice embedding dimension 1718 of 8192 predicted from the SMILES by the distilled Mamba model
feat_1719,float,,Chemical Dice embedding dimension 1719 of 8192 predicted from the SMILES by the distilled Mamba model
feat_1720,float,,Chemical Dice embedding dimension 1720 of 8192 predicted from the SMILES by the distilled Mamba model
feat_1721,float,,Chemical Dice embedding dimension 1721 of 8192 predicted from the SMILES by the distilled Mamba model
feat_1722,float,,Chemical Dice embedding dimension 1722 of 8192 predicted from the SMILES by the distilled Mamba model
feat_1723,float,,Chemical Dice embedding dimension 1723 of 8192 predicted from the SMILES by the distilled Mamba model
feat_1724,float,,Chemical Dice embedding dimension 1724 of 8192 predicted from the SMILES by the distilled Mamba model
feat_1725,float,,Chemical Dice embedding dimension 1725 of 8192 predicted from the SMILES by the distilled Mamba model
feat_1726,float,,Chemical Dice embedding dimension 1726 of 8192 predicted from the SMILES by the distilled Mamba model
feat_1727,float,,Chemical Dice embedding dimension 1727 of 8192 predicted from the SMILES by the distilled Mamba model
feat_1728,float,,Chemical Dice embedding dimension 1728 of 8192 predicted from the SMILES by the distilled Mamba model
feat_1729,float,,Chemical Dice embedding dimension 1729 of 8192 predicted from the SMILES by the distilled Mamba model
feat_1730,float,,Chemical Dice embedding dimension 1730 of 8192 predicted from the SMILES by the distilled Mamba model
feat_1731,float,,Chemical Dice embedding dimension 1731 of 8192 predicted from the SMILES by the distilled Mamba model
feat_1732,float,,Chemical Dice embedding dimension 1732 of 8192 predicted from the SMILES by the distilled Mamba model
feat_1733,float,,Chemical Dice embedding dimension 1733 of 8192 predicted from the SMILES by the distilled Mamba model
feat_1734,float,,Chemical Dice embedding dimension 1734 of 8192 predicted from the SMILES by the distilled Mamba model
feat_1735,float,,Chemical Dice embedding dimension 1735 of 8192 predicted from the SMILES by the distilled Mamba model
feat_1736,float,,Chemical Dice embedding dimension 1736 of 8192 predicted from the SMILES by the distilled Mamba model
feat_1737,float,,Chemical Dice embedding dimension 1737 of 8192 predicted from the SMILES by the distilled Mamba model
feat_1738,float,,Chemical Dice embedding dimension 1738 of 8192 predicted from the SMILES by the distilled Mamba model
feat_1739,float,,Chemical Dice embedding dimension 1739 of 8192 predicted from the SMILES by the distilled Mamba model
feat_1740,float,,Chemical Dice embedding dimension 1740 of 8192 predicted from the SMILES by the distilled Mamba model
feat_1741,float,,Chemical Dice embedding dimension 1741 of 8192 predicted from the SMILES by the distilled Mamba model
feat_1742,float,,Chemical Dice embedding dimension 1742 of 8192 predicted from the SMILES by the distilled Mamba model
feat_1743,float,,Chemical Dice embedding dimension 1743 of 8192 predicted from the SMILES by the distilled Mamba model
feat_1744,float,,Chemical Dice embedding dimension 1744 of 8192 predicted from the SMILES by the distilled Mamba model
feat_1745,float,,Chemical Dice embedding dimension 1745 of 8192 predicted from the SMILES by the distilled Mamba model
feat_1746,float,,Chemical Dice embedding dimension 1746 of 8192 predicted from the SMILES by the distilled Mamba model
feat_1747,float,,Chemical Dice embedding dimension 1747 of 8192 predicted from the SMILES by the distilled Mamba model
feat_1748,float,,Chemical Dice embedding dimension 1748 of 8192 predicted from the SMILES by the distilled Mamba model
feat_1749,float,,Chemical Dice embedding dimension 1749 of 8192 predicted from the SMILES by the distilled Mamba model
feat_1750,float,,Chemical Dice embedding dimension 1750 of 8192 predicted from the SMILES by the distilled Mamba model
feat_1751,float,,Chemical Dice embedding dimension 1751 of 8192 predicted from the SMILES by the distilled Mamba model
feat_1752,float,,Chemical Dice embedding dimension 1752 of 8192 predicted from the SMILES by the distilled Mamba model
feat_1753,float,,Chemical Dice embedding dimension 1753 of 8192 predicted from the SMILES by the distilled Mamba model
feat_1754,float,,Chemical Dice embedding dimension 1754 of 8192 predicted from the SMILES by the distilled Mamba model
feat_1755,float,,Chemical Dice embedding dimension 1755 of 8192 predicted from the SMILES by the distilled Mamba model
feat_1756,float,,Chemical Dice embedding dimension 1756 of 8192 predicted from the SMILES by the distilled Mamba model
feat_1757,float,,Chemical Dice embedding dimension 1757 of 8192 predicted from the SMILES by the distilled Mamba model
feat_1758,float,,Chemical Dice embedding dimension 1758 of 8192 predicted from the SMILES by the distilled Mamba model
feat_1759,float,,Chemical Dice embedding dimension 1759 of 8192 predicted from the SMILES by the distilled Mamba model
feat_1760,float,,Chemical Dice embedding dimension 1760 of 8192 predicted from the SMILES by the distilled Mamba model
feat_1761,float,,Chemical Dice embedding dimension 1761 of 8192 predicted from the SMILES by the distilled Mamba model
feat_1762,float,,Chemical Dice embedding dimension 1762 of 8192 predicted from the SMILES by the distilled Mamba model
feat_1763,float,,Chemical Dice embedding dimension 1763 of 8192 predicted from the SMILES by the distilled Mamba model
feat_1764,float,,Chemical Dice embedding dimension 1764 of 8192 predicted from the SMILES by the distilled Mamba model
feat_1765,float,,Chemical Dice embedding dimension 1765 of 8192 predicted from the SMILES by the distilled Mamba model
feat_1766,float,,Chemical Dice embedding dimension 1766 of 8192 predicted from the SMILES by the distilled Mamba model
feat_1767,float,,Chemical Dice embedding dimension 1767 of 8192 predicted from the SMILES by the distilled Mamba model
feat_1768,float,,Chemical Dice embedding dimension 1768 of 8192 predicted from the SMILES by the distilled Mamba model
feat_1769,float,,Chemical Dice embedding dimension 1769 of 8192 predicted from the SMILES by the distilled Mamba model
feat_1770,float,,Chemical Dice embedding dimension 1770 of 8192 predicted from the SMILES by the distilled Mamba model
feat_1771,float,,Chemical Dice embedding dimension 1771 of 8192 predicted from the SMILES by the distilled Mamba model
feat_1772,float,,Chemical Dice embedding dimension 1772 of 8192 predicted from the SMILES by the distilled Mamba model
feat_1773,float,,Chemical Dice embedding dimension 1773 of 8192 predicted from the SMILES by the distilled Mamba model
feat_1774,float,,Chemical Dice embedding dimension 1774 of 8192 predicted from the SMILES by the distilled Mamba model
feat_1775,float,,Chemical Dice embedding dimension 1775 of 8192 predicted from the SMILES by the distilled Mamba model
feat_1776,float,,Chemical Dice embedding dimension 1776 of 8192 predicted from the SMILES by the distilled Mamba model
feat_1777,float,,Chemical Dice embedding dimension 1777 of 8192 predicted from the SMILES by the distilled Mamba model
feat_1778,float,,Chemical Dice embedding dimension 1778 of 8192 predicted from the SMILES by the distilled Mamba model
feat_1779,float,,Chemical Dice embedding dimension 1779 of 8192 predicted from the SMILES by the distilled Mamba model
feat_1780,float,,Chemical Dice embedding dimension 1780 of 8192 predicted from the SMILES by the distilled Mamba model
feat_1781,float,,Chemical Dice embedding dimension 1781 of 8192 predicted from the SMILES by the distilled Mamba model
feat_1782,float,,Chemical Dice embedding dimension 1782 of 8192 predicted from the SMILES by the distilled Mamba model
feat_1783,float,,Chemical Dice embedding dimension 1783 of 8192 predicted from the SMILES by the distilled Mamba model
feat_1784,float,,Chemical Dice embedding dimension 1784 of 8192 predicted from the SMILES by the distilled Mamba model
feat_1785,float,,Chemical Dice embedding dimension 1785 of 8192 predicted from the SMILES by the distilled Mamba model
feat_1786,float,,Chemical Dice embedding dimension 1786 of 8192 predicted from the SMILES by the distilled Mamba model
feat_1787,float,,Chemical Dice embedding dimension 1787 of 8192 predicted from the SMILES by the distilled Mamba model
feat_1788,float,,Chemical Dice embedding dimension 1788 of 8192 predicted from the SMILES by the distilled Mamba model
feat_1789,float,,Chemical Dice embedding dimension 1789 of 8192 predicted from the SMILES by the distilled Mamba model
feat_1790,float,,Chemical Dice embedding dimension 1790 of 8192 predicted from the SMILES by the distilled Mamba model
feat_1791,float,,Chemical Dice embedding dimension 1791 of 8192 predicted from the SMILES by the distilled Mamba model
feat_1792,float,,Chemical Dice embedding dimension 1792 of 8192 predicted from the SMILES by the distilled Mamba model
feat_1793,float,,Chemical Dice embedding dimension 1793 of 8192 predicted from the SMILES by the distilled Mamba model
feat_1794,float,,Chemical Dice embedding dimension 1794 of 8192 predicted from the SMILES by the distilled Mamba model
feat_1795,float,,Chemical Dice embedding dimension 1795 of 8192 predicted from the SMILES by the distilled Mamba model
feat_1796,float,,Chemical Dice embedding dimension 1796 of 8192 predicted from the SMILES by the distilled Mamba model
feat_1797,float,,Chemical Dice embedding dimension 1797 of 8192 predicted from the SMILES by the distilled Mamba model
feat_1798,float,,Chemical Dice embedding dimension 1798 of 8192 predicted from the SMILES by the distilled Mamba model
feat_1799,float,,Chemical Dice embedding dimension 1799 of 8192 predicted from the SMILES by the distilled Mamba model
feat_1800,float,,Chemical Dice embedding dimension 1800 of 8192 predicted from the SMILES by the distilled Mamba model
feat_1801,float,,Chemical Dice embedding dimension 1801 of 8192 predicted from the SMILES by the distilled Mamba model
feat_1802,float,,Chemical Dice embedding dimension 1802 of 8192 predicted from the SMILES by the distilled Mamba model
feat_1803,float,,Chemical Dice embedding dimension 1803 of 8192 predicted from the SMILES by the distilled Mamba model
feat_1804,float,,Chemical Dice embedding dimension 1804 of 8192 predicted from the SMILES by the distilled Mamba model
feat_1805,float,,Chemical Dice embedding dimension 1805 of 8192 predicted from the SMILES by the distilled Mamba model
feat_1806,float,,Chemical Dice embedding dimension 1806 of 8192 predicted from the SMILES by the distilled Mamba model
feat_1807,float,,Chemical Dice embedding dimension 1807 of 8192 predicted from the SMILES by the distilled Mamba model
feat_1808,float,,Chemical Dice embedding dimension 1808 of 8192 predicted from the SMILES by the distilled Mamba model
feat_1809,float,,Chemical Dice embedding dimension 1809 of 8192 predicted from the SMILES by the distilled Mamba model
feat_1810,float,,Chemical Dice embedding dimension 1810 of 8192 predicted from the SMILES by the distilled Mamba model
feat_1811,float,,Chemical Dice embedding dimension 1811 of 8192 predicted from the SMILES by the distilled Mamba model
feat_1812,float,,Chemical Dice embedding dimension 1812 of 8192 predicted from the SMILES by the distilled Mamba model
feat_1813,float,,Chemical Dice embedding dimension 1813 of 8192 predicted from the SMILES by the distilled Mamba model
feat_1814,float,,Chemical Dice embedding dimension 1814 of 8192 predicted from the SMILES by the distilled Mamba model
feat_1815,float,,Chemical Dice embedding dimension 1815 of 8192 predicted from the SMILES by the distilled Mamba model
feat_1816,float,,Chemical Dice embedding dimension 1816 of 8192 predicted from the SMILES by the distilled Mamba model
feat_1817,float,,Chemical Dice embedding dimension 1817 of 8192 predicted from the SMILES by the distilled Mamba model
feat_1818,float,,Chemical Dice embedding dimension 1818 of 8192 predicted from the SMILES by the distilled Mamba model
feat_1819,float,,Chemical Dice embedding dimension 1819 of 8192 predicted from the SMILES by the distilled Mamba model
feat_1820,float,,Chemical Dice embedding dimension 1820 of 8192 predicted from the SMILES by the distilled Mamba model
feat_1821,float,,Chemical Dice embedding dimension 1821 of 8192 predicted from the SMILES by the distilled Mamba model
feat_1822,float,,Chemical Dice embedding dimension 1822 of 8192 predicted from the SMILES by the distilled Mamba model
feat_1823,float,,Chemical Dice embedding dimension 1823 of 8192 predicted from the SMILES by the distilled Mamba model
feat_1824,float,,Chemical Dice embedding dimension 1824 of 8192 predicted from the SMILES by the distilled Mamba model
feat_1825,float,,Chemical Dice embedding dimension 1825 of 8192 predicted from the SMILES by the distilled Mamba model
feat_1826,float,,Chemical Dice embedding dimension 1826 of 8192 predicted from the SMILES by the distilled Mamba model
feat_1827,float,,Chemical Dice embedding dimension 1827 of 8192 predicted from the SMILES by the distilled Mamba model
feat_1828,float,,Chemical Dice embedding dimension 1828 of 8192 predicted from the SMILES by the distilled Mamba model
feat_1829,float,,Chemical Dice embedding dimension 1829 of 8192 predicted from the SMILES by the distilled Mamba model
feat_1830,float,,Chemical Dice embedding dimension 1830 of 8192 predicted from the SMILES by the distilled Mamba model
feat_1831,float,,Chemical Dice embedding dimension 1831 of 8192 predicted from the SMILES by the distilled Mamba model
feat_1832,float,,Chemical Dice embedding dimension 1832 of 8192 predicted from the SMILES by the distilled Mamba model
feat_1833,float,,Chemical Dice embedding dimension 1833 of 8192 predicted from the SMILES by the distilled Mamba model
feat_1834,float,,Chemical Dice embedding dimension 1834 of 8192 predicted from the SMILES by the distilled Mamba model
feat_1835,float,,Chemical Dice embedding dimension 1835 of 8192 predicted from the SMILES by the distilled Mamba model
feat_1836,float,,Chemical Dice embedding dimension 1836 of 8192 predicted from the SMILES by the distilled Mamba model
feat_1837,float,,Chemical Dice embedding dimension 1837 of 8192 predicted from the SMILES by the distilled Mamba model
feat_1838,float,,Chemical Dice embedding dimension 1838 of 8192 predicted from the SMILES by the distilled Mamba model
feat_1839,float,,Chemical Dice embedding dimension 1839 of 8192 predicted from the SMILES by the distilled Mamba model
feat_1840,float,,Chemical Dice embedding dimension 1840 of 8192 predicted from the SMILES by the distilled Mamba model
feat_1841,float,,Chemical Dice embedding dimension 1841 of 8192 predicted from the SMILES by the distilled Mamba model
feat_1842,float,,Chemical Dice embedding dimension 1842 of 8192 predicted from the SMILES by the distilled Mamba model
feat_1843,float,,Chemical Dice embedding dimension 1843 of 8192 predicted from the SMILES by the distilled Mamba model
feat_1844,float,,Chemical Dice embedding dimension 1844 of 8192 predicted from the SMILES by the distilled Mamba model
feat_1845,float,,Chemical Dice embedding dimension 1845 of 8192 predicted from the SMILES by the distilled Mamba model
feat_1846,float,,Chemical Dice embedding dimension 1846 of 8192 predicted from the SMILES by the distilled Mamba model
feat_1847,float,,Chemical Dice embedding dimension 1847 of 8192 predicted from the SMILES by the distilled Mamba model
feat_1848,float,,Chemical Dice embedding dimension 1848 of 8192 predicted from the SMILES by the distilled Mamba model
feat_1849,float,,Chemical Dice embedding dimension 1849 of 8192 predicted from the SMILES by the distilled Mamba model
feat_1850,float,,Chemical Dice embedding dimension 1850 of 8192 predicted from the SMILES by the distilled Mamba model
feat_1851,float,,Chemical Dice embedding dimension 1851 of 8192 predicted from the SMILES by the distilled Mamba model
feat_1852,float,,Chemical Dice embedding dimension 1852 of 8192 predicted from the SMILES by the distilled Mamba model
feat_1853,float,,Chemical Dice embedding dimension 1853 of 8192 predicted from the SMILES by the distilled Mamba model
feat_1854,float,,Chemical Dice embedding dimension 1854 of 8192 predicted from the SMILES by the distilled Mamba model
feat_1855,float,,Chemical Dice embedding dimension 1855 of 8192 predicted from the SMILES by the distilled Mamba model
feat_1856,float,,Chemical Dice embedding dimension 1856 of 8192 predicted from the SMILES by the distilled Mamba model
feat_1857,float,,Chemical Dice embedding dimension 1857 of 8192 predicted from the SMILES by the distilled Mamba model
feat_1858,float,,Chemical Dice embedding dimension 1858 of 8192 predicted from the SMILES by the distilled Mamba model
feat_1859,float,,Chemical Dice embedding dimension 1859 of 8192 predicted from the SMILES by the distilled Mamba model
feat_1860,float,,Chemical Dice embedding dimension 1860 of 8192 predicted from the SMILES by the distilled Mamba model
feat_1861,float,,Chemical Dice embedding dimension 1861 of 8192 predicted from the SMILES by the distilled Mamba model
feat_1862,float,,Chemical Dice embedding dimension 1862 of 8192 predicted from the SMILES by the distilled Mamba model
feat_1863,float,,Chemical Dice embedding dimension 1863 of 8192 predicted from the SMILES by the distilled Mamba model
feat_1864,float,,Chemical Dice embedding dimension 1864 of 8192 predicted from the SMILES by the distilled Mamba model
feat_1865,float,,Chemical Dice embedding dimension 1865 of 8192 predicted from the SMILES by the distilled Mamba model
feat_1866,float,,Chemical Dice embedding dimension 1866 of 8192 predicted from the SMILES by the distilled Mamba model
feat_1867,float,,Chemical Dice embedding dimension 1867 of 8192 predicted from the SMILES by the distilled Mamba model
feat_1868,float,,Chemical Dice embedding dimension 1868 of 8192 predicted from the SMILES by the distilled Mamba model
feat_1869,float,,Chemical Dice embedding dimension 1869 of 8192 predicted from the SMILES by the distilled Mamba model
feat_1870,float,,Chemical Dice embedding dimension 1870 of 8192 predicted from the SMILES by the distilled Mamba model
feat_1871,float,,Chemical Dice embedding dimension 1871 of 8192 predicted from the SMILES by the distilled Mamba model
feat_1872,float,,Chemical Dice embedding dimension 1872 of 8192 predicted from the SMILES by the distilled Mamba model
feat_1873,float,,Chemical Dice embedding dimension 1873 of 8192 predicted from the SMILES by the distilled Mamba model
feat_1874,float,,Chemical Dice embedding dimension 1874 of 8192 predicted from the SMILES by the distilled Mamba model
feat_1875,float,,Chemical Dice embedding dimension 1875 of 8192 predicted from the SMILES by the distilled Mamba model
feat_1876,float,,Chemical Dice embedding dimension 1876 of 8192 predicted from the SMILES by the distilled Mamba model
feat_1877,float,,Chemical Dice embedding dimension 1877 of 8192 predicted from the SMILES by the distilled Mamba model
feat_1878,float,,Chemical Dice embedding dimension 1878 of 8192 predicted from the SMILES by the distilled Mamba model
feat_1879,float,,Chemical Dice embedding dimension 1879 of 8192 predicted from the SMILES by the distilled Mamba model
feat_1880,float,,Chemical Dice embedding dimension 1880 of 8192 predicted from the SMILES by the distilled Mamba model
feat_1881,float,,Chemical Dice embedding dimension 1881 of 8192 predicted from the SMILES by the distilled Mamba model
feat_1882,float,,Chemical Dice embedding dimension 1882 of 8192 predicted from the SMILES by the distilled Mamba model
feat_1883,float,,Chemical Dice embedding dimension 1883 of 8192 predicted from the SMILES by the distilled Mamba model
feat_1884,float,,Chemical Dice embedding dimension 1884 of 8192 predicted from the SMILES by the distilled Mamba model
feat_1885,float,,Chemical Dice embedding dimension 1885 of 8192 predicted from the SMILES by the distilled Mamba model
feat_1886,float,,Chemical Dice embedding dimension 1886 of 8192 predicted from the SMILES by the distilled Mamba model
feat_1887,float,,Chemical Dice embedding dimension 1887 of 8192 predicted from the SMILES by the distilled Mamba model
feat_1888,float,,Chemical Dice embedding dimension 1888 of 8192 predicted from the SMILES by the distilled Mamba model
feat_1889,float,,Chemical Dice embedding dimension 1889 of 8192 predicted from the SMILES by the distilled Mamba model
feat_1890,float,,Chemical Dice embedding dimension 1890 of 8192 predicted from the SMILES by the distilled Mamba model
feat_1891,float,,Chemical Dice embedding dimension 1891 of 8192 predicted from the SMILES by the distilled Mamba model
feat_1892,float,,Chemical Dice embedding dimension 1892 of 8192 predicted from the SMILES by the distilled Mamba model
feat_1893,float,,Chemical Dice embedding dimension 1893 of 8192 predicted from the SMILES by the distilled Mamba model
feat_1894,float,,Chemical Dice embedding dimension 1894 of 8192 predicted from the SMILES by the distilled Mamba model
feat_1895,float,,Chemical Dice embedding dimension 1895 of 8192 predicted from the SMILES by the distilled Mamba model
feat_1896,float,,Chemical Dice embedding dimension 1896 of 8192 predicted from the SMILES by the distilled Mamba model
feat_1897,float,,Chemical Dice embedding dimension 1897 of 8192 predicted from the SMILES by the distilled Mamba model
feat_1898,float,,Chemical Dice embedding dimension 1898 of 8192 predicted from the SMILES by the distilled Mamba model
feat_1899,float,,Chemical Dice embedding dimension 1899 of 8192 predicted from the SMILES by the distilled Mamba model
feat_1900,float,,Chemical Dice embedding dimension 1900 of 8192 predicted from the SMILES by the distilled Mamba model
feat_1901,float,,Chemical Dice embedding dimension 1901 of 8192 predicted from the SMILES by the distilled Mamba model
feat_1902,float,,Chemical Dice embedding dimension 1902 of 8192 predicted from the SMILES by the distilled Mamba model
feat_1903,float,,Chemical Dice embedding dimension 1903 of 8192 predicted from the SMILES by the distilled Mamba model
feat_1904,float,,Chemical Dice embedding dimension 1904 of 8192 predicted from the SMILES by the distilled Mamba model
feat_1905,float,,Chemical Dice embedding dimension 1905 of 8192 predicted from the SMILES by the distilled Mamba model
feat_1906,float,,Chemical Dice embedding dimension 1906 of 8192 predicted from the SMILES by the distilled Mamba model
feat_1907,float,,Chemical Dice embedding dimension 1907 of 8192 predicted from the SMILES by the distilled Mamba model
feat_1908,float,,Chemical Dice embedding dimension 1908 of 8192 predicted from the SMILES by the distilled Mamba model
feat_1909,float,,Chemical Dice embedding dimension 1909 of 8192 predicted from the SMILES by the distilled Mamba model
feat_1910,float,,Chemical Dice embedding dimension 1910 of 8192 predicted from the SMILES by the distilled Mamba model
feat_1911,float,,Chemical Dice embedding dimension 1911 of 8192 predicted from the SMILES by the distilled Mamba model
feat_1912,float,,Chemical Dice embedding dimension 1912 of 8192 predicted from the SMILES by the distilled Mamba model
feat_1913,float,,Chemical Dice embedding dimension 1913 of 8192 predicted from the SMILES by the distilled Mamba model
feat_1914,float,,Chemical Dice embedding dimension 1914 of 8192 predicted from the SMILES by the distilled Mamba model
feat_1915,float,,Chemical Dice embedding dimension 1915 of 8192 predicted from the SMILES by the distilled Mamba model
feat_1916,float,,Chemical Dice embedding dimension 1916 of 8192 predicted from the SMILES by the distilled Mamba model
feat_1917,float,,Chemical Dice embedding dimension 1917 of 8192 predicted from the SMILES by the distilled Mamba model
feat_1918,float,,Chemical Dice embedding dimension 1918 of 8192 predicted from the SMILES by the distilled Mamba model
feat_1919,float,,Chemical Dice embedding dimension 1919 of 8192 predicted from the SMILES by the distilled Mamba model
feat_1920,float,,Chemical Dice embedding dimension 1920 of 8192 predicted from the SMILES by the distilled Mamba model
feat_1921,float,,Chemical Dice embedding dimension 1921 of 8192 predicted from the SMILES by the distilled Mamba model
feat_1922,float,,Chemical Dice embedding dimension 1922 of 8192 predicted from the SMILES by the distilled Mamba model
feat_1923,float,,Chemical Dice embedding dimension 1923 of 8192 predicted from the SMILES by the distilled Mamba model
feat_1924,float,,Chemical Dice embedding dimension 1924 of 8192 predicted from the SMILES by the distilled Mamba model
feat_1925,float,,Chemical Dice embedding dimension 1925 of 8192 predicted from the SMILES by the distilled Mamba model
feat_1926,float,,Chemical Dice embedding dimension 1926 of 8192 predicted from the SMILES by the distilled Mamba model
feat_1927,float,,Chemical Dice embedding dimension 1927 of 8192 predicted from the SMILES by the distilled Mamba model
feat_1928,float,,Chemical Dice embedding dimension 1928 of 8192 predicted from the SMILES by the distilled Mamba model
feat_1929,float,,Chemical Dice embedding dimension 1929 of 8192 predicted from the SMILES by the distilled Mamba model
feat_1930,float,,Chemical Dice embedding dimension 1930 of 8192 predicted from the SMILES by the distilled Mamba model
feat_1931,float,,Chemical Dice embedding dimension 1931 of 8192 predicted from the SMILES by the distilled Mamba model
feat_1932,float,,Chemical Dice embedding dimension 1932 of 8192 predicted from the SMILES by the distilled Mamba model
feat_1933,float,,Chemical Dice embedding dimension 1933 of 8192 predicted from the SMILES by the distilled Mamba model
feat_1934,float,,Chemical Dice embedding dimension 1934 of 8192 predicted from the SMILES by the distilled Mamba model
feat_1935,float,,Chemical Dice embedding dimension 1935 of 8192 predicted from the SMILES by the distilled Mamba model
feat_1936,float,,Chemical Dice embedding dimension 1936 of 8192 predicted from the SMILES by the distilled Mamba model
feat_1937,float,,Chemical Dice embedding dimension 1937 of 8192 predicted from the SMILES by the distilled Mamba model
feat_1938,float,,Chemical Dice embedding dimension 1938 of 8192 predicted from the SMILES by the distilled Mamba model
feat_1939,float,,Chemical Dice embedding dimension 1939 of 8192 predicted from the SMILES by the distilled Mamba model
feat_1940,float,,Chemical Dice embedding dimension 1940 of 8192 predicted from the SMILES by the distilled Mamba model
feat_1941,float,,Chemical Dice embedding dimension 1941 of 8192 predicted from the SMILES by the distilled Mamba model
feat_1942,float,,Chemical Dice embedding dimension 1942 of 8192 predicted from the SMILES by the distilled Mamba model
feat_1943,float,,Chemical Dice embedding dimension 1943 of 8192 predicted from the SMILES by the distilled Mamba model
feat_1944,float,,Chemical Dice embedding dimension 1944 of 8192 predicted from the SMILES by the distilled Mamba model
feat_1945,float,,Chemical Dice embedding dimension 1945 of 8192 predicted from the SMILES by the distilled Mamba model
feat_1946,float,,Chemical Dice embedding dimension 1946 of 8192 predicted from the SMILES by the distilled Mamba model
feat_1947,float,,Chemical Dice embedding dimension 1947 of 8192 predicted from the SMILES by the distilled Mamba model
feat_1948,float,,Chemical Dice embedding dimension 1948 of 8192 predicted from the SMILES by the distilled Mamba model
feat_1949,float,,Chemical Dice embedding dimension 1949 of 8192 predicted from the SMILES by the distilled Mamba model
feat_1950,float,,Chemical Dice embedding dimension 1950 of 8192 predicted from the SMILES by the distilled Mamba model
feat_1951,float,,Chemical Dice embedding dimension 1951 of 8192 predicted from the SMILES by the distilled Mamba model
feat_1952,float,,Chemical Dice embedding dimension 1952 of 8192 predicted from the SMILES by the distilled Mamba model
feat_1953,float,,Chemical Dice embedding dimension 1953 of 8192 predicted from the SMILES by the distilled Mamba model
feat_1954,float,,Chemical Dice embedding dimension 1954 of 8192 predicted from the SMILES by the distilled Mamba model
feat_1955,float,,Chemical Dice embedding dimension 1955 of 8192 predicted from the SMILES by the distilled Mamba model
feat_1956,float,,Chemical Dice embedding dimension 1956 of 8192 predicted from the SMILES by the distilled Mamba model
feat_1957,float,,Chemical Dice embedding dimension 1957 of 8192 predicted from the SMILES by the distilled Mamba model
feat_1958,float,,Chemical Dice embedding dimension 1958 of 8192 predicted from the SMILES by the distilled Mamba model
feat_1959,float,,Chemical Dice embedding dimension 1959 of 8192 predicted from the SMILES by the distilled Mamba model
feat_1960,float,,Chemical Dice embedding dimension 1960 of 8192 predicted from the SMILES by the distilled Mamba model
feat_1961,float,,Chemical Dice embedding dimension 1961 of 8192 predicted from the SMILES by the distilled Mamba model
feat_1962,float,,Chemical Dice embedding dimension 1962 of 8192 predicted from the SMILES by the distilled Mamba model
feat_1963,float,,Chemical Dice embedding dimension 1963 of 8192 predicted from the SMILES by the distilled Mamba model
feat_1964,float,,Chemical Dice embedding dimension 1964 of 8192 predicted from the SMILES by the distilled Mamba model
feat_1965,float,,Chemical Dice embedding dimension 1965 of 8192 predicted from the SMILES by the distilled Mamba model
feat_1966,float,,Chemical Dice embedding dimension 1966 of 8192 predicted from the SMILES by the distilled Mamba model
feat_1967,float,,Chemical Dice embedding dimension 1967 of 8192 predicted from the SMILES by the distilled Mamba model
feat_1968,float,,Chemical Dice embedding dimension 1968 of 8192 predicted from the SMILES by the distilled Mamba model
feat_1969,float,,Chemical Dice embedding dimension 1969 of 8192 predicted from the SMILES by the distilled Mamba model
feat_1970,float,,Chemical Dice embedding dimension 1970 of 8192 predicted from the SMILES by the distilled Mamba model
feat_1971,float,,Chemical Dice embedding dimension 1971 of 8192 predicted from the SMILES by the distilled Mamba model
feat_1972,float,,Chemical Dice embedding dimension 1972 of 8192 predicted from the SMILES by the distilled Mamba model
feat_1973,float,,Chemical Dice embedding dimension 1973 of 8192 predicted from the SMILES by the distilled Mamba model
feat_1974,float,,Chemical Dice embedding dimension 1974 of 8192 predicted from the SMILES by the distilled Mamba model
feat_1975,float,,Chemical Dice embedding dimension 1975 of 8192 predicted from the SMILES by the distilled Mamba model
feat_1976,float,,Chemical Dice embedding dimension 1976 of 8192 predicted from the SMILES by the distilled Mamba model
feat_1977,float,,Chemical Dice embedding dimension 1977 of 8192 predicted from the SMILES by the distilled Mamba model
feat_1978,float,,Chemical Dice embedding dimension 1978 of 8192 predicted from the SMILES by the distilled Mamba model
feat_1979,float,,Chemical Dice embedding dimension 1979 of 8192 predicted from the SMILES by the distilled Mamba model
feat_1980,float,,Chemical Dice embedding dimension 1980 of 8192 predicted from the SMILES by the distilled Mamba model
feat_1981,float,,Chemical Dice embedding dimension 1981 of 8192 predicted from the SMILES by the distilled Mamba model
feat_1982,float,,Chemical Dice embedding dimension 1982 of 8192 predicted from the SMILES by the distilled Mamba model
feat_1983,float,,Chemical Dice embedding dimension 1983 of 8192 predicted from the SMILES by the distilled Mamba model
feat_1984,float,,Chemical Dice embedding dimension 1984 of 8192 predicted from the SMILES by the distilled Mamba model
feat_1985,float,,Chemical Dice embedding dimension 1985 of 8192 predicted from the SMILES by the distilled Mamba model
feat_1986,float,,Chemical Dice embedding dimension 1986 of 8192 predicted from the SMILES by the distilled Mamba model
feat_1987,float,,Chemical Dice embedding dimension 1987 of 8192 predicted from the SMILES by the distilled Mamba model
feat_1988,float,,Chemical Dice embedding dimension 1988 of 8192 predicted from the SMILES by the distilled Mamba model
feat_1989,float,,Chemical Dice embedding dimension 1989 of 8192 predicted from the SMILES by the distilled Mamba model
feat_1990,float,,Chemical Dice embedding dimension 1990 of 8192 predicted from the SMILES by the distilled Mamba model
feat_1991,float,,Chemical Dice embedding dimension 1991 of 8192 predicted from the SMILES by the distilled Mamba model
feat_1992,float,,Chemical Dice embedding dimension 1992 of 8192 predicted from the SMILES by the distilled Mamba model
feat_1993,float,,Chemical Dice embedding dimension 1993 of 8192 predicted from the SMILES by the distilled Mamba model
feat_1994,float,,Chemical Dice embedding dimension 1994 of 8192 predicted from the SMILES by the distilled Mamba model
feat_1995,float,,Chemical Dice embedding dimension 1995 of 8192 predicted from the SMILES by the distilled Mamba model
feat_1996,float,,Chemical Dice embedding dimension 1996 of 8192 predicted from the SMILES by the distilled Mamba model
feat_1997,float,,Chemical Dice embedding dimension 1997 of 8192 predicted from the SMILES by the distilled Mamba model
feat_1998,float,,Chemical Dice embedding dimension 1998 of 8192 predicted from the SMILES by the distilled Mamba model
feat_1999,float,,Chemical Dice embedding dimension 1999 of 8192 predicted from the SMILES by the distilled Mamba model
feat_2000,float,,Chemical Dice embedding dimension 2000 of 8192 predicted from the SMILES by the distilled Mamba model
feat_2001,float,,Chemical Dice embedding dimension 2001 of 8192 predicted from the SMILES by the distilled Mamba model
feat_2002,float,,Chemical Dice embedding dimension 2002 of 8192 predicted from the SMILES by the distilled Mamba model
feat_2003,float,,Chemical Dice embedding dimension 2003 of 8192 predicted from the SMILES by the distilled Mamba model
feat_2004,float,,Chemical Dice embedding dimension 2004 of 8192 predicted from the SMILES by the distilled Mamba model
feat_2005,float,,Chemical Dice embedding dimension 2005 of 8192 predicted from the SMILES by the distilled Mamba model
feat_2006,float,,Chemical Dice embedding dimension 2006 of 8192 predicted from the SMILES by the distilled Mamba model
feat_2007,float,,Chemical Dice embedding dimension 2007 of 8192 predicted from the SMILES by the distilled Mamba model
feat_2008,float,,Chemical Dice embedding dimension 2008 of 8192 predicted from the SMILES by the distilled Mamba model
feat_2009,float,,Chemical Dice embedding dimension 2009 of 8192 predicted from the SMILES by the distilled Mamba model
feat_2010,float,,Chemical Dice embedding dimension 2010 of 8192 predicted from the SMILES by the distilled Mamba model
feat_2011,float,,Chemical Dice embedding dimension 2011 of 8192 predicted from the SMILES by the distilled Mamba model
feat_2012,float,,Chemical Dice embedding dimension 2012 of 8192 predicted from the SMILES by the distilled Mamba model
feat_2013,float,,Chemical Dice embedding dimension 2013 of 8192 predicted from the SMILES by the distilled Mamba model
feat_2014,float,,Chemical Dice embedding dimension 2014 of 8192 predicted from the SMILES by the distilled Mamba model
feat_2015,float,,Chemical Dice embedding dimension 2015 of 8192 predicted from the SMILES by the distilled Mamba model
feat_2016,float,,Chemical Dice embedding dimension 2016 of 8192 predicted from the SMILES by the distilled Mamba model
feat_2017,float,,Chemical Dice embedding dimension 2017 of 8192 predicted from the SMILES by the distilled Mamba model
feat_2018,float,,Chemical Dice embedding dimension 2018 of 8192 predicted from the SMILES by the distilled Mamba model
feat_2019,float,,Chemical Dice embedding dimension 2019 of 8192 predicted from the SMILES by the distilled Mamba model
feat_2020,float,,Chemical Dice embedding dimension 2020 of 8192 predicted from the SMILES by the distilled Mamba model
feat_2021,float,,Chemical Dice embedding dimension 2021 of 8192 predicted from the SMILES by the distilled Mamba model
feat_2022,float,,Chemical Dice embedding dimension 2022 of 8192 predicted from the SMILES by the distilled Mamba model
feat_2023,float,,Chemical Dice embedding dimension 2023 of 8192 predicted from the SMILES by the distilled Mamba model
feat_2024,float,,Chemical Dice embedding dimension 2024 of 8192 predicted from the SMILES by the distilled Mamba model
feat_2025,float,,Chemical Dice embedding dimension 2025 of 8192 predicted from the SMILES by the distilled Mamba model
feat_2026,float,,Chemical Dice embedding dimension 2026 of 8192 predicted from the SMILES by the distilled Mamba model
feat_2027,float,,Chemical Dice embedding dimension 2027 of 8192 predicted from the SMILES by the distilled Mamba model
feat_2028,float,,Chemical Dice embedding dimension 2028 of 8192 predicted from the SMILES by the distilled Mamba model
feat_2029,float,,Chemical Dice embedding dimension 2029 of 8192 predicted from the SMILES by the distilled Mamba model
feat_2030,float,,Chemical Dice embedding dimension 2030 of 8192 predicted from the SMILES by the distilled Mamba model
feat_2031,float,,Chemical Dice embedding dimension 2031 of 8192 predicted from the SMILES by the distilled Mamba model
feat_2032,float,,Chemical Dice embedding dimension 2032 of 8192 predicted from the SMILES by the distilled Mamba model
feat_2033,float,,Chemical Dice embedding dimension 2033 of 8192 predicted from the SMILES by the distilled Mamba model
feat_2034,float,,Chemical Dice embedding dimension 2034 of 8192 predicted from the SMILES by the distilled Mamba model
feat_2035,float,,Chemical Dice embedding dimension 2035 of 8192 predicted from the SMILES by the distilled Mamba model
feat_2036,float,,Chemical Dice embedding dimension 2036 of 8192 predicted from the SMILES by the distilled Mamba model
feat_2037,float,,Chemical Dice embedding dimension 2037 of 8192 predicted from the SMILES by the distilled Mamba model
feat_2038,float,,Chemical Dice embedding dimension 2038 of 8192 predicted from the SMILES by the distilled Mamba model
feat_2039,float,,Chemical Dice embedding dimension 2039 of 8192 predicted from the SMILES by the distilled Mamba model
feat_2040,float,,Chemical Dice embedding dimension 2040 of 8192 predicted from the SMILES by the distilled Mamba model
feat_2041,float,,Chemical Dice embedding dimension 2041 of 8192 predicted from the SMILES by the distilled Mamba model
feat_2042,float,,Chemical Dice embedding dimension 2042 of 8192 predicted from the SMILES by the distilled Mamba model
feat_2043,float,,Chemical Dice embedding dimension 2043 of 8192 predicted from the SMILES by the distilled Mamba model
feat_2044,float,,Chemical Dice embedding dimension 2044 of 8192 predicted from the SMILES by the distilled Mamba model
feat_2045,float,,Chemical Dice embedding dimension 2045 of 8192 predicted from the SMILES by the distilled Mamba model
feat_2046,float,,Chemical Dice embedding dimension 2046 of 8192 predicted from the SMILES by the distilled Mamba model
feat_2047,float,,Chemical Dice embedding dimension 2047 of 8192 predicted from the SMILES by the distilled Mamba model
feat_2048,float,,Chemical Dice embedding dimension 2048 of 8192 predicted from the SMILES by the distilled Mamba model
feat_2049,float,,Chemical Dice embedding dimension 2049 of 8192 predicted from the SMILES by the distilled Mamba model
feat_2050,float,,Chemical Dice embedding dimension 2050 of 8192 predicted from the SMILES by the distilled Mamba model
feat_2051,float,,Chemical Dice embedding dimension 2051 of 8192 predicted from the SMILES by the distilled Mamba model
feat_2052,float,,Chemical Dice embedding dimension 2052 of 8192 predicted from the SMILES by the distilled Mamba model
feat_2053,float,,Chemical Dice embedding dimension 2053 of 8192 predicted from the SMILES by the distilled Mamba model
feat_2054,float,,Chemical Dice embedding dimension 2054 of 8192 predicted from the SMILES by the distilled Mamba model
feat_2055,float,,Chemical Dice embedding dimension 2055 of 8192 predicted from the SMILES by the distilled Mamba model
feat_2056,float,,Chemical Dice embedding dimension 2056 of 8192 predicted from the SMILES by the distilled Mamba model
feat_2057,float,,Chemical Dice embedding dimension 2057 of 8192 predicted from the SMILES by the distilled Mamba model
feat_2058,float,,Chemical Dice embedding dimension 2058 of 8192 predicted from the SMILES by the distilled Mamba model
feat_2059,float,,Chemical Dice embedding dimension 2059 of 8192 predicted from the SMILES by the distilled Mamba model
feat_2060,float,,Chemical Dice embedding dimension 2060 of 8192 predicted from the SMILES by the distilled Mamba model
feat_2061,float,,Chemical Dice embedding dimension 2061 of 8192 predicted from the SMILES by the distilled Mamba model
feat_2062,float,,Chemical Dice embedding dimension 2062 of 8192 predicted from the SMILES by the distilled Mamba model
feat_2063,float,,Chemical Dice embedding dimension 2063 of 8192 predicted from the SMILES by the distilled Mamba model
feat_2064,float,,Chemical Dice embedding dimension 2064 of 8192 predicted from the SMILES by the distilled Mamba model
feat_2065,float,,Chemical Dice embedding dimension 2065 of 8192 predicted from the SMILES by the distilled Mamba model
feat_2066,float,,Chemical Dice embedding dimension 2066 of 8192 predicted from the SMILES by the distilled Mamba model
feat_2067,float,,Chemical Dice embedding dimension 2067 of 8192 predicted from the SMILES by the distilled Mamba model
feat_2068,float,,Chemical Dice embedding dimension 2068 of 8192 predicted from the SMILES by the distilled Mamba model
feat_2069,float,,Chemical Dice embedding dimension 2069 of 8192 predicted from the SMILES by the distilled Mamba model
feat_2070,float,,Chemical Dice embedding dimension 2070 of 8192 predicted from the SMILES by the distilled Mamba model
feat_2071,float,,Chemical Dice embedding dimension 2071 of 8192 predicted from the SMILES by the distilled Mamba model
feat_2072,float,,Chemical Dice embedding dimension 2072 of 8192 predicted from the SMILES by the distilled Mamba model
feat_2073,float,,Chemical Dice embedding dimension 2073 of 8192 predicted from the SMILES by the distilled Mamba model
feat_2074,float,,Chemical Dice embedding dimension 2074 of 8192 predicted from the SMILES by the distilled Mamba model
feat_2075,float,,Chemical Dice embedding dimension 2075 of 8192 predicted from the SMILES by the distilled Mamba model
feat_2076,float,,Chemical Dice embedding dimension 2076 of 8192 predicted from the SMILES by the distilled Mamba model
feat_2077,float,,Chemical Dice embedding dimension 2077 of 8192 predicted from the SMILES by the distilled Mamba model
feat_2078,float,,Chemical Dice embedding dimension 2078 of 8192 predicted from the SMILES by the distilled Mamba model
feat_2079,float,,Chemical Dice embedding dimension 2079 of 8192 predicted from the SMILES by the distilled Mamba model
feat_2080,float,,Chemical Dice embedding dimension 2080 of 8192 predicted from the SMILES by the distilled Mamba model
feat_2081,float,,Chemical Dice embedding dimension 2081 of 8192 predicted from the SMILES by the distilled Mamba model
feat_2082,float,,Chemical Dice embedding dimension 2082 of 8192 predicted from the SMILES by the distilled Mamba model
feat_2083,float,,Chemical Dice embedding dimension 2083 of 8192 predicted from the SMILES by the distilled Mamba model
feat_2084,float,,Chemical Dice embedding dimension 2084 of 8192 predicted from the SMILES by the distilled Mamba model
feat_2085,float,,Chemical Dice embedding dimension 2085 of 8192 predicted from the SMILES by the distilled Mamba model
feat_2086,float,,Chemical Dice embedding dimension 2086 of 8192 predicted from the SMILES by the distilled Mamba model
feat_2087,float,,Chemical Dice embedding dimension 2087 of 8192 predicted from the SMILES by the distilled Mamba model
feat_2088,float,,Chemical Dice embedding dimension 2088 of 8192 predicted from the SMILES by the distilled Mamba model
feat_2089,float,,Chemical Dice embedding dimension 2089 of 8192 predicted from the SMILES by the distilled Mamba model
feat_2090,float,,Chemical Dice embedding dimension 2090 of 8192 predicted from the SMILES by the distilled Mamba model
feat_2091,float,,Chemical Dice embedding dimension 2091 of 8192 predicted from the SMILES by the distilled Mamba model
feat_2092,float,,Chemical Dice embedding dimension 2092 of 8192 predicted from the SMILES by the distilled Mamba model
feat_2093,float,,Chemical Dice embedding dimension 2093 of 8192 predicted from the SMILES by the distilled Mamba model
feat_2094,float,,Chemical Dice embedding dimension 2094 of 8192 predicted from the SMILES by the distilled Mamba model
feat_2095,float,,Chemical Dice embedding dimension 2095 of 8192 predicted from the SMILES by the distilled Mamba model
feat_2096,float,,Chemical Dice embedding dimension 2096 of 8192 predicted from the SMILES by the distilled Mamba model
feat_2097,float,,Chemical Dice embedding dimension 2097 of 8192 predicted from the SMILES by the distilled Mamba model
feat_2098,float,,Chemical Dice embedding dimension 2098 of 8192 predicted from the SMILES by the distilled Mamba model
feat_2099,float,,Chemical Dice embedding dimension 2099 of 8192 predicted from the SMILES by the distilled Mamba model
feat_2100,float,,Chemical Dice embedding dimension 2100 of 8192 predicted from the SMILES by the distilled Mamba model
feat_2101,float,,Chemical Dice embedding dimension 2101 of 8192 predicted from the SMILES by the distilled Mamba model
feat_2102,float,,Chemical Dice embedding dimension 2102 of 8192 predicted from the SMILES by the distilled Mamba model
feat_2103,float,,Chemical Dice embedding dimension 2103 of 8192 predicted from the SMILES by the distilled Mamba model
feat_2104,float,,Chemical Dice embedding dimension 2104 of 8192 predicted from the SMILES by the distilled Mamba model
feat_2105,float,,Chemical Dice embedding dimension 2105 of 8192 predicted from the SMILES by the distilled Mamba model
feat_2106,float,,Chemical Dice embedding dimension 2106 of 8192 predicted from the SMILES by the distilled Mamba model
feat_2107,float,,Chemical Dice embedding dimension 2107 of 8192 predicted from the SMILES by the distilled Mamba model
feat_2108,float,,Chemical Dice embedding dimension 2108 of 8192 predicted from the SMILES by the distilled Mamba model
feat_2109,float,,Chemical Dice embedding dimension 2109 of 8192 predicted from the SMILES by the distilled Mamba model
feat_2110,float,,Chemical Dice embedding dimension 2110 of 8192 predicted from the SMILES by the distilled Mamba model
feat_2111,float,,Chemical Dice embedding dimension 2111 of 8192 predicted from the SMILES by the distilled Mamba model
feat_2112,float,,Chemical Dice embedding dimension 2112 of 8192 predicted from the SMILES by the distilled Mamba model
feat_2113,float,,Chemical Dice embedding dimension 2113 of 8192 predicted from the SMILES by the distilled Mamba model
feat_2114,float,,Chemical Dice embedding dimension 2114 of 8192 predicted from the SMILES by the distilled Mamba model
feat_2115,float,,Chemical Dice embedding dimension 2115 of 8192 predicted from the SMILES by the distilled Mamba model
feat_2116,float,,Chemical Dice embedding dimension 2116 of 8192 predicted from the SMILES by the distilled Mamba model
feat_2117,float,,Chemical Dice embedding dimension 2117 of 8192 predicted from the SMILES by the distilled Mamba model
feat_2118,float,,Chemical Dice embedding dimension 2118 of 8192 predicted from the SMILES by the distilled Mamba model
feat_2119,float,,Chemical Dice embedding dimension 2119 of 8192 predicted from the SMILES by the distilled Mamba model
feat_2120,float,,Chemical Dice embedding dimension 2120 of 8192 predicted from the SMILES by the distilled Mamba model
feat_2121,float,,Chemical Dice embedding dimension 2121 of 8192 predicted from the SMILES by the distilled Mamba model
feat_2122,float,,Chemical Dice embedding dimension 2122 of 8192 predicted from the SMILES by the distilled Mamba model
feat_2123,float,,Chemical Dice embedding dimension 2123 of 8192 predicted from the SMILES by the distilled Mamba model
feat_2124,float,,Chemical Dice embedding dimension 2124 of 8192 predicted from the SMILES by the distilled Mamba model
feat_2125,float,,Chemical Dice embedding dimension 2125 of 8192 predicted from the SMILES by the distilled Mamba model
feat_2126,float,,Chemical Dice embedding dimension 2126 of 8192 predicted from the SMILES by the distilled Mamba model
feat_2127,float,,Chemical Dice embedding dimension 2127 of 8192 predicted from the SMILES by the distilled Mamba model
feat_2128,float,,Chemical Dice embedding dimension 2128 of 8192 predicted from the SMILES by the distilled Mamba model
feat_2129,float,,Chemical Dice embedding dimension 2129 of 8192 predicted from the SMILES by the distilled Mamba model
feat_2130,float,,Chemical Dice embedding dimension 2130 of 8192 predicted from the SMILES by the distilled Mamba model
feat_2131,float,,Chemical Dice embedding dimension 2131 of 8192 predicted from the SMILES by the distilled Mamba model
feat_2132,float,,Chemical Dice embedding dimension 2132 of 8192 predicted from the SMILES by the distilled Mamba model
feat_2133,float,,Chemical Dice embedding dimension 2133 of 8192 predicted from the SMILES by the distilled Mamba model
feat_2134,float,,Chemical Dice embedding dimension 2134 of 8192 predicted from the SMILES by the distilled Mamba model
feat_2135,float,,Chemical Dice embedding dimension 2135 of 8192 predicted from the SMILES by the distilled Mamba model
feat_2136,float,,Chemical Dice embedding dimension 2136 of 8192 predicted from the SMILES by the distilled Mamba model
feat_2137,float,,Chemical Dice embedding dimension 2137 of 8192 predicted from the SMILES by the distilled Mamba model
feat_2138,float,,Chemical Dice embedding dimension 2138 of 8192 predicted from the SMILES by the distilled Mamba model
feat_2139,float,,Chemical Dice embedding dimension 2139 of 8192 predicted from the SMILES by the distilled Mamba model
feat_2140,float,,Chemical Dice embedding dimension 2140 of 8192 predicted from the SMILES by the distilled Mamba model
feat_2141,float,,Chemical Dice embedding dimension 2141 of 8192 predicted from the SMILES by the distilled Mamba model
feat_2142,float,,Chemical Dice embedding dimension 2142 of 8192 predicted from the SMILES by the distilled Mamba model
feat_2143,float,,Chemical Dice embedding dimension 2143 of 8192 predicted from the SMILES by the distilled Mamba model
feat_2144,float,,Chemical Dice embedding dimension 2144 of 8192 predicted from the SMILES by the distilled Mamba model
feat_2145,float,,Chemical Dice embedding dimension 2145 of 8192 predicted from the SMILES by the distilled Mamba model
feat_2146,float,,Chemical Dice embedding dimension 2146 of 8192 predicted from the SMILES by the distilled Mamba model
feat_2147,float,,Chemical Dice embedding dimension 2147 of 8192 predicted from the SMILES by the distilled Mamba model
feat_2148,float,,Chemical Dice embedding dimension 2148 of 8192 predicted from the SMILES by the distilled Mamba model
feat_2149,float,,Chemical Dice embedding dimension 2149 of 8192 predicted from the SMILES by the distilled Mamba model
feat_2150,float,,Chemical Dice embedding dimension 2150 of 8192 predicted from the SMILES by the distilled Mamba model
feat_2151,float,,Chemical Dice embedding dimension 2151 of 8192 predicted from the SMILES by the distilled Mamba model
feat_2152,float,,Chemical Dice embedding dimension 2152 of 8192 predicted from the SMILES by the distilled Mamba model
feat_2153,float,,Chemical Dice embedding dimension 2153 of 8192 predicted from the SMILES by the distilled Mamba model
feat_2154,float,,Chemical Dice embedding dimension 2154 of 8192 predicted from the SMILES by the distilled Mamba model
feat_2155,float,,Chemical Dice embedding dimension 2155 of 8192 predicted from the SMILES by the distilled Mamba model
feat_2156,float,,Chemical Dice embedding dimension 2156 of 8192 predicted from the SMILES by the distilled Mamba model
feat_2157,float,,Chemical Dice embedding dimension 2157 of 8192 predicted from the SMILES by the distilled Mamba model
feat_2158,float,,Chemical Dice embedding dimension 2158 of 8192 predicted from the SMILES by the distilled Mamba model
feat_2159,float,,Chemical Dice embedding dimension 2159 of 8192 predicted from the SMILES by the distilled Mamba model
feat_2160,float,,Chemical Dice embedding dimension 2160 of 8192 predicted from the SMILES by the distilled Mamba model
feat_2161,float,,Chemical Dice embedding dimension 2161 of 8192 predicted from the SMILES by the distilled Mamba model
feat_2162,float,,Chemical Dice embedding dimension 2162 of 8192 predicted from the SMILES by the distilled Mamba model
feat_2163,float,,Chemical Dice embedding dimension 2163 of 8192 predicted from the SMILES by the distilled Mamba model
feat_2164,float,,Chemical Dice embedding dimension 2164 of 8192 predicted from the SMILES by the distilled Mamba model
feat_2165,float,,Chemical Dice embedding dimension 2165 of 8192 predicted from the SMILES by the distilled Mamba model
feat_2166,float,,Chemical Dice embedding dimension 2166 of 8192 predicted from the SMILES by the distilled Mamba model
feat_2167,float,,Chemical Dice embedding dimension 2167 of 8192 predicted from the SMILES by the distilled Mamba model
feat_2168,float,,Chemical Dice embedding dimension 2168 of 8192 predicted from the SMILES by the distilled Mamba model
feat_2169,float,,Chemical Dice embedding dimension 2169 of 8192 predicted from the SMILES by the distilled Mamba model
feat_2170,float,,Chemical Dice embedding dimension 2170 of 8192 predicted from the SMILES by the distilled Mamba model
feat_2171,float,,Chemical Dice embedding dimension 2171 of 8192 predicted from the SMILES by the distilled Mamba model
feat_2172,float,,Chemical Dice embedding dimension 2172 of 8192 predicted from the SMILES by the distilled Mamba model
feat_2173,float,,Chemical Dice embedding dimension 2173 of 8192 predicted from the SMILES by the distilled Mamba model
feat_2174,float,,Chemical Dice embedding dimension 2174 of 8192 predicted from the SMILES by the distilled Mamba model
feat_2175,float,,Chemical Dice embedding dimension 2175 of 8192 predicted from the SMILES by the distilled Mamba model
feat_2176,float,,Chemical Dice embedding dimension 2176 of 8192 predicted from the SMILES by the distilled Mamba model
feat_2177,float,,Chemical Dice embedding dimension 2177 of 8192 predicted from the SMILES by the distilled Mamba model
feat_2178,float,,Chemical Dice embedding dimension 2178 of 8192 predicted from the SMILES by the distilled Mamba model
feat_2179,float,,Chemical Dice embedding dimension 2179 of 8192 predicted from the SMILES by the distilled Mamba model
feat_2180,float,,Chemical Dice embedding dimension 2180 of 8192 predicted from the SMILES by the distilled Mamba model
feat_2181,float,,Chemical Dice embedding dimension 2181 of 8192 predicted from the SMILES by the distilled Mamba model
feat_2182,float,,Chemical Dice embedding dimension 2182 of 8192 predicted from the SMILES by the distilled Mamba model
feat_2183,float,,Chemical Dice embedding dimension 2183 of 8192 predicted from the SMILES by the distilled Mamba model
feat_2184,float,,Chemical Dice embedding dimension 2184 of 8192 predicted from the SMILES by the distilled Mamba model
feat_2185,float,,Chemical Dice embedding dimension 2185 of 8192 predicted from the SMILES by the distilled Mamba model
feat_2186,float,,Chemical Dice embedding dimension 2186 of 8192 predicted from the SMILES by the distilled Mamba model
feat_2187,float,,Chemical Dice embedding dimension 2187 of 8192 predicted from the SMILES by the distilled Mamba model
feat_2188,float,,Chemical Dice embedding dimension 2188 of 8192 predicted from the SMILES by the distilled Mamba model
feat_2189,float,,Chemical Dice embedding dimension 2189 of 8192 predicted from the SMILES by the distilled Mamba model
feat_2190,float,,Chemical Dice embedding dimension 2190 of 8192 predicted from the SMILES by the distilled Mamba model
feat_2191,float,,Chemical Dice embedding dimension 2191 of 8192 predicted from the SMILES by the distilled Mamba model
feat_2192,float,,Chemical Dice embedding dimension 2192 of 8192 predicted from the SMILES by the distilled Mamba model
feat_2193,float,,Chemical Dice embedding dimension 2193 of 8192 predicted from the SMILES by the distilled Mamba model
feat_2194,float,,Chemical Dice embedding dimension 2194 of 8192 predicted from the SMILES by the distilled Mamba model
feat_2195,float,,Chemical Dice embedding dimension 2195 of 8192 predicted from the SMILES by the distilled Mamba model
feat_2196,float,,Chemical Dice embedding dimension 2196 of 8192 predicted from the SMILES by the distilled Mamba model
feat_2197,float,,Chemical Dice embedding dimension 2197 of 8192 predicted from the SMILES by the distilled Mamba model
feat_2198,float,,Chemical Dice embedding dimension 2198 of 8192 predicted from the SMILES by the distilled Mamba model
feat_2199,float,,Chemical Dice embedding dimension 2199 of 8192 predicted from the SMILES by the distilled Mamba model
feat_2200,float,,Chemical Dice embedding dimension 2200 of 8192 predicted from the SMILES by the distilled Mamba model
feat_2201,float,,Chemical Dice embedding dimension 2201 of 8192 predicted from the SMILES by the distilled Mamba model
feat_2202,float,,Chemical Dice embedding dimension 2202 of 8192 predicted from the SMILES by the distilled Mamba model
feat_2203,float,,Chemical Dice embedding dimension 2203 of 8192 predicted from the SMILES by the distilled Mamba model
feat_2204,float,,Chemical Dice embedding dimension 2204 of 8192 predicted from the SMILES by the distilled Mamba model
feat_2205,float,,Chemical Dice embedding dimension 2205 of 8192 predicted from the SMILES by the distilled Mamba model
feat_2206,float,,Chemical Dice embedding dimension 2206 of 8192 predicted from the SMILES by the distilled Mamba model
feat_2207,float,,Chemical Dice embedding dimension 2207 of 8192 predicted from the SMILES by the distilled Mamba model
feat_2208,float,,Chemical Dice embedding dimension 2208 of 8192 predicted from the SMILES by the distilled Mamba model
feat_2209,float,,Chemical Dice embedding dimension 2209 of 8192 predicted from the SMILES by the distilled Mamba model
feat_2210,float,,Chemical Dice embedding dimension 2210 of 8192 predicted from the SMILES by the distilled Mamba model
feat_2211,float,,Chemical Dice embedding dimension 2211 of 8192 predicted from the SMILES by the distilled Mamba model
feat_2212,float,,Chemical Dice embedding dimension 2212 of 8192 predicted from the SMILES by the distilled Mamba model
feat_2213,float,,Chemical Dice embedding dimension 2213 of 8192 predicted from the SMILES by the distilled Mamba model
feat_2214,float,,Chemical Dice embedding dimension 2214 of 8192 predicted from the SMILES by the distilled Mamba model
feat_2215,float,,Chemical Dice embedding dimension 2215 of 8192 predicted from the SMILES by the distilled Mamba model
feat_2216,float,,Chemical Dice embedding dimension 2216 of 8192 predicted from the SMILES by the distilled Mamba model
feat_2217,float,,Chemical Dice embedding dimension 2217 of 8192 predicted from the SMILES by the distilled Mamba model
feat_2218,float,,Chemical Dice embedding dimension 2218 of 8192 predicted from the SMILES by the distilled Mamba model
feat_2219,float,,Chemical Dice embedding dimension 2219 of 8192 predicted from the SMILES by the distilled Mamba model
feat_2220,float,,Chemical Dice embedding dimension 2220 of 8192 predicted from the SMILES by the distilled Mamba model
feat_2221,float,,Chemical Dice embedding dimension 2221 of 8192 predicted from the SMILES by the distilled Mamba model
feat_2222,float,,Chemical Dice embedding dimension 2222 of 8192 predicted from the SMILES by the distilled Mamba model
feat_2223,float,,Chemical Dice embedding dimension 2223 of 8192 predicted from the SMILES by the distilled Mamba model
feat_2224,float,,Chemical Dice embedding dimension 2224 of 8192 predicted from the SMILES by the distilled Mamba model
feat_2225,float,,Chemical Dice embedding dimension 2225 of 8192 predicted from the SMILES by the distilled Mamba model
feat_2226,float,,Chemical Dice embedding dimension 2226 of 8192 predicted from the SMILES by the distilled Mamba model
feat_2227,float,,Chemical Dice embedding dimension 2227 of 8192 predicted from the SMILES by the distilled Mamba model
feat_2228,float,,Chemical Dice embedding dimension 2228 of 8192 predicted from the SMILES by the distilled Mamba model
feat_2229,float,,Chemical Dice embedding dimension 2229 of 8192 predicted from the SMILES by the distilled Mamba model
feat_2230,float,,Chemical Dice embedding dimension 2230 of 8192 predicted from the SMILES by the distilled Mamba model
feat_2231,float,,Chemical Dice embedding dimension 2231 of 8192 predicted from the SMILES by the distilled Mamba model
feat_2232,float,,Chemical Dice embedding dimension 2232 of 8192 predicted from the SMILES by the distilled Mamba model
feat_2233,float,,Chemical Dice embedding dimension 2233 of 8192 predicted from the SMILES by the distilled Mamba model
feat_2234,float,,Chemical Dice embedding dimension 2234 of 8192 predicted from the SMILES by the distilled Mamba model
feat_2235,float,,Chemical Dice embedding dimension 2235 of 8192 predicted from the SMILES by the distilled Mamba model
feat_2236,float,,Chemical Dice embedding dimension 2236 of 8192 predicted from the SMILES by the distilled Mamba model
feat_2237,float,,Chemical Dice embedding dimension 2237 of 8192 predicted from the SMILES by the distilled Mamba model
feat_2238,float,,Chemical Dice embedding dimension 2238 of 8192 predicted from the SMILES by the distilled Mamba model
feat_2239,float,,Chemical Dice embedding dimension 2239 of 8192 predicted from the SMILES by the distilled Mamba model
feat_2240,float,,Chemical Dice embedding dimension 2240 of 8192 predicted from the SMILES by the distilled Mamba model
feat_2241,float,,Chemical Dice embedding dimension 2241 of 8192 predicted from the SMILES by the distilled Mamba model
feat_2242,float,,Chemical Dice embedding dimension 2242 of 8192 predicted from the SMILES by the distilled Mamba model
feat_2243,float,,Chemical Dice embedding dimension 2243 of 8192 predicted from the SMILES by the distilled Mamba model
feat_2244,float,,Chemical Dice embedding dimension 2244 of 8192 predicted from the SMILES by the distilled Mamba model
feat_2245,float,,Chemical Dice embedding dimension 2245 of 8192 predicted from the SMILES by the distilled Mamba model
feat_2246,float,,Chemical Dice embedding dimension 2246 of 8192 predicted from the SMILES by the distilled Mamba model
feat_2247,float,,Chemical Dice embedding dimension 2247 of 8192 predicted from the SMILES by the distilled Mamba model
feat_2248,float,,Chemical Dice embedding dimension 2248 of 8192 predicted from the SMILES by the distilled Mamba model
feat_2249,float,,Chemical Dice embedding dimension 2249 of 8192 predicted from the SMILES by the distilled Mamba model
feat_2250,float,,Chemical Dice embedding dimension 2250 of 8192 predicted from the SMILES by the distilled Mamba model
feat_2251,float,,Chemical Dice embedding dimension 2251 of 8192 predicted from the SMILES by the distilled Mamba model
feat_2252,float,,Chemical Dice embedding dimension 2252 of 8192 predicted from the SMILES by the distilled Mamba model
feat_2253,float,,Chemical Dice embedding dimension 2253 of 8192 predicted from the SMILES by the distilled Mamba model
feat_2254,float,,Chemical Dice embedding dimension 2254 of 8192 predicted from the SMILES by the distilled Mamba model
feat_2255,float,,Chemical Dice embedding dimension 2255 of 8192 predicted from the SMILES by the distilled Mamba model
feat_2256,float,,Chemical Dice embedding dimension 2256 of 8192 predicted from the SMILES by the distilled Mamba model
feat_2257,float,,Chemical Dice embedding dimension 2257 of 8192 predicted from the SMILES by the distilled Mamba model
feat_2258,float,,Chemical Dice embedding dimension 2258 of 8192 predicted from the SMILES by the distilled Mamba model
feat_2259,float,,Chemical Dice embedding dimension 2259 of 8192 predicted from the SMILES by the distilled Mamba model
feat_2260,float,,Chemical Dice embedding dimension 2260 of 8192 predicted from the SMILES by the distilled Mamba model
feat_2261,float,,Chemical Dice embedding dimension 2261 of 8192 predicted from the SMILES by the distilled Mamba model
feat_2262,float,,Chemical Dice embedding dimension 2262 of 8192 predicted from the SMILES by the distilled Mamba model
feat_2263,float,,Chemical Dice embedding dimension 2263 of 8192 predicted from the SMILES by the distilled Mamba model
feat_2264,float,,Chemical Dice embedding dimension 2264 of 8192 predicted from the SMILES by the distilled Mamba model
feat_2265,float,,Chemical Dice embedding dimension 2265 of 8192 predicted from the SMILES by the distilled Mamba model
feat_2266,float,,Chemical Dice embedding dimension 2266 of 8192 predicted from the SMILES by the distilled Mamba model
feat_2267,float,,Chemical Dice embedding dimension 2267 of 8192 predicted from the SMILES by the distilled Mamba model
feat_2268,float,,Chemical Dice embedding dimension 2268 of 8192 predicted from the SMILES by the distilled Mamba model
feat_2269,float,,Chemical Dice embedding dimension 2269 of 8192 predicted from the SMILES by the distilled Mamba model
feat_2270,float,,Chemical Dice embedding dimension 2270 of 8192 predicted from the SMILES by the distilled Mamba model
feat_2271,float,,Chemical Dice embedding dimension 2271 of 8192 predicted from the SMILES by the distilled Mamba model
feat_2272,float,,Chemical Dice embedding dimension 2272 of 8192 predicted from the SMILES by the distilled Mamba model
feat_2273,float,,Chemical Dice embedding dimension 2273 of 8192 predicted from the SMILES by the distilled Mamba model
feat_2274,float,,Chemical Dice embedding dimension 2274 of 8192 predicted from the SMILES by the distilled Mamba model
feat_2275,float,,Chemical Dice embedding dimension 2275 of 8192 predicted from the SMILES by the distilled Mamba model
feat_2276,float,,Chemical Dice embedding dimension 2276 of 8192 predicted from the SMILES by the distilled Mamba model
feat_2277,float,,Chemical Dice embedding dimension 2277 of 8192 predicted from the SMILES by the distilled Mamba model
feat_2278,float,,Chemical Dice embedding dimension 2278 of 8192 predicted from the SMILES by the distilled Mamba model
feat_2279,float,,Chemical Dice embedding dimension 2279 of 8192 predicted from the SMILES by the distilled Mamba model
feat_2280,float,,Chemical Dice embedding dimension 2280 of 8192 predicted from the SMILES by the distilled Mamba model
feat_2281,float,,Chemical Dice embedding dimension 2281 of 8192 predicted from the SMILES by the distilled Mamba model
feat_2282,float,,Chemical Dice embedding dimension 2282 of 8192 predicted from the SMILES by the distilled Mamba model
feat_2283,float,,Chemical Dice embedding dimension 2283 of 8192 predicted from the SMILES by the distilled Mamba model
feat_2284,float,,Chemical Dice embedding dimension 2284 of 8192 predicted from the SMILES by the distilled Mamba model
feat_2285,float,,Chemical Dice embedding dimension 2285 of 8192 predicted from the SMILES by the distilled Mamba model
feat_2286,float,,Chemical Dice embedding dimension 2286 of 8192 predicted from the SMILES by the distilled Mamba model
feat_2287,float,,Chemical Dice embedding dimension 2287 of 8192 predicted from the SMILES by the distilled Mamba model
feat_2288,float,,Chemical Dice embedding dimension 2288 of 8192 predicted from the SMILES by the distilled Mamba model
feat_2289,float,,Chemical Dice embedding dimension 2289 of 8192 predicted from the SMILES by the distilled Mamba model
feat_2290,float,,Chemical Dice embedding dimension 2290 of 8192 predicted from the SMILES by the distilled Mamba model
feat_2291,float,,Chemical Dice embedding dimension 2291 of 8192 predicted from the SMILES by the distilled Mamba model
feat_2292,float,,Chemical Dice embedding dimension 2292 of 8192 predicted from the SMILES by the distilled Mamba model
feat_2293,float,,Chemical Dice embedding dimension 2293 of 8192 predicted from the SMILES by the distilled Mamba model
feat_2294,float,,Chemical Dice embedding dimension 2294 of 8192 predicted from the SMILES by the distilled Mamba model
feat_2295,float,,Chemical Dice embedding dimension 2295 of 8192 predicted from the SMILES by the distilled Mamba model
feat_2296,float,,Chemical Dice embedding dimension 2296 of 8192 predicted from the SMILES by the distilled Mamba model
feat_2297,float,,Chemical Dice embedding dimension 2297 of 8192 predicted from the SMILES by the distilled Mamba model
feat_2298,float,,Chemical Dice embedding dimension 2298 of 8192 predicted from the SMILES by the distilled Mamba model
feat_2299,float,,Chemical Dice embedding dimension 2299 of 8192 predicted from the SMILES by the distilled Mamba model
feat_2300,float,,Chemical Dice embedding dimension 2300 of 8192 predicted from the SMILES by the distilled Mamba model
feat_2301,float,,Chemical Dice embedding dimension 2301 of 8192 predicted from the SMILES by the distilled Mamba model
feat_2302,float,,Chemical Dice embedding dimension 2302 of 8192 predicted from the SMILES by the distilled Mamba model
feat_2303,float,,Chemical Dice embedding dimension 2303 of 8192 predicted from the SMILES by the distilled Mamba model
feat_2304,float,,Chemical Dice embedding dimension 2304 of 8192 predicted from the SMILES by the distilled Mamba model
feat_2305,float,,Chemical Dice embedding dimension 2305 of 8192 predicted from the SMILES by the distilled Mamba model
feat_2306,float,,Chemical Dice embedding dimension 2306 of 8192 predicted from the SMILES by the distilled Mamba model
feat_2307,float,,Chemical Dice embedding dimension 2307 of 8192 predicted from the SMILES by the distilled Mamba model
feat_2308,float,,Chemical Dice embedding dimension 2308 of 8192 predicted from the SMILES by the distilled Mamba model
feat_2309,float,,Chemical Dice embedding dimension 2309 of 8192 predicted from the SMILES by the distilled Mamba model
feat_2310,float,,Chemical Dice embedding dimension 2310 of 8192 predicted from the SMILES by the distilled Mamba model
feat_2311,float,,Chemical Dice embedding dimension 2311 of 8192 predicted from the SMILES by the distilled Mamba model
feat_2312,float,,Chemical Dice embedding dimension 2312 of 8192 predicted from the SMILES by the distilled Mamba model
feat_2313,float,,Chemical Dice embedding dimension 2313 of 8192 predicted from the SMILES by the distilled Mamba model
feat_2314,float,,Chemical Dice embedding dimension 2314 of 8192 predicted from the SMILES by the distilled Mamba model
feat_2315,float,,Chemical Dice embedding dimension 2315 of 8192 predicted from the SMILES by the distilled Mamba model
feat_2316,float,,Chemical Dice embedding dimension 2316 of 8192 predicted from the SMILES by the distilled Mamba model
feat_2317,float,,Chemical Dice embedding dimension 2317 of 8192 predicted from the SMILES by the distilled Mamba model
feat_2318,float,,Chemical Dice embedding dimension 2318 of 8192 predicted from the SMILES by the distilled Mamba model
feat_2319,float,,Chemical Dice embedding dimension 2319 of 8192 predicted from the SMILES by the distilled Mamba model
feat_2320,float,,Chemical Dice embedding dimension 2320 of 8192 predicted from the SMILES by the distilled Mamba model
feat_2321,float,,Chemical Dice embedding dimension 2321 of 8192 predicted from the SMILES by the distilled Mamba model
feat_2322,float,,Chemical Dice embedding dimension 2322 of 8192 predicted from the SMILES by the distilled Mamba model
feat_2323,float,,Chemical Dice embedding dimension 2323 of 8192 predicted from the SMILES by the distilled Mamba model
feat_2324,float,,Chemical Dice embedding dimension 2324 of 8192 predicted from the SMILES by the distilled Mamba model
feat_2325,float,,Chemical Dice embedding dimension 2325 of 8192 predicted from the SMILES by the distilled Mamba model
feat_2326,float,,Chemical Dice embedding dimension 2326 of 8192 predicted from the SMILES by the distilled Mamba model
feat_2327,float,,Chemical Dice embedding dimension 2327 of 8192 predicted from the SMILES by the distilled Mamba model
feat_2328,float,,Chemical Dice embedding dimension 2328 of 8192 predicted from the SMILES by the distilled Mamba model
feat_2329,float,,Chemical Dice embedding dimension 2329 of 8192 predicted from the SMILES by the distilled Mamba model
feat_2330,float,,Chemical Dice embedding dimension 2330 of 8192 predicted from the SMILES by the distilled Mamba model
feat_2331,float,,Chemical Dice embedding dimension 2331 of 8192 predicted from the SMILES by the distilled Mamba model
feat_2332,float,,Chemical Dice embedding dimension 2332 of 8192 predicted from the SMILES by the distilled Mamba model
feat_2333,float,,Chemical Dice embedding dimension 2333 of 8192 predicted from the SMILES by the distilled Mamba model
feat_2334,float,,Chemical Dice embedding dimension 2334 of 8192 predicted from the SMILES by the distilled Mamba model
feat_2335,float,,Chemical Dice embedding dimension 2335 of 8192 predicted from the SMILES by the distilled Mamba model
feat_2336,float,,Chemical Dice embedding dimension 2336 of 8192 predicted from the SMILES by the distilled Mamba model
feat_2337,float,,Chemical Dice embedding dimension 2337 of 8192 predicted from the SMILES by the distilled Mamba model
feat_2338,float,,Chemical Dice embedding dimension 2338 of 8192 predicted from the SMILES by the distilled Mamba model
feat_2339,float,,Chemical Dice embedding dimension 2339 of 8192 predicted from the SMILES by the distilled Mamba model
feat_2340,float,,Chemical Dice embedding dimension 2340 of 8192 predicted from the SMILES by the distilled Mamba model
feat_2341,float,,Chemical Dice embedding dimension 2341 of 8192 predicted from the SMILES by the distilled Mamba model
feat_2342,float,,Chemical Dice embedding dimension 2342 of 8192 predicted from the SMILES by the distilled Mamba model
feat_2343,float,,Chemical Dice embedding dimension 2343 of 8192 predicted from the SMILES by the distilled Mamba model
feat_2344,float,,Chemical Dice embedding dimension 2344 of 8192 predicted from the SMILES by the distilled Mamba model
feat_2345,float,,Chemical Dice embedding dimension 2345 of 8192 predicted from the SMILES by the distilled Mamba model
feat_2346,float,,Chemical Dice embedding dimension 2346 of 8192 predicted from the SMILES by the distilled Mamba model
feat_2347,float,,Chemical Dice embedding dimension 2347 of 8192 predicted from the SMILES by the distilled Mamba model
feat_2348,float,,Chemical Dice embedding dimension 2348 of 8192 predicted from the SMILES by the distilled Mamba model
feat_2349,float,,Chemical Dice embedding dimension 2349 of 8192 predicted from the SMILES by the distilled Mamba model
feat_2350,float,,Chemical Dice embedding dimension 2350 of 8192 predicted from the SMILES by the distilled Mamba model
feat_2351,float,,Chemical Dice embedding dimension 2351 of 8192 predicted from the SMILES by the distilled Mamba model
feat_2352,float,,Chemical Dice embedding dimension 2352 of 8192 predicted from the SMILES by the distilled Mamba model
feat_2353,float,,Chemical Dice embedding dimension 2353 of 8192 predicted from the SMILES by the distilled Mamba model
feat_2354,float,,Chemical Dice embedding dimension 2354 of 8192 predicted from the SMILES by the distilled Mamba model
feat_2355,float,,Chemical Dice embedding dimension 2355 of 8192 predicted from the SMILES by the distilled Mamba model
feat_2356,float,,Chemical Dice embedding dimension 2356 of 8192 predicted from the SMILES by the distilled Mamba model
feat_2357,float,,Chemical Dice embedding dimension 2357 of 8192 predicted from the SMILES by the distilled Mamba model
feat_2358,float,,Chemical Dice embedding dimension 2358 of 8192 predicted from the SMILES by the distilled Mamba model
feat_2359,float,,Chemical Dice embedding dimension 2359 of 8192 predicted from the SMILES by the distilled Mamba model
feat_2360,float,,Chemical Dice embedding dimension 2360 of 8192 predicted from the SMILES by the distilled Mamba model
feat_2361,float,,Chemical Dice embedding dimension 2361 of 8192 predicted from the SMILES by the distilled Mamba model
feat_2362,float,,Chemical Dice embedding dimension 2362 of 8192 predicted from the SMILES by the distilled Mamba model
feat_2363,float,,Chemical Dice embedding dimension 2363 of 8192 predicted from the SMILES by the distilled Mamba model
feat_2364,float,,Chemical Dice embedding dimension 2364 of 8192 predicted from the SMILES by the distilled Mamba model
feat_2365,float,,Chemical Dice embedding dimension 2365 of 8192 predicted from the SMILES by the distilled Mamba model
feat_2366,float,,Chemical Dice embedding dimension 2366 of 8192 predicted from the SMILES by the distilled Mamba model
feat_2367,float,,Chemical Dice embedding dimension 2367 of 8192 predicted from the SMILES by the distilled Mamba model
feat_2368,float,,Chemical Dice embedding dimension 2368 of 8192 predicted from the SMILES by the distilled Mamba model
feat_2369,float,,Chemical Dice embedding dimension 2369 of 8192 predicted from the SMILES by the distilled Mamba model
feat_2370,float,,Chemical Dice embedding dimension 2370 of 8192 predicted from the SMILES by the distilled Mamba model
feat_2371,float,,Chemical Dice embedding dimension 2371 of 8192 predicted from the SMILES by the distilled Mamba model
feat_2372,float,,Chemical Dice embedding dimension 2372 of 8192 predicted from the SMILES by the distilled Mamba model
feat_2373,float,,Chemical Dice embedding dimension 2373 of 8192 predicted from the SMILES by the distilled Mamba model
feat_2374,float,,Chemical Dice embedding dimension 2374 of 8192 predicted from the SMILES by the distilled Mamba model
feat_2375,float,,Chemical Dice embedding dimension 2375 of 8192 predicted from the SMILES by the distilled Mamba model
feat_2376,float,,Chemical Dice embedding dimension 2376 of 8192 predicted from the SMILES by the distilled Mamba model
feat_2377,float,,Chemical Dice embedding dimension 2377 of 8192 predicted from the SMILES by the distilled Mamba model
feat_2378,float,,Chemical Dice embedding dimension 2378 of 8192 predicted from the SMILES by the distilled Mamba model
feat_2379,float,,Chemical Dice embedding dimension 2379 of 8192 predicted from the SMILES by the distilled Mamba model
feat_2380,float,,Chemical Dice embedding dimension 2380 of 8192 predicted from the SMILES by the distilled Mamba model
feat_2381,float,,Chemical Dice embedding dimension 2381 of 8192 predicted from the SMILES by the distilled Mamba model
feat_2382,float,,Chemical Dice embedding dimension 2382 of 8192 predicted from the SMILES by the distilled Mamba model
feat_2383,float,,Chemical Dice embedding dimension 2383 of 8192 predicted from the SMILES by the distilled Mamba model
feat_2384,float,,Chemical Dice embedding dimension 2384 of 8192 predicted from the SMILES by the distilled Mamba model
feat_2385,float,,Chemical Dice embedding dimension 2385 of 8192 predicted from the SMILES by the distilled Mamba model
feat_2386,float,,Chemical Dice embedding dimension 2386 of 8192 predicted from the SMILES by the distilled Mamba model
feat_2387,float,,Chemical Dice embedding dimension 2387 of 8192 predicted from the SMILES by the distilled Mamba model
feat_2388,float,,Chemical Dice embedding dimension 2388 of 8192 predicted from the SMILES by the distilled Mamba model
feat_2389,float,,Chemical Dice embedding dimension 2389 of 8192 predicted from the SMILES by the distilled Mamba model
feat_2390,float,,Chemical Dice embedding dimension 2390 of 8192 predicted from the SMILES by the distilled Mamba model
feat_2391,float,,Chemical Dice embedding dimension 2391 of 8192 predicted from the SMILES by the distilled Mamba model
feat_2392,float,,Chemical Dice embedding dimension 2392 of 8192 predicted from the SMILES by the distilled Mamba model
feat_2393,float,,Chemical Dice embedding dimension 2393 of 8192 predicted from the SMILES by the distilled Mamba model
feat_2394,float,,Chemical Dice embedding dimension 2394 of 8192 predicted from the SMILES by the distilled Mamba model
feat_2395,float,,Chemical Dice embedding dimension 2395 of 8192 predicted from the SMILES by the distilled Mamba model
feat_2396,float,,Chemical Dice embedding dimension 2396 of 8192 predicted from the SMILES by the distilled Mamba model
feat_2397,float,,Chemical Dice embedding dimension 2397 of 8192 predicted from the SMILES by the distilled Mamba model
feat_2398,float,,Chemical Dice embedding dimension 2398 of 8192 predicted from the SMILES by the distilled Mamba model
feat_2399,float,,Chemical Dice embedding dimension 2399 of 8192 predicted from the SMILES by the distilled Mamba model
feat_2400,float,,Chemical Dice embedding dimension 2400 of 8192 predicted from the SMILES by the distilled Mamba model
feat_2401,float,,Chemical Dice embedding dimension 2401 of 8192 predicted from the SMILES by the distilled Mamba model
feat_2402,float,,Chemical Dice embedding dimension 2402 of 8192 predicted from the SMILES by the distilled Mamba model
feat_2403,float,,Chemical Dice embedding dimension 2403 of 8192 predicted from the SMILES by the distilled Mamba model
feat_2404,float,,Chemical Dice embedding dimension 2404 of 8192 predicted from the SMILES by the distilled Mamba model
feat_2405,float,,Chemical Dice embedding dimension 2405 of 8192 predicted from the SMILES by the distilled Mamba model
feat_2406,float,,Chemical Dice embedding dimension 2406 of 8192 predicted from the SMILES by the distilled Mamba model
feat_2407,float,,Chemical Dice embedding dimension 2407 of 8192 predicted from the SMILES by the distilled Mamba model
feat_2408,float,,Chemical Dice embedding dimension 2408 of 8192 predicted from the SMILES by the distilled Mamba model
feat_2409,float,,Chemical Dice embedding dimension 2409 of 8192 predicted from the SMILES by the distilled Mamba model
feat_2410,float,,Chemical Dice embedding dimension 2410 of 8192 predicted from the SMILES by the distilled Mamba model
feat_2411,float,,Chemical Dice embedding dimension 2411 of 8192 predicted from the SMILES by the distilled Mamba model
feat_2412,float,,Chemical Dice embedding dimension 2412 of 8192 predicted from the SMILES by the distilled Mamba model
feat_2413,float,,Chemical Dice embedding dimension 2413 of 8192 predicted from the SMILES by the distilled Mamba model
feat_2414,float,,Chemical Dice embedding dimension 2414 of 8192 predicted from the SMILES by the distilled Mamba model
feat_2415,float,,Chemical Dice embedding dimension 2415 of 8192 predicted from the SMILES by the distilled Mamba model
feat_2416,float,,Chemical Dice embedding dimension 2416 of 8192 predicted from the SMILES by the distilled Mamba model
feat_2417,float,,Chemical Dice embedding dimension 2417 of 8192 predicted from the SMILES by the distilled Mamba model
feat_2418,float,,Chemical Dice embedding dimension 2418 of 8192 predicted from the SMILES by the distilled Mamba model
feat_2419,float,,Chemical Dice embedding dimension 2419 of 8192 predicted from the SMILES by the distilled Mamba model
feat_2420,float,,Chemical Dice embedding dimension 2420 of 8192 predicted from the SMILES by the distilled Mamba model
feat_2421,float,,Chemical Dice embedding dimension 2421 of 8192 predicted from the SMILES by the distilled Mamba model
feat_2422,float,,Chemical Dice embedding dimension 2422 of 8192 predicted from the SMILES by the distilled Mamba model
feat_2423,float,,Chemical Dice embedding dimension 2423 of 8192 predicted from the SMILES by the distilled Mamba model
feat_2424,float,,Chemical Dice embedding dimension 2424 of 8192 predicted from the SMILES by the distilled Mamba model
feat_2425,float,,Chemical Dice embedding dimension 2425 of 8192 predicted from the SMILES by the distilled Mamba model
feat_2426,float,,Chemical Dice embedding dimension 2426 of 8192 predicted from the SMILES by the distilled Mamba model
feat_2427,float,,Chemical Dice embedding dimension 2427 of 8192 predicted from the SMILES by the distilled Mamba model
feat_2428,float,,Chemical Dice embedding dimension 2428 of 8192 predicted from the SMILES by the distilled Mamba model
feat_2429,float,,Chemical Dice embedding dimension 2429 of 8192 predicted from the SMILES by the distilled Mamba model
feat_2430,float,,Chemical Dice embedding dimension 2430 of 8192 predicted from the SMILES by the distilled Mamba model
feat_2431,float,,Chemical Dice embedding dimension 2431 of 8192 predicted from the SMILES by the distilled Mamba model
feat_2432,float,,Chemical Dice embedding dimension 2432 of 8192 predicted from the SMILES by the distilled Mamba model
feat_2433,float,,Chemical Dice embedding dimension 2433 of 8192 predicted from the SMILES by the distilled Mamba model
feat_2434,float,,Chemical Dice embedding dimension 2434 of 8192 predicted from the SMILES by the distilled Mamba model
feat_2435,float,,Chemical Dice embedding dimension 2435 of 8192 predicted from the SMILES by the distilled Mamba model
feat_2436,float,,Chemical Dice embedding dimension 2436 of 8192 predicted from the SMILES by the distilled Mamba model
feat_2437,float,,Chemical Dice embedding dimension 2437 of 8192 predicted from the SMILES by the distilled Mamba model
feat_2438,float,,Chemical Dice embedding dimension 2438 of 8192 predicted from the SMILES by the distilled Mamba model
feat_2439,float,,Chemical Dice embedding dimension 2439 of 8192 predicted from the SMILES by the distilled Mamba model
feat_2440,float,,Chemical Dice embedding dimension 2440 of 8192 predicted from the SMILES by the distilled Mamba model
feat_2441,float,,Chemical Dice embedding dimension 2441 of 8192 predicted from the SMILES by the distilled Mamba model
feat_2442,float,,Chemical Dice embedding dimension 2442 of 8192 predicted from the SMILES by the distilled Mamba model
feat_2443,float,,Chemical Dice embedding dimension 2443 of 8192 predicted from the SMILES by the distilled Mamba model
feat_2444,float,,Chemical Dice embedding dimension 2444 of 8192 predicted from the SMILES by the distilled Mamba model
feat_2445,float,,Chemical Dice embedding dimension 2445 of 8192 predicted from the SMILES by the distilled Mamba model
feat_2446,float,,Chemical Dice embedding dimension 2446 of 8192 predicted from the SMILES by the distilled Mamba model
feat_2447,float,,Chemical Dice embedding dimension 2447 of 8192 predicted from the SMILES by the distilled Mamba model
feat_2448,float,,Chemical Dice embedding dimension 2448 of 8192 predicted from the SMILES by the distilled Mamba model
feat_2449,float,,Chemical Dice embedding dimension 2449 of 8192 predicted from the SMILES by the distilled Mamba model
feat_2450,float,,Chemical Dice embedding dimension 2450 of 8192 predicted from the SMILES by the distilled Mamba model
feat_2451,float,,Chemical Dice embedding dimension 2451 of 8192 predicted from the SMILES by the distilled Mamba model
feat_2452,float,,Chemical Dice embedding dimension 2452 of 8192 predicted from the SMILES by the distilled Mamba model
feat_2453,float,,Chemical Dice embedding dimension 2453 of 8192 predicted from the SMILES by the distilled Mamba model
feat_2454,float,,Chemical Dice embedding dimension 2454 of 8192 predicted from the SMILES by the distilled Mamba model
feat_2455,float,,Chemical Dice embedding dimension 2455 of 8192 predicted from the SMILES by the distilled Mamba model
feat_2456,float,,Chemical Dice embedding dimension 2456 of 8192 predicted from the SMILES by the distilled Mamba model
feat_2457,float,,Chemical Dice embedding dimension 2457 of 8192 predicted from the SMILES by the distilled Mamba model
feat_2458,float,,Chemical Dice embedding dimension 2458 of 8192 predicted from the SMILES by the distilled Mamba model
feat_2459,float,,Chemical Dice embedding dimension 2459 of 8192 predicted from the SMILES by the distilled Mamba model
feat_2460,float,,Chemical Dice embedding dimension 2460 of 8192 predicted from the SMILES by the distilled Mamba model
feat_2461,float,,Chemical Dice embedding dimension 2461 of 8192 predicted from the SMILES by the distilled Mamba model
feat_2462,float,,Chemical Dice embedding dimension 2462 of 8192 predicted from the SMILES by the distilled Mamba model
feat_2463,float,,Chemical Dice embedding dimension 2463 of 8192 predicted from the SMILES by the distilled Mamba model
feat_2464,float,,Chemical Dice embedding dimension 2464 of 8192 predicted from the SMILES by the distilled Mamba model
feat_2465,float,,Chemical Dice embedding dimension 2465 of 8192 predicted from the SMILES by the distilled Mamba model
feat_2466,float,,Chemical Dice embedding dimension 2466 of 8192 predicted from the SMILES by the distilled Mamba model
feat_2467,float,,Chemical Dice embedding dimension 2467 of 8192 predicted from the SMILES by the distilled Mamba model
feat_2468,float,,Chemical Dice embedding dimension 2468 of 8192 predicted from the SMILES by the distilled Mamba model
feat_2469,float,,Chemical Dice embedding dimension 2469 of 8192 predicted from the SMILES by the distilled Mamba model
feat_2470,float,,Chemical Dice embedding dimension 2470 of 8192 predicted from the SMILES by the distilled Mamba model
feat_2471,float,,Chemical Dice embedding dimension 2471 of 8192 predicted from the SMILES by the distilled Mamba model
feat_2472,float,,Chemical Dice embedding dimension 2472 of 8192 predicted from the SMILES by the distilled Mamba model
feat_2473,float,,Chemical Dice embedding dimension 2473 of 8192 predicted from the SMILES by the distilled Mamba model
feat_2474,float,,Chemical Dice embedding dimension 2474 of 8192 predicted from the SMILES by the distilled Mamba model
feat_2475,float,,Chemical Dice embedding dimension 2475 of 8192 predicted from the SMILES by the distilled Mamba model
feat_2476,float,,Chemical Dice embedding dimension 2476 of 8192 predicted from the SMILES by the distilled Mamba model
feat_2477,float,,Chemical Dice embedding dimension 2477 of 8192 predicted from the SMILES by the distilled Mamba model
feat_2478,float,,Chemical Dice embedding dimension 2478 of 8192 predicted from the SMILES by the distilled Mamba model
feat_2479,float,,Chemical Dice embedding dimension 2479 of 8192 predicted from the SMILES by the distilled Mamba model
feat_2480,float,,Chemical Dice embedding dimension 2480 of 8192 predicted from the SMILES by the distilled Mamba model
feat_2481,float,,Chemical Dice embedding dimension 2481 of 8192 predicted from the SMILES by the distilled Mamba model
feat_2482,float,,Chemical Dice embedding dimension 2482 of 8192 predicted from the SMILES by the distilled Mamba model
feat_2483,float,,Chemical Dice embedding dimension 2483 of 8192 predicted from the SMILES by the distilled Mamba model
feat_2484,float,,Chemical Dice embedding dimension 2484 of 8192 predicted from the SMILES by the distilled Mamba model
feat_2485,float,,Chemical Dice embedding dimension 2485 of 8192 predicted from the SMILES by the distilled Mamba model
feat_2486,float,,Chemical Dice embedding dimension 2486 of 8192 predicted from the SMILES by the distilled Mamba model
feat_2487,float,,Chemical Dice embedding dimension 2487 of 8192 predicted from the SMILES by the distilled Mamba model
feat_2488,float,,Chemical Dice embedding dimension 2488 of 8192 predicted from the SMILES by the distilled Mamba model
feat_2489,float,,Chemical Dice embedding dimension 2489 of 8192 predicted from the SMILES by the distilled Mamba model
feat_2490,float,,Chemical Dice embedding dimension 2490 of 8192 predicted from the SMILES by the distilled Mamba model
feat_2491,float,,Chemical Dice embedding dimension 2491 of 8192 predicted from the SMILES by the distilled Mamba model
feat_2492,float,,Chemical Dice embedding dimension 2492 of 8192 predicted from the SMILES by the distilled Mamba model
feat_2493,float,,Chemical Dice embedding dimension 2493 of 8192 predicted from the SMILES by the distilled Mamba model
feat_2494,float,,Chemical Dice embedding dimension 2494 of 8192 predicted from the SMILES by the distilled Mamba model
feat_2495,float,,Chemical Dice embedding dimension 2495 of 8192 predicted from the SMILES by the distilled Mamba model
feat_2496,float,,Chemical Dice embedding dimension 2496 of 8192 predicted from the SMILES by the distilled Mamba model
feat_2497,float,,Chemical Dice embedding dimension 2497 of 8192 predicted from the SMILES by the distilled Mamba model
feat_2498,float,,Chemical Dice embedding dimension 2498 of 8192 predicted from the SMILES by the distilled Mamba model
feat_2499,float,,Chemical Dice embedding dimension 2499 of 8192 predicted from the SMILES by the distilled Mamba model
feat_2500,float,,Chemical Dice embedding dimension 2500 of 8192 predicted from the SMILES by the distilled Mamba model
feat_2501,float,,Chemical Dice embedding dimension 2501 of 8192 predicted from the SMILES by the distilled Mamba model
feat_2502,float,,Chemical Dice embedding dimension 2502 of 8192 predicted from the SMILES by the distilled Mamba model
feat_2503,float,,Chemical Dice embedding dimension 2503 of 8192 predicted from the SMILES by the distilled Mamba model
feat_2504,float,,Chemical Dice embedding dimension 2504 of 8192 predicted from the SMILES by the distilled Mamba model
feat_2505,float,,Chemical Dice embedding dimension 2505 of 8192 predicted from the SMILES by the distilled Mamba model
feat_2506,float,,Chemical Dice embedding dimension 2506 of 8192 predicted from the SMILES by the distilled Mamba model
feat_2507,float,,Chemical Dice embedding dimension 2507 of 8192 predicted from the SMILES by the distilled Mamba model
feat_2508,float,,Chemical Dice embedding dimension 2508 of 8192 predicted from the SMILES by the distilled Mamba model
feat_2509,float,,Chemical Dice embedding dimension 2509 of 8192 predicted from the SMILES by the distilled Mamba model
feat_2510,float,,Chemical Dice embedding dimension 2510 of 8192 predicted from the SMILES by the distilled Mamba model
feat_2511,float,,Chemical Dice embedding dimension 2511 of 8192 predicted from the SMILES by the distilled Mamba model
feat_2512,float,,Chemical Dice embedding dimension 2512 of 8192 predicted from the SMILES by the distilled Mamba model
feat_2513,float,,Chemical Dice embedding dimension 2513 of 8192 predicted from the SMILES by the distilled Mamba model
feat_2514,float,,Chemical Dice embedding dimension 2514 of 8192 predicted from the SMILES by the distilled Mamba model
feat_2515,float,,Chemical Dice embedding dimension 2515 of 8192 predicted from the SMILES by the distilled Mamba model
feat_2516,float,,Chemical Dice embedding dimension 2516 of 8192 predicted from the SMILES by the distilled Mamba model
feat_2517,float,,Chemical Dice embedding dimension 2517 of 8192 predicted from the SMILES by the distilled Mamba model
feat_2518,float,,Chemical Dice embedding dimension 2518 of 8192 predicted from the SMILES by the distilled Mamba model
feat_2519,float,,Chemical Dice embedding dimension 2519 of 8192 predicted from the SMILES by the distilled Mamba model
feat_2520,float,,Chemical Dice embedding dimension 2520 of 8192 predicted from the SMILES by the distilled Mamba model
feat_2521,float,,Chemical Dice embedding dimension 2521 of 8192 predicted from the SMILES by the distilled Mamba model
feat_2522,float,,Chemical Dice embedding dimension 2522 of 8192 predicted from the SMILES by the distilled Mamba model
feat_2523,float,,Chemical Dice embedding dimension 2523 of 8192 predicted from the SMILES by the distilled Mamba model
feat_2524,float,,Chemical Dice embedding dimension 2524 of 8192 predicted from the SMILES by the distilled Mamba model
feat_2525,float,,Chemical Dice embedding dimension 2525 of 8192 predicted from the SMILES by the distilled Mamba model
feat_2526,float,,Chemical Dice embedding dimension 2526 of 8192 predicted from the SMILES by the distilled Mamba model
feat_2527,float,,Chemical Dice embedding dimension 2527 of 8192 predicted from the SMILES by the distilled Mamba model
feat_2528,float,,Chemical Dice embedding dimension 2528 of 8192 predicted from the SMILES by the distilled Mamba model
feat_2529,float,,Chemical Dice embedding dimension 2529 of 8192 predicted from the SMILES by the distilled Mamba model
feat_2530,float,,Chemical Dice embedding dimension 2530 of 8192 predicted from the SMILES by the distilled Mamba model
feat_2531,float,,Chemical Dice embedding dimension 2531 of 8192 predicted from the SMILES by the distilled Mamba model
feat_2532,float,,Chemical Dice embedding dimension 2532 of 8192 predicted from the SMILES by the distilled Mamba model
feat_2533,float,,Chemical Dice embedding dimension 2533 of 8192 predicted from the SMILES by the distilled Mamba model
feat_2534,float,,Chemical Dice embedding dimension 2534 of 8192 predicted from the SMILES by the distilled Mamba model
feat_2535,float,,Chemical Dice embedding dimension 2535 of 8192 predicted from the SMILES by the distilled Mamba model
feat_2536,float,,Chemical Dice embedding dimension 2536 of 8192 predicted from the SMILES by the distilled Mamba model
feat_2537,float,,Chemical Dice embedding dimension 2537 of 8192 predicted from the SMILES by the distilled Mamba model
feat_2538,float,,Chemical Dice embedding dimension 2538 of 8192 predicted from the SMILES by the distilled Mamba model
feat_2539,float,,Chemical Dice embedding dimension 2539 of 8192 predicted from the SMILES by the distilled Mamba model
feat_2540,float,,Chemical Dice embedding dimension 2540 of 8192 predicted from the SMILES by the distilled Mamba model
feat_2541,float,,Chemical Dice embedding dimension 2541 of 8192 predicted from the SMILES by the distilled Mamba model
feat_2542,float,,Chemical Dice embedding dimension 2542 of 8192 predicted from the SMILES by the distilled Mamba model
feat_2543,float,,Chemical Dice embedding dimension 2543 of 8192 predicted from the SMILES by the distilled Mamba model
feat_2544,float,,Chemical Dice embedding dimension 2544 of 8192 predicted from the SMILES by the distilled Mamba model
feat_2545,float,,Chemical Dice embedding dimension 2545 of 8192 predicted from the SMILES by the distilled Mamba model
feat_2546,float,,Chemical Dice embedding dimension 2546 of 8192 predicted from the SMILES by the distilled Mamba model
feat_2547,float,,Chemical Dice embedding dimension 2547 of 8192 predicted from the SMILES by the distilled Mamba model
feat_2548,float,,Chemical Dice embedding dimension 2548 of 8192 predicted from the SMILES by the distilled Mamba model
feat_2549,float,,Chemical Dice embedding dimension 2549 of 8192 predicted from the SMILES by the distilled Mamba model
feat_2550,float,,Chemical Dice embedding dimension 2550 of 8192 predicted from the SMILES by the distilled Mamba model
feat_2551,float,,Chemical Dice embedding dimension 2551 of 8192 predicted from the SMILES by the distilled Mamba model
feat_2552,float,,Chemical Dice embedding dimension 2552 of 8192 predicted from the SMILES by the distilled Mamba model
feat_2553,float,,Chemical Dice embedding dimension 2553 of 8192 predicted from the SMILES by the distilled Mamba model
feat_2554,float,,Chemical Dice embedding dimension 2554 of 8192 predicted from the SMILES by the distilled Mamba model
feat_2555,float,,Chemical Dice embedding dimension 2555 of 8192 predicted from the SMILES by the distilled Mamba model
feat_2556,float,,Chemical Dice embedding dimension 2556 of 8192 predicted from the SMILES by the distilled Mamba model
feat_2557,float,,Chemical Dice embedding dimension 2557 of 8192 predicted from the SMILES by the distilled Mamba model
feat_2558,float,,Chemical Dice embedding dimension 2558 of 8192 predicted from the SMILES by the distilled Mamba model
feat_2559,float,,Chemical Dice embedding dimension 2559 of 8192 predicted from the SMILES by the distilled Mamba model
feat_2560,float,,Chemical Dice embedding dimension 2560 of 8192 predicted from the SMILES by the distilled Mamba model
feat_2561,float,,Chemical Dice embedding dimension 2561 of 8192 predicted from the SMILES by the distilled Mamba model
feat_2562,float,,Chemical Dice embedding dimension 2562 of 8192 predicted from the SMILES by the distilled Mamba model
feat_2563,float,,Chemical Dice embedding dimension 2563 of 8192 predicted from the SMILES by the distilled Mamba model
feat_2564,float,,Chemical Dice embedding dimension 2564 of 8192 predicted from the SMILES by the distilled Mamba model
feat_2565,float,,Chemical Dice embedding dimension 2565 of 8192 predicted from the SMILES by the distilled Mamba model
feat_2566,float,,Chemical Dice embedding dimension 2566 of 8192 predicted from the SMILES by the distilled Mamba model
feat_2567,float,,Chemical Dice embedding dimension 2567 of 8192 predicted from the SMILES by the distilled Mamba model
feat_2568,float,,Chemical Dice embedding dimension 2568 of 8192 predicted from the SMILES by the distilled Mamba model
feat_2569,float,,Chemical Dice embedding dimension 2569 of 8192 predicted from the SMILES by the distilled Mamba model
feat_2570,float,,Chemical Dice embedding dimension 2570 of 8192 predicted from the SMILES by the distilled Mamba model
feat_2571,float,,Chemical Dice embedding dimension 2571 of 8192 predicted from the SMILES by the distilled Mamba model
feat_2572,float,,Chemical Dice embedding dimension 2572 of 8192 predicted from the SMILES by the distilled Mamba model
feat_2573,float,,Chemical Dice embedding dimension 2573 of 8192 predicted from the SMILES by the distilled Mamba model
feat_2574,float,,Chemical Dice embedding dimension 2574 of 8192 predicted from the SMILES by the distilled Mamba model
feat_2575,float,,Chemical Dice embedding dimension 2575 of 8192 predicted from the SMILES by the distilled Mamba model
feat_2576,float,,Chemical Dice embedding dimension 2576 of 8192 predicted from the SMILES by the distilled Mamba model
feat_2577,float,,Chemical Dice embedding dimension 2577 of 8192 predicted from the SMILES by the distilled Mamba model
feat_2578,float,,Chemical Dice embedding dimension 2578 of 8192 predicted from the SMILES by the distilled Mamba model
feat_2579,float,,Chemical Dice embedding dimension 2579 of 8192 predicted from the SMILES by the distilled Mamba model
feat_2580,float,,Chemical Dice embedding dimension 2580 of 8192 predicted from the SMILES by the distilled Mamba model
feat_2581,float,,Chemical Dice embedding dimension 2581 of 8192 predicted from the SMILES by the distilled Mamba model
feat_2582,float,,Chemical Dice embedding dimension 2582 of 8192 predicted from the SMILES by the distilled Mamba model
feat_2583,float,,Chemical Dice embedding dimension 2583 of 8192 predicted from the SMILES by the distilled Mamba model
feat_2584,float,,Chemical Dice embedding dimension 2584 of 8192 predicted from the SMILES by the distilled Mamba model
feat_2585,float,,Chemical Dice embedding dimension 2585 of 8192 predicted from the SMILES by the distilled Mamba model
feat_2586,float,,Chemical Dice embedding dimension 2586 of 8192 predicted from the SMILES by the distilled Mamba model
feat_2587,float,,Chemical Dice embedding dimension 2587 of 8192 predicted from the SMILES by the distilled Mamba model
feat_2588,float,,Chemical Dice embedding dimension 2588 of 8192 predicted from the SMILES by the distilled Mamba model
feat_2589,float,,Chemical Dice embedding dimension 2589 of 8192 predicted from the SMILES by the distilled Mamba model
feat_2590,float,,Chemical Dice embedding dimension 2590 of 8192 predicted from the SMILES by the distilled Mamba model
feat_2591,float,,Chemical Dice embedding dimension 2591 of 8192 predicted from the SMILES by the distilled Mamba model
feat_2592,float,,Chemical Dice embedding dimension 2592 of 8192 predicted from the SMILES by the distilled Mamba model
feat_2593,float,,Chemical Dice embedding dimension 2593 of 8192 predicted from the SMILES by the distilled Mamba model
feat_2594,float,,Chemical Dice embedding dimension 2594 of 8192 predicted from the SMILES by the distilled Mamba model
feat_2595,float,,Chemical Dice embedding dimension 2595 of 8192 predicted from the SMILES by the distilled Mamba model
feat_2596,float,,Chemical Dice embedding dimension 2596 of 8192 predicted from the SMILES by the distilled Mamba model
feat_2597,float,,Chemical Dice embedding dimension 2597 of 8192 predicted from the SMILES by the distilled Mamba model
feat_2598,float,,Chemical Dice embedding dimension 2598 of 8192 predicted from the SMILES by the distilled Mamba model
feat_2599,float,,Chemical Dice embedding dimension 2599 of 8192 predicted from the SMILES by the distilled Mamba model
feat_2600,float,,Chemical Dice embedding dimension 2600 of 8192 predicted from the SMILES by the distilled Mamba model
feat_2601,float,,Chemical Dice embedding dimension 2601 of 8192 predicted from the SMILES by the distilled Mamba model
feat_2602,float,,Chemical Dice embedding dimension 2602 of 8192 predicted from the SMILES by the distilled Mamba model
feat_2603,float,,Chemical Dice embedding dimension 2603 of 8192 predicted from the SMILES by the distilled Mamba model
feat_2604,float,,Chemical Dice embedding dimension 2604 of 8192 predicted from the SMILES by the distilled Mamba model
feat_2605,float,,Chemical Dice embedding dimension 2605 of 8192 predicted from the SMILES by the distilled Mamba model
feat_2606,float,,Chemical Dice embedding dimension 2606 of 8192 predicted from the SMILES by the distilled Mamba model
feat_2607,float,,Chemical Dice embedding dimension 2607 of 8192 predicted from the SMILES by the distilled Mamba model
feat_2608,float,,Chemical Dice embedding dimension 2608 of 8192 predicted from the SMILES by the distilled Mamba model
feat_2609,float,,Chemical Dice embedding dimension 2609 of 8192 predicted from the SMILES by the distilled Mamba model
feat_2610,float,,Chemical Dice embedding dimension 2610 of 8192 predicted from the SMILES by the distilled Mamba model
feat_2611,float,,Chemical Dice embedding dimension 2611 of 8192 predicted from the SMILES by the distilled Mamba model
feat_2612,float,,Chemical Dice embedding dimension 2612 of 8192 predicted from the SMILES by the distilled Mamba model
feat_2613,float,,Chemical Dice embedding dimension 2613 of 8192 predicted from the SMILES by the distilled Mamba model
feat_2614,float,,Chemical Dice embedding dimension 2614 of 8192 predicted from the SMILES by the distilled Mamba model
feat_2615,float,,Chemical Dice embedding dimension 2615 of 8192 predicted from the SMILES by the distilled Mamba model
feat_2616,float,,Chemical Dice embedding dimension 2616 of 8192 predicted from the SMILES by the distilled Mamba model
feat_2617,float,,Chemical Dice embedding dimension 2617 of 8192 predicted from the SMILES by the distilled Mamba model
feat_2618,float,,Chemical Dice embedding dimension 2618 of 8192 predicted from the SMILES by the distilled Mamba model
feat_2619,float,,Chemical Dice embedding dimension 2619 of 8192 predicted from the SMILES by the distilled Mamba model
feat_2620,float,,Chemical Dice embedding dimension 2620 of 8192 predicted from the SMILES by the distilled Mamba model
feat_2621,float,,Chemical Dice embedding dimension 2621 of 8192 predicted from the SMILES by the distilled Mamba model
feat_2622,float,,Chemical Dice embedding dimension 2622 of 8192 predicted from the SMILES by the distilled Mamba model
feat_2623,float,,Chemical Dice embedding dimension 2623 of 8192 predicted from the SMILES by the distilled Mamba model
feat_2624,float,,Chemical Dice embedding dimension 2624 of 8192 predicted from the SMILES by the distilled Mamba model
feat_2625,float,,Chemical Dice embedding dimension 2625 of 8192 predicted from the SMILES by the distilled Mamba model
feat_2626,float,,Chemical Dice embedding dimension 2626 of 8192 predicted from the SMILES by the distilled Mamba model
feat_2627,float,,Chemical Dice embedding dimension 2627 of 8192 predicted from the SMILES by the distilled Mamba model
feat_2628,float,,Chemical Dice embedding dimension 2628 of 8192 predicted from the SMILES by the distilled Mamba model
feat_2629,float,,Chemical Dice embedding dimension 2629 of 8192 predicted from the SMILES by the distilled Mamba model
feat_2630,float,,Chemical Dice embedding dimension 2630 of 8192 predicted from the SMILES by the distilled Mamba model
feat_2631,float,,Chemical Dice embedding dimension 2631 of 8192 predicted from the SMILES by the distilled Mamba model
feat_2632,float,,Chemical Dice embedding dimension 2632 of 8192 predicted from the SMILES by the distilled Mamba model
feat_2633,float,,Chemical Dice embedding dimension 2633 of 8192 predicted from the SMILES by the distilled Mamba model
feat_2634,float,,Chemical Dice embedding dimension 2634 of 8192 predicted from the SMILES by the distilled Mamba model
feat_2635,float,,Chemical Dice embedding dimension 2635 of 8192 predicted from the SMILES by the distilled Mamba model
feat_2636,float,,Chemical Dice embedding dimension 2636 of 8192 predicted from the SMILES by the distilled Mamba model
feat_2637,float,,Chemical Dice embedding dimension 2637 of 8192 predicted from the SMILES by the distilled Mamba model
feat_2638,float,,Chemical Dice embedding dimension 2638 of 8192 predicted from the SMILES by the distilled Mamba model
feat_2639,float,,Chemical Dice embedding dimension 2639 of 8192 predicted from the SMILES by the distilled Mamba model
feat_2640,float,,Chemical Dice embedding dimension 2640 of 8192 predicted from the SMILES by the distilled Mamba model
feat_2641,float,,Chemical Dice embedding dimension 2641 of 8192 predicted from the SMILES by the distilled Mamba model
feat_2642,float,,Chemical Dice embedding dimension 2642 of 8192 predicted from the SMILES by the distilled Mamba model
feat_2643,float,,Chemical Dice embedding dimension 2643 of 8192 predicted from the SMILES by the distilled Mamba model
feat_2644,float,,Chemical Dice embedding dimension 2644 of 8192 predicted from the SMILES by the distilled Mamba model
feat_2645,float,,Chemical Dice embedding dimension 2645 of 8192 predicted from the SMILES by the distilled Mamba model
feat_2646,float,,Chemical Dice embedding dimension 2646 of 8192 predicted from the SMILES by the distilled Mamba model
feat_2647,float,,Chemical Dice embedding dimension 2647 of 8192 predicted from the SMILES by the distilled Mamba model
feat_2648,float,,Chemical Dice embedding dimension 2648 of 8192 predicted from the SMILES by the distilled Mamba model
feat_2649,float,,Chemical Dice embedding dimension 2649 of 8192 predicted from the SMILES by the distilled Mamba model
feat_2650,float,,Chemical Dice embedding dimension 2650 of 8192 predicted from the SMILES by the distilled Mamba model
feat_2651,float,,Chemical Dice embedding dimension 2651 of 8192 predicted from the SMILES by the distilled Mamba model
feat_2652,float,,Chemical Dice embedding dimension 2652 of 8192 predicted from the SMILES by the distilled Mamba model
feat_2653,float,,Chemical Dice embedding dimension 2653 of 8192 predicted from the SMILES by the distilled Mamba model
feat_2654,float,,Chemical Dice embedding dimension 2654 of 8192 predicted from the SMILES by the distilled Mamba model
feat_2655,float,,Chemical Dice embedding dimension 2655 of 8192 predicted from the SMILES by the distilled Mamba model
feat_2656,float,,Chemical Dice embedding dimension 2656 of 8192 predicted from the SMILES by the distilled Mamba model
feat_2657,float,,Chemical Dice embedding dimension 2657 of 8192 predicted from the SMILES by the distilled Mamba model
feat_2658,float,,Chemical Dice embedding dimension 2658 of 8192 predicted from the SMILES by the distilled Mamba model
feat_2659,float,,Chemical Dice embedding dimension 2659 of 8192 predicted from the SMILES by the distilled Mamba model
feat_2660,float,,Chemical Dice embedding dimension 2660 of 8192 predicted from the SMILES by the distilled Mamba model
feat_2661,float,,Chemical Dice embedding dimension 2661 of 8192 predicted from the SMILES by the distilled Mamba model
feat_2662,float,,Chemical Dice embedding dimension 2662 of 8192 predicted from the SMILES by the distilled Mamba model
feat_2663,float,,Chemical Dice embedding dimension 2663 of 8192 predicted from the SMILES by the distilled Mamba model
feat_2664,float,,Chemical Dice embedding dimension 2664 of 8192 predicted from the SMILES by the distilled Mamba model
feat_2665,float,,Chemical Dice embedding dimension 2665 of 8192 predicted from the SMILES by the distilled Mamba model
feat_2666,float,,Chemical Dice embedding dimension 2666 of 8192 predicted from the SMILES by the distilled Mamba model
feat_2667,float,,Chemical Dice embedding dimension 2667 of 8192 predicted from the SMILES by the distilled Mamba model
feat_2668,float,,Chemical Dice embedding dimension 2668 of 8192 predicted from the SMILES by the distilled Mamba model
feat_2669,float,,Chemical Dice embedding dimension 2669 of 8192 predicted from the SMILES by the distilled Mamba model
feat_2670,float,,Chemical Dice embedding dimension 2670 of 8192 predicted from the SMILES by the distilled Mamba model
feat_2671,float,,Chemical Dice embedding dimension 2671 of 8192 predicted from the SMILES by the distilled Mamba model
feat_2672,float,,Chemical Dice embedding dimension 2672 of 8192 predicted from the SMILES by the distilled Mamba model
feat_2673,float,,Chemical Dice embedding dimension 2673 of 8192 predicted from the SMILES by the distilled Mamba model
feat_2674,float,,Chemical Dice embedding dimension 2674 of 8192 predicted from the SMILES by the distilled Mamba model
feat_2675,float,,Chemical Dice embedding dimension 2675 of 8192 predicted from the SMILES by the distilled Mamba model
feat_2676,float,,Chemical Dice embedding dimension 2676 of 8192 predicted from the SMILES by the distilled Mamba model
feat_2677,float,,Chemical Dice embedding dimension 2677 of 8192 predicted from the SMILES by the distilled Mamba model
feat_2678,float,,Chemical Dice embedding dimension 2678 of 8192 predicted from the SMILES by the distilled Mamba model
feat_2679,float,,Chemical Dice embedding dimension 2679 of 8192 predicted from the SMILES by the distilled Mamba model
feat_2680,float,,Chemical Dice embedding dimension 2680 of 8192 predicted from the SMILES by the distilled Mamba model
feat_2681,float,,Chemical Dice embedding dimension 2681 of 8192 predicted from the SMILES by the distilled Mamba model
feat_2682,float,,Chemical Dice embedding dimension 2682 of 8192 predicted from the SMILES by the distilled Mamba model
feat_2683,float,,Chemical Dice embedding dimension 2683 of 8192 predicted from the SMILES by the distilled Mamba model
feat_2684,float,,Chemical Dice embedding dimension 2684 of 8192 predicted from the SMILES by the distilled Mamba model
feat_2685,float,,Chemical Dice embedding dimension 2685 of 8192 predicted from the SMILES by the distilled Mamba model
feat_2686,float,,Chemical Dice embedding dimension 2686 of 8192 predicted from the SMILES by the distilled Mamba model
feat_2687,float,,Chemical Dice embedding dimension 2687 of 8192 predicted from the SMILES by the distilled Mamba model
feat_2688,float,,Chemical Dice embedding dimension 2688 of 8192 predicted from the SMILES by the distilled Mamba model
feat_2689,float,,Chemical Dice embedding dimension 2689 of 8192 predicted from the SMILES by the distilled Mamba model
feat_2690,float,,Chemical Dice embedding dimension 2690 of 8192 predicted from the SMILES by the distilled Mamba model
feat_2691,float,,Chemical Dice embedding dimension 2691 of 8192 predicted from the SMILES by the distilled Mamba model
feat_2692,float,,Chemical Dice embedding dimension 2692 of 8192 predicted from the SMILES by the distilled Mamba model
feat_2693,float,,Chemical Dice embedding dimension 2693 of 8192 predicted from the SMILES by the distilled Mamba model
feat_2694,float,,Chemical Dice embedding dimension 2694 of 8192 predicted from the SMILES by the distilled Mamba model
feat_2695,float,,Chemical Dice embedding dimension 2695 of 8192 predicted from the SMILES by the distilled Mamba model
feat_2696,float,,Chemical Dice embedding dimension 2696 of 8192 predicted from the SMILES by the distilled Mamba model
feat_2697,float,,Chemical Dice embedding dimension 2697 of 8192 predicted from the SMILES by the distilled Mamba model
feat_2698,float,,Chemical Dice embedding dimension 2698 of 8192 predicted from the SMILES by the distilled Mamba model
feat_2699,float,,Chemical Dice embedding dimension 2699 of 8192 predicted from the SMILES by the distilled Mamba model
feat_2700,float,,Chemical Dice embedding dimension 2700 of 8192 predicted from the SMILES by the distilled Mamba model
feat_2701,float,,Chemical Dice embedding dimension 2701 of 8192 predicted from the SMILES by the distilled Mamba model
feat_2702,float,,Chemical Dice embedding dimension 2702 of 8192 predicted from the SMILES by the distilled Mamba model
feat_2703,float,,Chemical Dice embedding dimension 2703 of 8192 predicted from the SMILES by the distilled Mamba model
feat_2704,float,,Chemical Dice embedding dimension 2704 of 8192 predicted from the SMILES by the distilled Mamba model
feat_2705,float,,Chemical Dice embedding dimension 2705 of 8192 predicted from the SMILES by the distilled Mamba model
feat_2706,float,,Chemical Dice embedding dimension 2706 of 8192 predicted from the SMILES by the distilled Mamba model
feat_2707,float,,Chemical Dice embedding dimension 2707 of 8192 predicted from the SMILES by the distilled Mamba model
feat_2708,float,,Chemical Dice embedding dimension 2708 of 8192 predicted from the SMILES by the distilled Mamba model
feat_2709,float,,Chemical Dice embedding dimension 2709 of 8192 predicted from the SMILES by the distilled Mamba model
feat_2710,float,,Chemical Dice embedding dimension 2710 of 8192 predicted from the SMILES by the distilled Mamba model
feat_2711,float,,Chemical Dice embedding dimension 2711 of 8192 predicted from the SMILES by the distilled Mamba model
feat_2712,float,,Chemical Dice embedding dimension 2712 of 8192 predicted from the SMILES by the distilled Mamba model
feat_2713,float,,Chemical Dice embedding dimension 2713 of 8192 predicted from the SMILES by the distilled Mamba model
feat_2714,float,,Chemical Dice embedding dimension 2714 of 8192 predicted from the SMILES by the distilled Mamba model
feat_2715,float,,Chemical Dice embedding dimension 2715 of 8192 predicted from the SMILES by the distilled Mamba model
feat_2716,float,,Chemical Dice embedding dimension 2716 of 8192 predicted from the SMILES by the distilled Mamba model
feat_2717,float,,Chemical Dice embedding dimension 2717 of 8192 predicted from the SMILES by the distilled Mamba model
feat_2718,float,,Chemical Dice embedding dimension 2718 of 8192 predicted from the SMILES by the distilled Mamba model
feat_2719,float,,Chemical Dice embedding dimension 2719 of 8192 predicted from the SMILES by the distilled Mamba model
feat_2720,float,,Chemical Dice embedding dimension 2720 of 8192 predicted from the SMILES by the distilled Mamba model
feat_2721,float,,Chemical Dice embedding dimension 2721 of 8192 predicted from the SMILES by the distilled Mamba model
feat_2722,float,,Chemical Dice embedding dimension 2722 of 8192 predicted from the SMILES by the distilled Mamba model
feat_2723,float,,Chemical Dice embedding dimension 2723 of 8192 predicted from the SMILES by the distilled Mamba model
feat_2724,float,,Chemical Dice embedding dimension 2724 of 8192 predicted from the SMILES by the distilled Mamba model
feat_2725,float,,Chemical Dice embedding dimension 2725 of 8192 predicted from the SMILES by the distilled Mamba model
feat_2726,float,,Chemical Dice embedding dimension 2726 of 8192 predicted from the SMILES by the distilled Mamba model
feat_2727,float,,Chemical Dice embedding dimension 2727 of 8192 predicted from the SMILES by the distilled Mamba model
feat_2728,float,,Chemical Dice embedding dimension 2728 of 8192 predicted from the SMILES by the distilled Mamba model
feat_2729,float,,Chemical Dice embedding dimension 2729 of 8192 predicted from the SMILES by the distilled Mamba model
feat_2730,float,,Chemical Dice embedding dimension 2730 of 8192 predicted from the SMILES by the distilled Mamba model
feat_2731,float,,Chemical Dice embedding dimension 2731 of 8192 predicted from the SMILES by the distilled Mamba model
feat_2732,float,,Chemical Dice embedding dimension 2732 of 8192 predicted from the SMILES by the distilled Mamba model
feat_2733,float,,Chemical Dice embedding dimension 2733 of 8192 predicted from the SMILES by the distilled Mamba model
feat_2734,float,,Chemical Dice embedding dimension 2734 of 8192 predicted from the SMILES by the distilled Mamba model
feat_2735,float,,Chemical Dice embedding dimension 2735 of 8192 predicted from the SMILES by the distilled Mamba model
feat_2736,float,,Chemical Dice embedding dimension 2736 of 8192 predicted from the SMILES by the distilled Mamba model
feat_2737,float,,Chemical Dice embedding dimension 2737 of 8192 predicted from the SMILES by the distilled Mamba model
feat_2738,float,,Chemical Dice embedding dimension 2738 of 8192 predicted from the SMILES by the distilled Mamba model
feat_2739,float,,Chemical Dice embedding dimension 2739 of 8192 predicted from the SMILES by the distilled Mamba model
feat_2740,float,,Chemical Dice embedding dimension 2740 of 8192 predicted from the SMILES by the distilled Mamba model
feat_2741,float,,Chemical Dice embedding dimension 2741 of 8192 predicted from the SMILES by the distilled Mamba model
feat_2742,float,,Chemical Dice embedding dimension 2742 of 8192 predicted from the SMILES by the distilled Mamba model
feat_2743,float,,Chemical Dice embedding dimension 2743 of 8192 predicted from the SMILES by the distilled Mamba model
feat_2744,float,,Chemical Dice embedding dimension 2744 of 8192 predicted from the SMILES by the distilled Mamba model
feat_2745,float,,Chemical Dice embedding dimension 2745 of 8192 predicted from the SMILES by the distilled Mamba model
feat_2746,float,,Chemical Dice embedding dimension 2746 of 8192 predicted from the SMILES by the distilled Mamba model
feat_2747,float,,Chemical Dice embedding dimension 2747 of 8192 predicted from the SMILES by the distilled Mamba model
feat_2748,float,,Chemical Dice embedding dimension 2748 of 8192 predicted from the SMILES by the distilled Mamba model
feat_2749,float,,Chemical Dice embedding dimension 2749 of 8192 predicted from the SMILES by the distilled Mamba model
feat_2750,float,,Chemical Dice embedding dimension 2750 of 8192 predicted from the SMILES by the distilled Mamba model
feat_2751,float,,Chemical Dice embedding dimension 2751 of 8192 predicted from the SMILES by the distilled Mamba model
feat_2752,float,,Chemical Dice embedding dimension 2752 of 8192 predicted from the SMILES by the distilled Mamba model
feat_2753,float,,Chemical Dice embedding dimension 2753 of 8192 predicted from the SMILES by the distilled Mamba model
feat_2754,float,,Chemical Dice embedding dimension 2754 of 8192 predicted from the SMILES by the distilled Mamba model
feat_2755,float,,Chemical Dice embedding dimension 2755 of 8192 predicted from the SMILES by the distilled Mamba model
feat_2756,float,,Chemical Dice embedding dimension 2756 of 8192 predicted from the SMILES by the distilled Mamba model
feat_2757,float,,Chemical Dice embedding dimension 2757 of 8192 predicted from the SMILES by the distilled Mamba model
feat_2758,float,,Chemical Dice embedding dimension 2758 of 8192 predicted from the SMILES by the distilled Mamba model
feat_2759,float,,Chemical Dice embedding dimension 2759 of 8192 predicted from the SMILES by the distilled Mamba model
feat_2760,float,,Chemical Dice embedding dimension 2760 of 8192 predicted from the SMILES by the distilled Mamba model
feat_2761,float,,Chemical Dice embedding dimension 2761 of 8192 predicted from the SMILES by the distilled Mamba model
feat_2762,float,,Chemical Dice embedding dimension 2762 of 8192 predicted from the SMILES by the distilled Mamba model
feat_2763,float,,Chemical Dice embedding dimension 2763 of 8192 predicted from the SMILES by the distilled Mamba model
feat_2764,float,,Chemical Dice embedding dimension 2764 of 8192 predicted from the SMILES by the distilled Mamba model
feat_2765,float,,Chemical Dice embedding dimension 2765 of 8192 predicted from the SMILES by the distilled Mamba model
feat_2766,float,,Chemical Dice embedding dimension 2766 of 8192 predicted from the SMILES by the distilled Mamba model
feat_2767,float,,Chemical Dice embedding dimension 2767 of 8192 predicted from the SMILES by the distilled Mamba model
feat_2768,float,,Chemical Dice embedding dimension 2768 of 8192 predicted from the SMILES by the distilled Mamba model
feat_2769,float,,Chemical Dice embedding dimension 2769 of 8192 predicted from the SMILES by the distilled Mamba model
feat_2770,float,,Chemical Dice embedding dimension 2770 of 8192 predicted from the SMILES by the distilled Mamba model
feat_2771,float,,Chemical Dice embedding dimension 2771 of 8192 predicted from the SMILES by the distilled Mamba model
feat_2772,float,,Chemical Dice embedding dimension 2772 of 8192 predicted from the SMILES by the distilled Mamba model
feat_2773,float,,Chemical Dice embedding dimension 2773 of 8192 predicted from the SMILES by the distilled Mamba model
feat_2774,float,,Chemical Dice embedding dimension 2774 of 8192 predicted from the SMILES by the distilled Mamba model
feat_2775,float,,Chemical Dice embedding dimension 2775 of 8192 predicted from the SMILES by the distilled Mamba model
feat_2776,float,,Chemical Dice embedding dimension 2776 of 8192 predicted from the SMILES by the distilled Mamba model
feat_2777,float,,Chemical Dice embedding dimension 2777 of 8192 predicted from the SMILES by the distilled Mamba model
feat_2778,float,,Chemical Dice embedding dimension 2778 of 8192 predicted from the SMILES by the distilled Mamba model
feat_2779,float,,Chemical Dice embedding dimension 2779 of 8192 predicted from the SMILES by the distilled Mamba model
feat_2780,float,,Chemical Dice embedding dimension 2780 of 8192 predicted from the SMILES by the distilled Mamba model
feat_2781,float,,Chemical Dice embedding dimension 2781 of 8192 predicted from the SMILES by the distilled Mamba model
feat_2782,float,,Chemical Dice embedding dimension 2782 of 8192 predicted from the SMILES by the distilled Mamba model
feat_2783,float,,Chemical Dice embedding dimension 2783 of 8192 predicted from the SMILES by the distilled Mamba model
feat_2784,float,,Chemical Dice embedding dimension 2784 of 8192 predicted from the SMILES by the distilled Mamba model
feat_2785,float,,Chemical Dice embedding dimension 2785 of 8192 predicted from the SMILES by the distilled Mamba model
feat_2786,float,,Chemical Dice embedding dimension 2786 of 8192 predicted from the SMILES by the distilled Mamba model
feat_2787,float,,Chemical Dice embedding dimension 2787 of 8192 predicted from the SMILES by the distilled Mamba model
feat_2788,float,,Chemical Dice embedding dimension 2788 of 8192 predicted from the SMILES by the distilled Mamba model
feat_2789,float,,Chemical Dice embedding dimension 2789 of 8192 predicted from the SMILES by the distilled Mamba model
feat_2790,float,,Chemical Dice embedding dimension 2790 of 8192 predicted from the SMILES by the distilled Mamba model
feat_2791,float,,Chemical Dice embedding dimension 2791 of 8192 predicted from the SMILES by the distilled Mamba model
feat_2792,float,,Chemical Dice embedding dimension 2792 of 8192 predicted from the SMILES by the distilled Mamba model
feat_2793,float,,Chemical Dice embedding dimension 2793 of 8192 predicted from the SMILES by the distilled Mamba model
feat_2794,float,,Chemical Dice embedding dimension 2794 of 8192 predicted from the SMILES by the distilled Mamba model
feat_2795,float,,Chemical Dice embedding dimension 2795 of 8192 predicted from the SMILES by the distilled Mamba model
feat_2796,float,,Chemical Dice embedding dimension 2796 of 8192 predicted from the SMILES by the distilled Mamba model
feat_2797,float,,Chemical Dice embedding dimension 2797 of 8192 predicted from the SMILES by the distilled Mamba model
feat_2798,float,,Chemical Dice embedding dimension 2798 of 8192 predicted from the SMILES by the distilled Mamba model
feat_2799,float,,Chemical Dice embedding dimension 2799 of 8192 predicted from the SMILES by the distilled Mamba model
feat_2800,float,,Chemical Dice embedding dimension 2800 of 8192 predicted from the SMILES by the distilled Mamba model
feat_2801,float,,Chemical Dice embedding dimension 2801 of 8192 predicted from the SMILES by the distilled Mamba model
feat_2802,float,,Chemical Dice embedding dimension 2802 of 8192 predicted from the SMILES by the distilled Mamba model
feat_2803,float,,Chemical Dice embedding dimension 2803 of 8192 predicted from the SMILES by the distilled Mamba model
feat_2804,float,,Chemical Dice embedding dimension 2804 of 8192 predicted from the SMILES by the distilled Mamba model
feat_2805,float,,Chemical Dice embedding dimension 2805 of 8192 predicted from the SMILES by the distilled Mamba model
feat_2806,float,,Chemical Dice embedding dimension 2806 of 8192 predicted from the SMILES by the distilled Mamba model
feat_2807,float,,Chemical Dice embedding dimension 2807 of 8192 predicted from the SMILES by the distilled Mamba model
feat_2808,float,,Chemical Dice embedding dimension 2808 of 8192 predicted from the SMILES by the distilled Mamba model
feat_2809,float,,Chemical Dice embedding dimension 2809 of 8192 predicted from the SMILES by the distilled Mamba model
feat_2810,float,,Chemical Dice embedding dimension 2810 of 8192 predicted from the SMILES by the distilled Mamba model
feat_2811,float,,Chemical Dice embedding dimension 2811 of 8192 predicted from the SMILES by the distilled Mamba model
feat_2812,float,,Chemical Dice embedding dimension 2812 of 8192 predicted from the SMILES by the distilled Mamba model
feat_2813,float,,Chemical Dice embedding dimension 2813 of 8192 predicted from the SMILES by the distilled Mamba model
feat_2814,float,,Chemical Dice embedding dimension 2814 of 8192 predicted from the SMILES by the distilled Mamba model
feat_2815,float,,Chemical Dice embedding dimension 2815 of 8192 predicted from the SMILES by the distilled Mamba model
feat_2816,float,,Chemical Dice embedding dimension 2816 of 8192 predicted from the SMILES by the distilled Mamba model
feat_2817,float,,Chemical Dice embedding dimension 2817 of 8192 predicted from the SMILES by the distilled Mamba model
feat_2818,float,,Chemical Dice embedding dimension 2818 of 8192 predicted from the SMILES by the distilled Mamba model
feat_2819,float,,Chemical Dice embedding dimension 2819 of 8192 predicted from the SMILES by the distilled Mamba model
feat_2820,float,,Chemical Dice embedding dimension 2820 of 8192 predicted from the SMILES by the distilled Mamba model
feat_2821,float,,Chemical Dice embedding dimension 2821 of 8192 predicted from the SMILES by the distilled Mamba model
feat_2822,float,,Chemical Dice embedding dimension 2822 of 8192 predicted from the SMILES by the distilled Mamba model
feat_2823,float,,Chemical Dice embedding dimension 2823 of 8192 predicted from the SMILES by the distilled Mamba model
feat_2824,float,,Chemical Dice embedding dimension 2824 of 8192 predicted from the SMILES by the distilled Mamba model
feat_2825,float,,Chemical Dice embedding dimension 2825 of 8192 predicted from the SMILES by the distilled Mamba model
feat_2826,float,,Chemical Dice embedding dimension 2826 of 8192 predicted from the SMILES by the distilled Mamba model
feat_2827,float,,Chemical Dice embedding dimension 2827 of 8192 predicted from the SMILES by the distilled Mamba model
feat_2828,float,,Chemical Dice embedding dimension 2828 of 8192 predicted from the SMILES by the distilled Mamba model
feat_2829,float,,Chemical Dice embedding dimension 2829 of 8192 predicted from the SMILES by the distilled Mamba model
feat_2830,float,,Chemical Dice embedding dimension 2830 of 8192 predicted from the SMILES by the distilled Mamba model
feat_2831,float,,Chemical Dice embedding dimension 2831 of 8192 predicted from the SMILES by the distilled Mamba model
feat_2832,float,,Chemical Dice embedding dimension 2832 of 8192 predicted from the SMILES by the distilled Mamba model
feat_2833,float,,Chemical Dice embedding dimension 2833 of 8192 predicted from the SMILES by the distilled Mamba model
feat_2834,float,,Chemical Dice embedding dimension 2834 of 8192 predicted from the SMILES by the distilled Mamba model
feat_2835,float,,Chemical Dice embedding dimension 2835 of 8192 predicted from the SMILES by the distilled Mamba model
feat_2836,float,,Chemical Dice embedding dimension 2836 of 8192 predicted from the SMILES by the distilled Mamba model
feat_2837,float,,Chemical Dice embedding dimension 2837 of 8192 predicted from the SMILES by the distilled Mamba model
feat_2838,float,,Chemical Dice embedding dimension 2838 of 8192 predicted from the SMILES by the distilled Mamba model
feat_2839,float,,Chemical Dice embedding dimension 2839 of 8192 predicted from the SMILES by the distilled Mamba model
feat_2840,float,,Chemical Dice embedding dimension 2840 of 8192 predicted from the SMILES by the distilled Mamba model
feat_2841,float,,Chemical Dice embedding dimension 2841 of 8192 predicted from the SMILES by the distilled Mamba model
feat_2842,float,,Chemical Dice embedding dimension 2842 of 8192 predicted from the SMILES by the distilled Mamba model
feat_2843,float,,Chemical Dice embedding dimension 2843 of 8192 predicted from the SMILES by the distilled Mamba model
feat_2844,float,,Chemical Dice embedding dimension 2844 of 8192 predicted from the SMILES by the distilled Mamba model
feat_2845,float,,Chemical Dice embedding dimension 2845 of 8192 predicted from the SMILES by the distilled Mamba model
feat_2846,float,,Chemical Dice embedding dimension 2846 of 8192 predicted from the SMILES by the distilled Mamba model
feat_2847,float,,Chemical Dice embedding dimension 2847 of 8192 predicted from the SMILES by the distilled Mamba model
feat_2848,float,,Chemical Dice embedding dimension 2848 of 8192 predicted from the SMILES by the distilled Mamba model
feat_2849,float,,Chemical Dice embedding dimension 2849 of 8192 predicted from the SMILES by the distilled Mamba model
feat_2850,float,,Chemical Dice embedding dimension 2850 of 8192 predicted from the SMILES by the distilled Mamba model
feat_2851,float,,Chemical Dice embedding dimension 2851 of 8192 predicted from the SMILES by the distilled Mamba model
feat_2852,float,,Chemical Dice embedding dimension 2852 of 8192 predicted from the SMILES by the distilled Mamba model
feat_2853,float,,Chemical Dice embedding dimension 2853 of 8192 predicted from the SMILES by the distilled Mamba model
feat_2854,float,,Chemical Dice embedding dimension 2854 of 8192 predicted from the SMILES by the distilled Mamba model
feat_2855,float,,Chemical Dice embedding dimension 2855 of 8192 predicted from the SMILES by the distilled Mamba model
feat_2856,float,,Chemical Dice embedding dimension 2856 of 8192 predicted from the SMILES by the distilled Mamba model
feat_2857,float,,Chemical Dice embedding dimension 2857 of 8192 predicted from the SMILES by the distilled Mamba model
feat_2858,float,,Chemical Dice embedding dimension 2858 of 8192 predicted from the SMILES by the distilled Mamba model
feat_2859,float,,Chemical Dice embedding dimension 2859 of 8192 predicted from the SMILES by the distilled Mamba model
feat_2860,float,,Chemical Dice embedding dimension 2860 of 8192 predicted from the SMILES by the distilled Mamba model
feat_2861,float,,Chemical Dice embedding dimension 2861 of 8192 predicted from the SMILES by the distilled Mamba model
feat_2862,float,,Chemical Dice embedding dimension 2862 of 8192 predicted from the SMILES by the distilled Mamba model
feat_2863,float,,Chemical Dice embedding dimension 2863 of 8192 predicted from the SMILES by the distilled Mamba model
feat_2864,float,,Chemical Dice embedding dimension 2864 of 8192 predicted from the SMILES by the distilled Mamba model
feat_2865,float,,Chemical Dice embedding dimension 2865 of 8192 predicted from the SMILES by the distilled Mamba model
feat_2866,float,,Chemical Dice embedding dimension 2866 of 8192 predicted from the SMILES by the distilled Mamba model
feat_2867,float,,Chemical Dice embedding dimension 2867 of 8192 predicted from the SMILES by the distilled Mamba model
feat_2868,float,,Chemical Dice embedding dimension 2868 of 8192 predicted from the SMILES by the distilled Mamba model
feat_2869,float,,Chemical Dice embedding dimension 2869 of 8192 predicted from the SMILES by the distilled Mamba model
feat_2870,float,,Chemical Dice embedding dimension 2870 of 8192 predicted from the SMILES by the distilled Mamba model
feat_2871,float,,Chemical Dice embedding dimension 2871 of 8192 predicted from the SMILES by the distilled Mamba model
feat_2872,float,,Chemical Dice embedding dimension 2872 of 8192 predicted from the SMILES by the distilled Mamba model
feat_2873,float,,Chemical Dice embedding dimension 2873 of 8192 predicted from the SMILES by the distilled Mamba model
feat_2874,float,,Chemical Dice embedding dimension 2874 of 8192 predicted from the SMILES by the distilled Mamba model
feat_2875,float,,Chemical Dice embedding dimension 2875 of 8192 predicted from the SMILES by the distilled Mamba model
feat_2876,float,,Chemical Dice embedding dimension 2876 of 8192 predicted from the SMILES by the distilled Mamba model
feat_2877,float,,Chemical Dice embedding dimension 2877 of 8192 predicted from the SMILES by the distilled Mamba model
feat_2878,float,,Chemical Dice embedding dimension 2878 of 8192 predicted from the SMILES by the distilled Mamba model
feat_2879,float,,Chemical Dice embedding dimension 2879 of 8192 predicted from the SMILES by the distilled Mamba model
feat_2880,float,,Chemical Dice embedding dimension 2880 of 8192 predicted from the SMILES by the distilled Mamba model
feat_2881,float,,Chemical Dice embedding dimension 2881 of 8192 predicted from the SMILES by the distilled Mamba model
feat_2882,float,,Chemical Dice embedding dimension 2882 of 8192 predicted from the SMILES by the distilled Mamba model
feat_2883,float,,Chemical Dice embedding dimension 2883 of 8192 predicted from the SMILES by the distilled Mamba model
feat_2884,float,,Chemical Dice embedding dimension 2884 of 8192 predicted from the SMILES by the distilled Mamba model
feat_2885,float,,Chemical Dice embedding dimension 2885 of 8192 predicted from the SMILES by the distilled Mamba model
feat_2886,float,,Chemical Dice embedding dimension 2886 of 8192 predicted from the SMILES by the distilled Mamba model
feat_2887,float,,Chemical Dice embedding dimension 2887 of 8192 predicted from the SMILES by the distilled Mamba model
feat_2888,float,,Chemical Dice embedding dimension 2888 of 8192 predicted from the SMILES by the distilled Mamba model
feat_2889,float,,Chemical Dice embedding dimension 2889 of 8192 predicted from the SMILES by the distilled Mamba model
feat_2890,float,,Chemical Dice embedding dimension 2890 of 8192 predicted from the SMILES by the distilled Mamba model
feat_2891,float,,Chemical Dice embedding dimension 2891 of 8192 predicted from the SMILES by the distilled Mamba model
feat_2892,float,,Chemical Dice embedding dimension 2892 of 8192 predicted from the SMILES by the distilled Mamba model
feat_2893,float,,Chemical Dice embedding dimension 2893 of 8192 predicted from the SMILES by the distilled Mamba model
feat_2894,float,,Chemical Dice embedding dimension 2894 of 8192 predicted from the SMILES by the distilled Mamba model
feat_2895,float,,Chemical Dice embedding dimension 2895 of 8192 predicted from the SMILES by the distilled Mamba model
feat_2896,float,,Chemical Dice embedding dimension 2896 of 8192 predicted from the SMILES by the distilled Mamba model
feat_2897,float,,Chemical Dice embedding dimension 2897 of 8192 predicted from the SMILES by the distilled Mamba model
feat_2898,float,,Chemical Dice embedding dimension 2898 of 8192 predicted from the SMILES by the distilled Mamba model
feat_2899,float,,Chemical Dice embedding dimension 2899 of 8192 predicted from the SMILES by the distilled Mamba model
feat_2900,float,,Chemical Dice embedding dimension 2900 of 8192 predicted from the SMILES by the distilled Mamba model
feat_2901,float,,Chemical Dice embedding dimension 2901 of 8192 predicted from the SMILES by the distilled Mamba model
feat_2902,float,,Chemical Dice embedding dimension 2902 of 8192 predicted from the SMILES by the distilled Mamba model
feat_2903,float,,Chemical Dice embedding dimension 2903 of 8192 predicted from the SMILES by the distilled Mamba model
feat_2904,float,,Chemical Dice embedding dimension 2904 of 8192 predicted from the SMILES by the distilled Mamba model
feat_2905,float,,Chemical Dice embedding dimension 2905 of 8192 predicted from the SMILES by the distilled Mamba model
feat_2906,float,,Chemical Dice embedding dimension 2906 of 8192 predicted from the SMILES by the distilled Mamba model
feat_2907,float,,Chemical Dice embedding dimension 2907 of 8192 predicted from the SMILES by the distilled Mamba model
feat_2908,float,,Chemical Dice embedding dimension 2908 of 8192 predicted from the SMILES by the distilled Mamba model
feat_2909,float,,Chemical Dice embedding dimension 2909 of 8192 predicted from the SMILES by the distilled Mamba model
feat_2910,float,,Chemical Dice embedding dimension 2910 of 8192 predicted from the SMILES by the distilled Mamba model
feat_2911,float,,Chemical Dice embedding dimension 2911 of 8192 predicted from the SMILES by the distilled Mamba model
feat_2912,float,,Chemical Dice embedding dimension 2912 of 8192 predicted from the SMILES by the distilled Mamba model
feat_2913,float,,Chemical Dice embedding dimension 2913 of 8192 predicted from the SMILES by the distilled Mamba model
feat_2914,float,,Chemical Dice embedding dimension 2914 of 8192 predicted from the SMILES by the distilled Mamba model
feat_2915,float,,Chemical Dice embedding dimension 2915 of 8192 predicted from the SMILES by the distilled Mamba model
feat_2916,float,,Chemical Dice embedding dimension 2916 of 8192 predicted from the SMILES by the distilled Mamba model
feat_2917,float,,Chemical Dice embedding dimension 2917 of 8192 predicted from the SMILES by the distilled Mamba model
feat_2918,float,,Chemical Dice embedding dimension 2918 of 8192 predicted from the SMILES by the distilled Mamba model
feat_2919,float,,Chemical Dice embedding dimension 2919 of 8192 predicted from the SMILES by the distilled Mamba model
feat_2920,float,,Chemical Dice embedding dimension 2920 of 8192 predicted from the SMILES by the distilled Mamba model
feat_2921,float,,Chemical Dice embedding dimension 2921 of 8192 predicted from the SMILES by the distilled Mamba model
feat_2922,float,,Chemical Dice embedding dimension 2922 of 8192 predicted from the SMILES by the distilled Mamba model
feat_2923,float,,Chemical Dice embedding dimension 2923 of 8192 predicted from the SMILES by the distilled Mamba model
feat_2924,float,,Chemical Dice embedding dimension 2924 of 8192 predicted from the SMILES by the distilled Mamba model
feat_2925,float,,Chemical Dice embedding dimension 2925 of 8192 predicted from the SMILES by the distilled Mamba model
feat_2926,float,,Chemical Dice embedding dimension 2926 of 8192 predicted from the SMILES by the distilled Mamba model
feat_2927,float,,Chemical Dice embedding dimension 2927 of 8192 predicted from the SMILES by the distilled Mamba model
feat_2928,float,,Chemical Dice embedding dimension 2928 of 8192 predicted from the SMILES by the distilled Mamba model
feat_2929,float,,Chemical Dice embedding dimension 2929 of 8192 predicted from the SMILES by the distilled Mamba model
feat_2930,float,,Chemical Dice embedding dimension 2930 of 8192 predicted from the SMILES by the distilled Mamba model
feat_2931,float,,Chemical Dice embedding dimension 2931 of 8192 predicted from the SMILES by the distilled Mamba model
feat_2932,float,,Chemical Dice embedding dimension 2932 of 8192 predicted from the SMILES by the distilled Mamba model
feat_2933,float,,Chemical Dice embedding dimension 2933 of 8192 predicted from the SMILES by the distilled Mamba model
feat_2934,float,,Chemical Dice embedding dimension 2934 of 8192 predicted from the SMILES by the distilled Mamba model
feat_2935,float,,Chemical Dice embedding dimension 2935 of 8192 predicted from the SMILES by the distilled Mamba model
feat_2936,float,,Chemical Dice embedding dimension 2936 of 8192 predicted from the SMILES by the distilled Mamba model
feat_2937,float,,Chemical Dice embedding dimension 2937 of 8192 predicted from the SMILES by the distilled Mamba model
feat_2938,float,,Chemical Dice embedding dimension 2938 of 8192 predicted from the SMILES by the distilled Mamba model
feat_2939,float,,Chemical Dice embedding dimension 2939 of 8192 predicted from the SMILES by the distilled Mamba model
feat_2940,float,,Chemical Dice embedding dimension 2940 of 8192 predicted from the SMILES by the distilled Mamba model
feat_2941,float,,Chemical Dice embedding dimension 2941 of 8192 predicted from the SMILES by the distilled Mamba model
feat_2942,float,,Chemical Dice embedding dimension 2942 of 8192 predicted from the SMILES by the distilled Mamba model
feat_2943,float,,Chemical Dice embedding dimension 2943 of 8192 predicted from the SMILES by the distilled Mamba model
feat_2944,float,,Chemical Dice embedding dimension 2944 of 8192 predicted from the SMILES by the distilled Mamba model
feat_2945,float,,Chemical Dice embedding dimension 2945 of 8192 predicted from the SMILES by the distilled Mamba model
feat_2946,float,,Chemical Dice embedding dimension 2946 of 8192 predicted from the SMILES by the distilled Mamba model
feat_2947,float,,Chemical Dice embedding dimension 2947 of 8192 predicted from the SMILES by the distilled Mamba model
feat_2948,float,,Chemical Dice embedding dimension 2948 of 8192 predicted from the SMILES by the distilled Mamba model
feat_2949,float,,Chemical Dice embedding dimension 2949 of 8192 predicted from the SMILES by the distilled Mamba model
feat_2950,float,,Chemical Dice embedding dimension 2950 of 8192 predicted from the SMILES by the distilled Mamba model
feat_2951,float,,Chemical Dice embedding dimension 2951 of 8192 predicted from the SMILES by the distilled Mamba model
feat_2952,float,,Chemical Dice embedding dimension 2952 of 8192 predicted from the SMILES by the distilled Mamba model
feat_2953,float,,Chemical Dice embedding dimension 2953 of 8192 predicted from the SMILES by the distilled Mamba model
feat_2954,float,,Chemical Dice embedding dimension 2954 of 8192 predicted from the SMILES by the distilled Mamba model
feat_2955,float,,Chemical Dice embedding dimension 2955 of 8192 predicted from the SMILES by the distilled Mamba model
feat_2956,float,,Chemical Dice embedding dimension 2956 of 8192 predicted from the SMILES by the distilled Mamba model
feat_2957,float,,Chemical Dice embedding dimension 2957 of 8192 predicted from the SMILES by the distilled Mamba model
feat_2958,float,,Chemical Dice embedding dimension 2958 of 8192 predicted from the SMILES by the distilled Mamba model
feat_2959,float,,Chemical Dice embedding dimension 2959 of 8192 predicted from the SMILES by the distilled Mamba model
feat_2960,float,,Chemical Dice embedding dimension 2960 of 8192 predicted from the SMILES by the distilled Mamba model
feat_2961,float,,Chemical Dice embedding dimension 2961 of 8192 predicted from the SMILES by the distilled Mamba model
feat_2962,float,,Chemical Dice embedding dimension 2962 of 8192 predicted from the SMILES by the distilled Mamba model
feat_2963,float,,Chemical Dice embedding dimension 2963 of 8192 predicted from the SMILES by the distilled Mamba model
feat_2964,float,,Chemical Dice embedding dimension 2964 of 8192 predicted from the SMILES by the distilled Mamba model
feat_2965,float,,Chemical Dice embedding dimension 2965 of 8192 predicted from the SMILES by the distilled Mamba model
feat_2966,float,,Chemical Dice embedding dimension 2966 of 8192 predicted from the SMILES by the distilled Mamba model
feat_2967,float,,Chemical Dice embedding dimension 2967 of 8192 predicted from the SMILES by the distilled Mamba model
feat_2968,float,,Chemical Dice embedding dimension 2968 of 8192 predicted from the SMILES by the distilled Mamba model
feat_2969,float,,Chemical Dice embedding dimension 2969 of 8192 predicted from the SMILES by the distilled Mamba model
feat_2970,float,,Chemical Dice embedding dimension 2970 of 8192 predicted from the SMILES by the distilled Mamba model
feat_2971,float,,Chemical Dice embedding dimension 2971 of 8192 predicted from the SMILES by the distilled Mamba model
feat_2972,float,,Chemical Dice embedding dimension 2972 of 8192 predicted from the SMILES by the distilled Mamba model
feat_2973,float,,Chemical Dice embedding dimension 2973 of 8192 predicted from the SMILES by the distilled Mamba model
feat_2974,float,,Chemical Dice embedding dimension 2974 of 8192 predicted from the SMILES by the distilled Mamba model
feat_2975,float,,Chemical Dice embedding dimension 2975 of 8192 predicted from the SMILES by the distilled Mamba model
feat_2976,float,,Chemical Dice embedding dimension 2976 of 8192 predicted from the SMILES by the distilled Mamba model
feat_2977,float,,Chemical Dice embedding dimension 2977 of 8192 predicted from the SMILES by the distilled Mamba model
feat_2978,float,,Chemical Dice embedding dimension 2978 of 8192 predicted from the SMILES by the distilled Mamba model
feat_2979,float,,Chemical Dice embedding dimension 2979 of 8192 predicted from the SMILES by the distilled Mamba model
feat_2980,float,,Chemical Dice embedding dimension 2980 of 8192 predicted from the SMILES by the distilled Mamba model
feat_2981,float,,Chemical Dice embedding dimension 2981 of 8192 predicted from the SMILES by the distilled Mamba model
feat_2982,float,,Chemical Dice embedding dimension 2982 of 8192 predicted from the SMILES by the distilled Mamba model
feat_2983,float,,Chemical Dice embedding dimension 2983 of 8192 predicted from the SMILES by the distilled Mamba model
feat_2984,float,,Chemical Dice embedding dimension 2984 of 8192 predicted from the SMILES by the distilled Mamba model
feat_2985,float,,Chemical Dice embedding dimension 2985 of 8192 predicted from the SMILES by the distilled Mamba model
feat_2986,float,,Chemical Dice embedding dimension 2986 of 8192 predicted from the SMILES by the distilled Mamba model
feat_2987,float,,Chemical Dice embedding dimension 2987 of 8192 predicted from the SMILES by the distilled Mamba model
feat_2988,float,,Chemical Dice embedding dimension 2988 of 8192 predicted from the SMILES by the distilled Mamba model
feat_2989,float,,Chemical Dice embedding dimension 2989 of 8192 predicted from the SMILES by the distilled Mamba model
feat_2990,float,,Chemical Dice embedding dimension 2990 of 8192 predicted from the SMILES by the distilled Mamba model
feat_2991,float,,Chemical Dice embedding dimension 2991 of 8192 predicted from the SMILES by the distilled Mamba model
feat_2992,float,,Chemical Dice embedding dimension 2992 of 8192 predicted from the SMILES by the distilled Mamba model
feat_2993,float,,Chemical Dice embedding dimension 2993 of 8192 predicted from the SMILES by the distilled Mamba model
feat_2994,float,,Chemical Dice embedding dimension 2994 of 8192 predicted from the SMILES by the distilled Mamba model
feat_2995,float,,Chemical Dice embedding dimension 2995 of 8192 predicted from the SMILES by the distilled Mamba model
feat_2996,float,,Chemical Dice embedding dimension 2996 of 8192 predicted from the SMILES by the distilled Mamba model
feat_2997,float,,Chemical Dice embedding dimension 2997 of 8192 predicted from the SMILES by the distilled Mamba model
feat_2998,float,,Chemical Dice embedding dimension 2998 of 8192 predicted from the SMILES by the distilled Mamba model
feat_2999,float,,Chemical Dice embedding dimension 2999 of 8192 predicted from the SMILES by the distilled Mamba model
feat_3000,float,,Chemical Dice embedding dimension 3000 of 8192 predicted from the SMILES by the distilled Mamba model
feat_3001,float,,Chemical Dice embedding dimension 3001 of 8192 predicted from the SMILES by the distilled Mamba model
feat_3002,float,,Chemical Dice embedding dimension 3002 of 8192 predicted from the SMILES by the distilled Mamba model
feat_3003,float,,Chemical Dice embedding dimension 3003 of 8192 predicted from the SMILES by the distilled Mamba model
feat_3004,float,,Chemical Dice embedding dimension 3004 of 8192 predicted from the SMILES by the distilled Mamba model
feat_3005,float,,Chemical Dice embedding dimension 3005 of 8192 predicted from the SMILES by the distilled Mamba model
feat_3006,float,,Chemical Dice embedding dimension 3006 of 8192 predicted from the SMILES by the distilled Mamba model
feat_3007,float,,Chemical Dice embedding dimension 3007 of 8192 predicted from the SMILES by the distilled Mamba model
feat_3008,float,,Chemical Dice embedding dimension 3008 of 8192 predicted from the SMILES by the distilled Mamba model
feat_3009,float,,Chemical Dice embedding dimension 3009 of 8192 predicted from the SMILES by the distilled Mamba model
feat_3010,float,,Chemical Dice embedding dimension 3010 of 8192 predicted from the SMILES by the distilled Mamba model
feat_3011,float,,Chemical Dice embedding dimension 3011 of 8192 predicted from the SMILES by the distilled Mamba model
feat_3012,float,,Chemical Dice embedding dimension 3012 of 8192 predicted from the SMILES by the distilled Mamba model
feat_3013,float,,Chemical Dice embedding dimension 3013 of 8192 predicted from the SMILES by the distilled Mamba model
feat_3014,float,,Chemical Dice embedding dimension 3014 of 8192 predicted from the SMILES by the distilled Mamba model
feat_3015,float,,Chemical Dice embedding dimension 3015 of 8192 predicted from the SMILES by the distilled Mamba model
feat_3016,float,,Chemical Dice embedding dimension 3016 of 8192 predicted from the SMILES by the distilled Mamba model
feat_3017,float,,Chemical Dice embedding dimension 3017 of 8192 predicted from the SMILES by the distilled Mamba model
feat_3018,float,,Chemical Dice embedding dimension 3018 of 8192 predicted from the SMILES by the distilled Mamba model
feat_3019,float,,Chemical Dice embedding dimension 3019 of 8192 predicted from the SMILES by the distilled Mamba model
feat_3020,float,,Chemical Dice embedding dimension 3020 of 8192 predicted from the SMILES by the distilled Mamba model
feat_3021,float,,Chemical Dice embedding dimension 3021 of 8192 predicted from the SMILES by the distilled Mamba model
feat_3022,float,,Chemical Dice embedding dimension 3022 of 8192 predicted from the SMILES by the distilled Mamba model
feat_3023,float,,Chemical Dice embedding dimension 3023 of 8192 predicted from the SMILES by the distilled Mamba model
feat_3024,float,,Chemical Dice embedding dimension 3024 of 8192 predicted from the SMILES by the distilled Mamba model
feat_3025,float,,Chemical Dice embedding dimension 3025 of 8192 predicted from the SMILES by the distilled Mamba model
feat_3026,float,,Chemical Dice embedding dimension 3026 of 8192 predicted from the SMILES by the distilled Mamba model
feat_3027,float,,Chemical Dice embedding dimension 3027 of 8192 predicted from the SMILES by the distilled Mamba model
feat_3028,float,,Chemical Dice embedding dimension 3028 of 8192 predicted from the SMILES by the distilled Mamba model
feat_3029,float,,Chemical Dice embedding dimension 3029 of 8192 predicted from the SMILES by the distilled Mamba model
feat_3030,float,,Chemical Dice embedding dimension 3030 of 8192 predicted from the SMILES by the distilled Mamba model
feat_3031,float,,Chemical Dice embedding dimension 3031 of 8192 predicted from the SMILES by the distilled Mamba model
feat_3032,float,,Chemical Dice embedding dimension 3032 of 8192 predicted from the SMILES by the distilled Mamba model
feat_3033,float,,Chemical Dice embedding dimension 3033 of 8192 predicted from the SMILES by the distilled Mamba model
feat_3034,float,,Chemical Dice embedding dimension 3034 of 8192 predicted from the SMILES by the distilled Mamba model
feat_3035,float,,Chemical Dice embedding dimension 3035 of 8192 predicted from the SMILES by the distilled Mamba model
feat_3036,float,,Chemical Dice embedding dimension 3036 of 8192 predicted from the SMILES by the distilled Mamba model
feat_3037,float,,Chemical Dice embedding dimension 3037 of 8192 predicted from the SMILES by the distilled Mamba model
feat_3038,float,,Chemical Dice embedding dimension 3038 of 8192 predicted from the SMILES by the distilled Mamba model
feat_3039,float,,Chemical Dice embedding dimension 3039 of 8192 predicted from the SMILES by the distilled Mamba model
feat_3040,float,,Chemical Dice embedding dimension 3040 of 8192 predicted from the SMILES by the distilled Mamba model
feat_3041,float,,Chemical Dice embedding dimension 3041 of 8192 predicted from the SMILES by the distilled Mamba model
feat_3042,float,,Chemical Dice embedding dimension 3042 of 8192 predicted from the SMILES by the distilled Mamba model
feat_3043,float,,Chemical Dice embedding dimension 3043 of 8192 predicted from the SMILES by the distilled Mamba model
feat_3044,float,,Chemical Dice embedding dimension 3044 of 8192 predicted from the SMILES by the distilled Mamba model
feat_3045,float,,Chemical Dice embedding dimension 3045 of 8192 predicted from the SMILES by the distilled Mamba model
feat_3046,float,,Chemical Dice embedding dimension 3046 of 8192 predicted from the SMILES by the distilled Mamba model
feat_3047,float,,Chemical Dice embedding dimension 3047 of 8192 predicted from the SMILES by the distilled Mamba model
feat_3048,float,,Chemical Dice embedding dimension 3048 of 8192 predicted from the SMILES by the distilled Mamba model
feat_3049,float,,Chemical Dice embedding dimension 3049 of 8192 predicted from the SMILES by the distilled Mamba model
feat_3050,float,,Chemical Dice embedding dimension 3050 of 8192 predicted from the SMILES by the distilled Mamba model
feat_3051,float,,Chemical Dice embedding dimension 3051 of 8192 predicted from the SMILES by the distilled Mamba model
feat_3052,float,,Chemical Dice embedding dimension 3052 of 8192 predicted from the SMILES by the distilled Mamba model
feat_3053,float,,Chemical Dice embedding dimension 3053 of 8192 predicted from the SMILES by the distilled Mamba model
feat_3054,float,,Chemical Dice embedding dimension 3054 of 8192 predicted from the SMILES by the distilled Mamba model
feat_3055,float,,Chemical Dice embedding dimension 3055 of 8192 predicted from the SMILES by the distilled Mamba model
feat_3056,float,,Chemical Dice embedding dimension 3056 of 8192 predicted from the SMILES by the distilled Mamba model
feat_3057,float,,Chemical Dice embedding dimension 3057 of 8192 predicted from the SMILES by the distilled Mamba model
feat_3058,float,,Chemical Dice embedding dimension 3058 of 8192 predicted from the SMILES by the distilled Mamba model
feat_3059,float,,Chemical Dice embedding dimension 3059 of 8192 predicted from the SMILES by the distilled Mamba model
feat_3060,float,,Chemical Dice embedding dimension 3060 of 8192 predicted from the SMILES by the distilled Mamba model
feat_3061,float,,Chemical Dice embedding dimension 3061 of 8192 predicted from the SMILES by the distilled Mamba model
feat_3062,float,,Chemical Dice embedding dimension 3062 of 8192 predicted from the SMILES by the distilled Mamba model
feat_3063,float,,Chemical Dice embedding dimension 3063 of 8192 predicted from the SMILES by the distilled Mamba model
feat_3064,float,,Chemical Dice embedding dimension 3064 of 8192 predicted from the SMILES by the distilled Mamba model
feat_3065,float,,Chemical Dice embedding dimension 3065 of 8192 predicted from the SMILES by the distilled Mamba model
feat_3066,float,,Chemical Dice embedding dimension 3066 of 8192 predicted from the SMILES by the distilled Mamba model
feat_3067,float,,Chemical Dice embedding dimension 3067 of 8192 predicted from the SMILES by the distilled Mamba model
feat_3068,float,,Chemical Dice embedding dimension 3068 of 8192 predicted from the SMILES by the distilled Mamba model
feat_3069,float,,Chemical Dice embedding dimension 3069 of 8192 predicted from the SMILES by the distilled Mamba model
feat_3070,float,,Chemical Dice embedding dimension 3070 of 8192 predicted from the SMILES by the distilled Mamba model
feat_3071,float,,Chemical Dice embedding dimension 3071 of 8192 predicted from the SMILES by the distilled Mamba model
feat_3072,float,,Chemical Dice embedding dimension 3072 of 8192 predicted from the SMILES by the distilled Mamba model
feat_3073,float,,Chemical Dice embedding dimension 3073 of 8192 predicted from the SMILES by the distilled Mamba model
feat_3074,float,,Chemical Dice embedding dimension 3074 of 8192 predicted from the SMILES by the distilled Mamba model
feat_3075,float,,Chemical Dice embedding dimension 3075 of 8192 predicted from the SMILES by the distilled Mamba model
feat_3076,float,,Chemical Dice embedding dimension 3076 of 8192 predicted from the SMILES by the distilled Mamba model
feat_3077,float,,Chemical Dice embedding dimension 3077 of 8192 predicted from the SMILES by the distilled Mamba model
feat_3078,float,,Chemical Dice embedding dimension 3078 of 8192 predicted from the SMILES by the distilled Mamba model
feat_3079,float,,Chemical Dice embedding dimension 3079 of 8192 predicted from the SMILES by the distilled Mamba model
feat_3080,float,,Chemical Dice embedding dimension 3080 of 8192 predicted from the SMILES by the distilled Mamba model
feat_3081,float,,Chemical Dice embedding dimension 3081 of 8192 predicted from the SMILES by the distilled Mamba model
feat_3082,float,,Chemical Dice embedding dimension 3082 of 8192 predicted from the SMILES by the distilled Mamba model
feat_3083,float,,Chemical Dice embedding dimension 3083 of 8192 predicted from the SMILES by the distilled Mamba model
feat_3084,float,,Chemical Dice embedding dimension 3084 of 8192 predicted from the SMILES by the distilled Mamba model
feat_3085,float,,Chemical Dice embedding dimension 3085 of 8192 predicted from the SMILES by the distilled Mamba model
feat_3086,float,,Chemical Dice embedding dimension 3086 of 8192 predicted from the SMILES by the distilled Mamba model
feat_3087,float,,Chemical Dice embedding dimension 3087 of 8192 predicted from the SMILES by the distilled Mamba model
feat_3088,float,,Chemical Dice embedding dimension 3088 of 8192 predicted from the SMILES by the distilled Mamba model
feat_3089,float,,Chemical Dice embedding dimension 3089 of 8192 predicted from the SMILES by the distilled Mamba model
feat_3090,float,,Chemical Dice embedding dimension 3090 of 8192 predicted from the SMILES by the distilled Mamba model
feat_3091,float,,Chemical Dice embedding dimension 3091 of 8192 predicted from the SMILES by the distilled Mamba model
feat_3092,float,,Chemical Dice embedding dimension 3092 of 8192 predicted from the SMILES by the distilled Mamba model
feat_3093,float,,Chemical Dice embedding dimension 3093 of 8192 predicted from the SMILES by the distilled Mamba model
feat_3094,float,,Chemical Dice embedding dimension 3094 of 8192 predicted from the SMILES by the distilled Mamba model
feat_3095,float,,Chemical Dice embedding dimension 3095 of 8192 predicted from the SMILES by the distilled Mamba model
feat_3096,float,,Chemical Dice embedding dimension 3096 of 8192 predicted from the SMILES by the distilled Mamba model
feat_3097,float,,Chemical Dice embedding dimension 3097 of 8192 predicted from the SMILES by the distilled Mamba model
feat_3098,float,,Chemical Dice embedding dimension 3098 of 8192 predicted from the SMILES by the distilled Mamba model
feat_3099,float,,Chemical Dice embedding dimension 3099 of 8192 predicted from the SMILES by the distilled Mamba model
feat_3100,float,,Chemical Dice embedding dimension 3100 of 8192 predicted from the SMILES by the distilled Mamba model
feat_3101,float,,Chemical Dice embedding dimension 3101 of 8192 predicted from the SMILES by the distilled Mamba model
feat_3102,float,,Chemical Dice embedding dimension 3102 of 8192 predicted from the SMILES by the distilled Mamba model
feat_3103,float,,Chemical Dice embedding dimension 3103 of 8192 predicted from the SMILES by the distilled Mamba model
feat_3104,float,,Chemical Dice embedding dimension 3104 of 8192 predicted from the SMILES by the distilled Mamba model
feat_3105,float,,Chemical Dice embedding dimension 3105 of 8192 predicted from the SMILES by the distilled Mamba model
feat_3106,float,,Chemical Dice embedding dimension 3106 of 8192 predicted from the SMILES by the distilled Mamba model
feat_3107,float,,Chemical Dice embedding dimension 3107 of 8192 predicted from the SMILES by the distilled Mamba model
feat_3108,float,,Chemical Dice embedding dimension 3108 of 8192 predicted from the SMILES by the distilled Mamba model
feat_3109,float,,Chemical Dice embedding dimension 3109 of 8192 predicted from the SMILES by the distilled Mamba model
feat_3110,float,,Chemical Dice embedding dimension 3110 of 8192 predicted from the SMILES by the distilled Mamba model
feat_3111,float,,Chemical Dice embedding dimension 3111 of 8192 predicted from the SMILES by the distilled Mamba model
feat_3112,float,,Chemical Dice embedding dimension 3112 of 8192 predicted from the SMILES by the distilled Mamba model
feat_3113,float,,Chemical Dice embedding dimension 3113 of 8192 predicted from the SMILES by the distilled Mamba model
feat_3114,float,,Chemical Dice embedding dimension 3114 of 8192 predicted from the SMILES by the distilled Mamba model
feat_3115,float,,Chemical Dice embedding dimension 3115 of 8192 predicted from the SMILES by the distilled Mamba model
feat_3116,float,,Chemical Dice embedding dimension 3116 of 8192 predicted from the SMILES by the distilled Mamba model
feat_3117,float,,Chemical Dice embedding dimension 3117 of 8192 predicted from the SMILES by the distilled Mamba model
feat_3118,float,,Chemical Dice embedding dimension 3118 of 8192 predicted from the SMILES by the distilled Mamba model
feat_3119,float,,Chemical Dice embedding dimension 3119 of 8192 predicted from the SMILES by the distilled Mamba model
feat_3120,float,,Chemical Dice embedding dimension 3120 of 8192 predicted from the SMILES by the distilled Mamba model
feat_3121,float,,Chemical Dice embedding dimension 3121 of 8192 predicted from the SMILES by the distilled Mamba model
feat_3122,float,,Chemical Dice embedding dimension 3122 of 8192 predicted from the SMILES by the distilled Mamba model
feat_3123,float,,Chemical Dice embedding dimension 3123 of 8192 predicted from the SMILES by the distilled Mamba model
feat_3124,float,,Chemical Dice embedding dimension 3124 of 8192 predicted from the SMILES by the distilled Mamba model
feat_3125,float,,Chemical Dice embedding dimension 3125 of 8192 predicted from the SMILES by the distilled Mamba model
feat_3126,float,,Chemical Dice embedding dimension 3126 of 8192 predicted from the SMILES by the distilled Mamba model
feat_3127,float,,Chemical Dice embedding dimension 3127 of 8192 predicted from the SMILES by the distilled Mamba model
feat_3128,float,,Chemical Dice embedding dimension 3128 of 8192 predicted from the SMILES by the distilled Mamba model
feat_3129,float,,Chemical Dice embedding dimension 3129 of 8192 predicted from the SMILES by the distilled Mamba model
feat_3130,float,,Chemical Dice embedding dimension 3130 of 8192 predicted from the SMILES by the distilled Mamba model
feat_3131,float,,Chemical Dice embedding dimension 3131 of 8192 predicted from the SMILES by the distilled Mamba model
feat_3132,float,,Chemical Dice embedding dimension 3132 of 8192 predicted from the SMILES by the distilled Mamba model
feat_3133,float,,Chemical Dice embedding dimension 3133 of 8192 predicted from the SMILES by the distilled Mamba model
feat_3134,float,,Chemical Dice embedding dimension 3134 of 8192 predicted from the SMILES by the distilled Mamba model
feat_3135,float,,Chemical Dice embedding dimension 3135 of 8192 predicted from the SMILES by the distilled Mamba model
feat_3136,float,,Chemical Dice embedding dimension 3136 of 8192 predicted from the SMILES by the distilled Mamba model
feat_3137,float,,Chemical Dice embedding dimension 3137 of 8192 predicted from the SMILES by the distilled Mamba model
feat_3138,float,,Chemical Dice embedding dimension 3138 of 8192 predicted from the SMILES by the distilled Mamba model
feat_3139,float,,Chemical Dice embedding dimension 3139 of 8192 predicted from the SMILES by the distilled Mamba model
feat_3140,float,,Chemical Dice embedding dimension 3140 of 8192 predicted from the SMILES by the distilled Mamba model
feat_3141,float,,Chemical Dice embedding dimension 3141 of 8192 predicted from the SMILES by the distilled Mamba model
feat_3142,float,,Chemical Dice embedding dimension 3142 of 8192 predicted from the SMILES by the distilled Mamba model
feat_3143,float,,Chemical Dice embedding dimension 3143 of 8192 predicted from the SMILES by the distilled Mamba model
feat_3144,float,,Chemical Dice embedding dimension 3144 of 8192 predicted from the SMILES by the distilled Mamba model
feat_3145,float,,Chemical Dice embedding dimension 3145 of 8192 predicted from the SMILES by the distilled Mamba model
feat_3146,float,,Chemical Dice embedding dimension 3146 of 8192 predicted from the SMILES by the distilled Mamba model
feat_3147,float,,Chemical Dice embedding dimension 3147 of 8192 predicted from the SMILES by the distilled Mamba model
feat_3148,float,,Chemical Dice embedding dimension 3148 of 8192 predicted from the SMILES by the distilled Mamba model
feat_3149,float,,Chemical Dice embedding dimension 3149 of 8192 predicted from the SMILES by the distilled Mamba model
feat_3150,float,,Chemical Dice embedding dimension 3150 of 8192 predicted from the SMILES by the distilled Mamba model
feat_3151,float,,Chemical Dice embedding dimension 3151 of 8192 predicted from the SMILES by the distilled Mamba model
feat_3152,float,,Chemical Dice embedding dimension 3152 of 8192 predicted from the SMILES by the distilled Mamba model
feat_3153,float,,Chemical Dice embedding dimension 3153 of 8192 predicted from the SMILES by the distilled Mamba model
feat_3154,float,,Chemical Dice embedding dimension 3154 of 8192 predicted from the SMILES by the distilled Mamba model
feat_3155,float,,Chemical Dice embedding dimension 3155 of 8192 predicted from the SMILES by the distilled Mamba model
feat_3156,float,,Chemical Dice embedding dimension 3156 of 8192 predicted from the SMILES by the distilled Mamba model
feat_3157,float,,Chemical Dice embedding dimension 3157 of 8192 predicted from the SMILES by the distilled Mamba model
feat_3158,float,,Chemical Dice embedding dimension 3158 of 8192 predicted from the SMILES by the distilled Mamba model
feat_3159,float,,Chemical Dice embedding dimension 3159 of 8192 predicted from the SMILES by the distilled Mamba model
feat_3160,float,,Chemical Dice embedding dimension 3160 of 8192 predicted from the SMILES by the distilled Mamba model
feat_3161,float,,Chemical Dice embedding dimension 3161 of 8192 predicted from the SMILES by the distilled Mamba model
feat_3162,float,,Chemical Dice embedding dimension 3162 of 8192 predicted from the SMILES by the distilled Mamba model
feat_3163,float,,Chemical Dice embedding dimension 3163 of 8192 predicted from the SMILES by the distilled Mamba model
feat_3164,float,,Chemical Dice embedding dimension 3164 of 8192 predicted from the SMILES by the distilled Mamba model
feat_3165,float,,Chemical Dice embedding dimension 3165 of 8192 predicted from the SMILES by the distilled Mamba model
feat_3166,float,,Chemical Dice embedding dimension 3166 of 8192 predicted from the SMILES by the distilled Mamba model
feat_3167,float,,Chemical Dice embedding dimension 3167 of 8192 predicted from the SMILES by the distilled Mamba model
feat_3168,float,,Chemical Dice embedding dimension 3168 of 8192 predicted from the SMILES by the distilled Mamba model
feat_3169,float,,Chemical Dice embedding dimension 3169 of 8192 predicted from the SMILES by the distilled Mamba model
feat_3170,float,,Chemical Dice embedding dimension 3170 of 8192 predicted from the SMILES by the distilled Mamba model
feat_3171,float,,Chemical Dice embedding dimension 3171 of 8192 predicted from the SMILES by the distilled Mamba model
feat_3172,float,,Chemical Dice embedding dimension 3172 of 8192 predicted from the SMILES by the distilled Mamba model
feat_3173,float,,Chemical Dice embedding dimension 3173 of 8192 predicted from the SMILES by the distilled Mamba model
feat_3174,float,,Chemical Dice embedding dimension 3174 of 8192 predicted from the SMILES by the distilled Mamba model
feat_3175,float,,Chemical Dice embedding dimension 3175 of 8192 predicted from the SMILES by the distilled Mamba model
feat_3176,float,,Chemical Dice embedding dimension 3176 of 8192 predicted from the SMILES by the distilled Mamba model
feat_3177,float,,Chemical Dice embedding dimension 3177 of 8192 predicted from the SMILES by the distilled Mamba model
feat_3178,float,,Chemical Dice embedding dimension 3178 of 8192 predicted from the SMILES by the distilled Mamba model
feat_3179,float,,Chemical Dice embedding dimension 3179 of 8192 predicted from the SMILES by the distilled Mamba model
feat_3180,float,,Chemical Dice embedding dimension 3180 of 8192 predicted from the SMILES by the distilled Mamba model
feat_3181,float,,Chemical Dice embedding dimension 3181 of 8192 predicted from the SMILES by the distilled Mamba model
feat_3182,float,,Chemical Dice embedding dimension 3182 of 8192 predicted from the SMILES by the distilled Mamba model
feat_3183,float,,Chemical Dice embedding dimension 3183 of 8192 predicted from the SMILES by the distilled Mamba model
feat_3184,float,,Chemical Dice embedding dimension 3184 of 8192 predicted from the SMILES by the distilled Mamba model
feat_3185,float,,Chemical Dice embedding dimension 3185 of 8192 predicted from the SMILES by the distilled Mamba model
feat_3186,float,,Chemical Dice embedding dimension 3186 of 8192 predicted from the SMILES by the distilled Mamba model
feat_3187,float,,Chemical Dice embedding dimension 3187 of 8192 predicted from the SMILES by the distilled Mamba model
feat_3188,float,,Chemical Dice embedding dimension 3188 of 8192 predicted from the SMILES by the distilled Mamba model
feat_3189,float,,Chemical Dice embedding dimension 3189 of 8192 predicted from the SMILES by the distilled Mamba model
feat_3190,float,,Chemical Dice embedding dimension 3190 of 8192 predicted from the SMILES by the distilled Mamba model
feat_3191,float,,Chemical Dice embedding dimension 3191 of 8192 predicted from the SMILES by the distilled Mamba model
feat_3192,float,,Chemical Dice embedding dimension 3192 of 8192 predicted from the SMILES by the distilled Mamba model
feat_3193,float,,Chemical Dice embedding dimension 3193 of 8192 predicted from the SMILES by the distilled Mamba model
feat_3194,float,,Chemical Dice embedding dimension 3194 of 8192 predicted from the SMILES by the distilled Mamba model
feat_3195,float,,Chemical Dice embedding dimension 3195 of 8192 predicted from the SMILES by the distilled Mamba model
feat_3196,float,,Chemical Dice embedding dimension 3196 of 8192 predicted from the SMILES by the distilled Mamba model
feat_3197,float,,Chemical Dice embedding dimension 3197 of 8192 predicted from the SMILES by the distilled Mamba model
feat_3198,float,,Chemical Dice embedding dimension 3198 of 8192 predicted from the SMILES by the distilled Mamba model
feat_3199,float,,Chemical Dice embedding dimension 3199 of 8192 predicted from the SMILES by the distilled Mamba model
feat_3200,float,,Chemical Dice embedding dimension 3200 of 8192 predicted from the SMILES by the distilled Mamba model
feat_3201,float,,Chemical Dice embedding dimension 3201 of 8192 predicted from the SMILES by the distilled Mamba model
feat_3202,float,,Chemical Dice embedding dimension 3202 of 8192 predicted from the SMILES by the distilled Mamba model
feat_3203,float,,Chemical Dice embedding dimension 3203 of 8192 predicted from the SMILES by the distilled Mamba model
feat_3204,float,,Chemical Dice embedding dimension 3204 of 8192 predicted from the SMILES by the distilled Mamba model
feat_3205,float,,Chemical Dice embedding dimension 3205 of 8192 predicted from the SMILES by the distilled Mamba model
feat_3206,float,,Chemical Dice embedding dimension 3206 of 8192 predicted from the SMILES by the distilled Mamba model
feat_3207,float,,Chemical Dice embedding dimension 3207 of 8192 predicted from the SMILES by the distilled Mamba model
feat_3208,float,,Chemical Dice embedding dimension 3208 of 8192 predicted from the SMILES by the distilled Mamba model
feat_3209,float,,Chemical Dice embedding dimension 3209 of 8192 predicted from the SMILES by the distilled Mamba model
feat_3210,float,,Chemical Dice embedding dimension 3210 of 8192 predicted from the SMILES by the distilled Mamba model
feat_3211,float,,Chemical Dice embedding dimension 3211 of 8192 predicted from the SMILES by the distilled Mamba model
feat_3212,float,,Chemical Dice embedding dimension 3212 of 8192 predicted from the SMILES by the distilled Mamba model
feat_3213,float,,Chemical Dice embedding dimension 3213 of 8192 predicted from the SMILES by the distilled Mamba model
feat_3214,float,,Chemical Dice embedding dimension 3214 of 8192 predicted from the SMILES by the distilled Mamba model
feat_3215,float,,Chemical Dice embedding dimension 3215 of 8192 predicted from the SMILES by the distilled Mamba model
feat_3216,float,,Chemical Dice embedding dimension 3216 of 8192 predicted from the SMILES by the distilled Mamba model
feat_3217,float,,Chemical Dice embedding dimension 3217 of 8192 predicted from the SMILES by the distilled Mamba model
feat_3218,float,,Chemical Dice embedding dimension 3218 of 8192 predicted from the SMILES by the distilled Mamba model
feat_3219,float,,Chemical Dice embedding dimension 3219 of 8192 predicted from the SMILES by the distilled Mamba model
feat_3220,float,,Chemical Dice embedding dimension 3220 of 8192 predicted from the SMILES by the distilled Mamba model
feat_3221,float,,Chemical Dice embedding dimension 3221 of 8192 predicted from the SMILES by the distilled Mamba model
feat_3222,float,,Chemical Dice embedding dimension 3222 of 8192 predicted from the SMILES by the distilled Mamba model
feat_3223,float,,Chemical Dice embedding dimension 3223 of 8192 predicted from the SMILES by the distilled Mamba model
feat_3224,float,,Chemical Dice embedding dimension 3224 of 8192 predicted from the SMILES by the distilled Mamba model
feat_3225,float,,Chemical Dice embedding dimension 3225 of 8192 predicted from the SMILES by the distilled Mamba model
feat_3226,float,,Chemical Dice embedding dimension 3226 of 8192 predicted from the SMILES by the distilled Mamba model
feat_3227,float,,Chemical Dice embedding dimension 3227 of 8192 predicted from the SMILES by the distilled Mamba model
feat_3228,float,,Chemical Dice embedding dimension 3228 of 8192 predicted from the SMILES by the distilled Mamba model
feat_3229,float,,Chemical Dice embedding dimension 3229 of 8192 predicted from the SMILES by the distilled Mamba model
feat_3230,float,,Chemical Dice embedding dimension 3230 of 8192 predicted from the SMILES by the distilled Mamba model
feat_3231,float,,Chemical Dice embedding dimension 3231 of 8192 predicted from the SMILES by the distilled Mamba model
feat_3232,float,,Chemical Dice embedding dimension 3232 of 8192 predicted from the SMILES by the distilled Mamba model
feat_3233,float,,Chemical Dice embedding dimension 3233 of 8192 predicted from the SMILES by the distilled Mamba model
feat_3234,float,,Chemical Dice embedding dimension 3234 of 8192 predicted from the SMILES by the distilled Mamba model
feat_3235,float,,Chemical Dice embedding dimension 3235 of 8192 predicted from the SMILES by the distilled Mamba model
feat_3236,float,,Chemical Dice embedding dimension 3236 of 8192 predicted from the SMILES by the distilled Mamba model
feat_3237,float,,Chemical Dice embedding dimension 3237 of 8192 predicted from the SMILES by the distilled Mamba model
feat_3238,float,,Chemical Dice embedding dimension 3238 of 8192 predicted from the SMILES by the distilled Mamba model
feat_3239,float,,Chemical Dice embedding dimension 3239 of 8192 predicted from the SMILES by the distilled Mamba model
feat_3240,float,,Chemical Dice embedding dimension 3240 of 8192 predicted from the SMILES by the distilled Mamba model
feat_3241,float,,Chemical Dice embedding dimension 3241 of 8192 predicted from the SMILES by the distilled Mamba model
feat_3242,float,,Chemical Dice embedding dimension 3242 of 8192 predicted from the SMILES by the distilled Mamba model
feat_3243,float,,Chemical Dice embedding dimension 3243 of 8192 predicted from the SMILES by the distilled Mamba model
feat_3244,float,,Chemical Dice embedding dimension 3244 of 8192 predicted from the SMILES by the distilled Mamba model
feat_3245,float,,Chemical Dice embedding dimension 3245 of 8192 predicted from the SMILES by the distilled Mamba model
feat_3246,float,,Chemical Dice embedding dimension 3246 of 8192 predicted from the SMILES by the distilled Mamba model
feat_3247,float,,Chemical Dice embedding dimension 3247 of 8192 predicted from the SMILES by the distilled Mamba model
feat_3248,float,,Chemical Dice embedding dimension 3248 of 8192 predicted from the SMILES by the distilled Mamba model
feat_3249,float,,Chemical Dice embedding dimension 3249 of 8192 predicted from the SMILES by the distilled Mamba model
feat_3250,float,,Chemical Dice embedding dimension 3250 of 8192 predicted from the SMILES by the distilled Mamba model
feat_3251,float,,Chemical Dice embedding dimension 3251 of 8192 predicted from the SMILES by the distilled Mamba model
feat_3252,float,,Chemical Dice embedding dimension 3252 of 8192 predicted from the SMILES by the distilled Mamba model
feat_3253,float,,Chemical Dice embedding dimension 3253 of 8192 predicted from the SMILES by the distilled Mamba model
feat_3254,float,,Chemical Dice embedding dimension 3254 of 8192 predicted from the SMILES by the distilled Mamba model
feat_3255,float,,Chemical Dice embedding dimension 3255 of 8192 predicted from the SMILES by the distilled Mamba model
feat_3256,float,,Chemical Dice embedding dimension 3256 of 8192 predicted from the SMILES by the distilled Mamba model
feat_3257,float,,Chemical Dice embedding dimension 3257 of 8192 predicted from the SMILES by the distilled Mamba model
feat_3258,float,,Chemical Dice embedding dimension 3258 of 8192 predicted from the SMILES by the distilled Mamba model
feat_3259,float,,Chemical Dice embedding dimension 3259 of 8192 predicted from the SMILES by the distilled Mamba model
feat_3260,float,,Chemical Dice embedding dimension 3260 of 8192 predicted from the SMILES by the distilled Mamba model
feat_3261,float,,Chemical Dice embedding dimension 3261 of 8192 predicted from the SMILES by the distilled Mamba model
feat_3262,float,,Chemical Dice embedding dimension 3262 of 8192 predicted from the SMILES by the distilled Mamba model
feat_3263,float,,Chemical Dice embedding dimension 3263 of 8192 predicted from the SMILES by the distilled Mamba model
feat_3264,float,,Chemical Dice embedding dimension 3264 of 8192 predicted from the SMILES by the distilled Mamba model
feat_3265,float,,Chemical Dice embedding dimension 3265 of 8192 predicted from the SMILES by the distilled Mamba model
feat_3266,float,,Chemical Dice embedding dimension 3266 of 8192 predicted from the SMILES by the distilled Mamba model
feat_3267,float,,Chemical Dice embedding dimension 3267 of 8192 predicted from the SMILES by the distilled Mamba model
feat_3268,float,,Chemical Dice embedding dimension 3268 of 8192 predicted from the SMILES by the distilled Mamba model
feat_3269,float,,Chemical Dice embedding dimension 3269 of 8192 predicted from the SMILES by the distilled Mamba model
feat_3270,float,,Chemical Dice embedding dimension 3270 of 8192 predicted from the SMILES by the distilled Mamba model
feat_3271,float,,Chemical Dice embedding dimension 3271 of 8192 predicted from the SMILES by the distilled Mamba model
feat_3272,float,,Chemical Dice embedding dimension 3272 of 8192 predicted from the SMILES by the distilled Mamba model
feat_3273,float,,Chemical Dice embedding dimension 3273 of 8192 predicted from the SMILES by the distilled Mamba model
feat_3274,float,,Chemical Dice embedding dimension 3274 of 8192 predicted from the SMILES by the distilled Mamba model
feat_3275,float,,Chemical Dice embedding dimension 3275 of 8192 predicted from the SMILES by the distilled Mamba model
feat_3276,float,,Chemical Dice embedding dimension 3276 of 8192 predicted from the SMILES by the distilled Mamba model
feat_3277,float,,Chemical Dice embedding dimension 3277 of 8192 predicted from the SMILES by the distilled Mamba model
feat_3278,float,,Chemical Dice embedding dimension 3278 of 8192 predicted from the SMILES by the distilled Mamba model
feat_3279,float,,Chemical Dice embedding dimension 3279 of 8192 predicted from the SMILES by the distilled Mamba model
feat_3280,float,,Chemical Dice embedding dimension 3280 of 8192 predicted from the SMILES by the distilled Mamba model
feat_3281,float,,Chemical Dice embedding dimension 3281 of 8192 predicted from the SMILES by the distilled Mamba model
feat_3282,float,,Chemical Dice embedding dimension 3282 of 8192 predicted from the SMILES by the distilled Mamba model
feat_3283,float,,Chemical Dice embedding dimension 3283 of 8192 predicted from the SMILES by the distilled Mamba model
feat_3284,float,,Chemical Dice embedding dimension 3284 of 8192 predicted from the SMILES by the distilled Mamba model
feat_3285,float,,Chemical Dice embedding dimension 3285 of 8192 predicted from the SMILES by the distilled Mamba model
feat_3286,float,,Chemical Dice embedding dimension 3286 of 8192 predicted from the SMILES by the distilled Mamba model
feat_3287,float,,Chemical Dice embedding dimension 3287 of 8192 predicted from the SMILES by the distilled Mamba model
feat_3288,float,,Chemical Dice embedding dimension 3288 of 8192 predicted from the SMILES by the distilled Mamba model
feat_3289,float,,Chemical Dice embedding dimension 3289 of 8192 predicted from the SMILES by the distilled Mamba model
feat_3290,float,,Chemical Dice embedding dimension 3290 of 8192 predicted from the SMILES by the distilled Mamba model
feat_3291,float,,Chemical Dice embedding dimension 3291 of 8192 predicted from the SMILES by the distilled Mamba model
feat_3292,float,,Chemical Dice embedding dimension 3292 of 8192 predicted from the SMILES by the distilled Mamba model
feat_3293,float,,Chemical Dice embedding dimension 3293 of 8192 predicted from the SMILES by the distilled Mamba model
feat_3294,float,,Chemical Dice embedding dimension 3294 of 8192 predicted from the SMILES by the distilled Mamba model
feat_3295,float,,Chemical Dice embedding dimension 3295 of 8192 predicted from the SMILES by the distilled Mamba model
feat_3296,float,,Chemical Dice embedding dimension 3296 of 8192 predicted from the SMILES by the distilled Mamba model
feat_3297,float,,Chemical Dice embedding dimension 3297 of 8192 predicted from the SMILES by the distilled Mamba model
feat_3298,float,,Chemical Dice embedding dimension 3298 of 8192 predicted from the SMILES by the distilled Mamba model
feat_3299,float,,Chemical Dice embedding dimension 3299 of 8192 predicted from the SMILES by the distilled Mamba model
feat_3300,float,,Chemical Dice embedding dimension 3300 of 8192 predicted from the SMILES by the distilled Mamba model
feat_3301,float,,Chemical Dice embedding dimension 3301 of 8192 predicted from the SMILES by the distilled Mamba model
feat_3302,float,,Chemical Dice embedding dimension 3302 of 8192 predicted from the SMILES by the distilled Mamba model
feat_3303,float,,Chemical Dice embedding dimension 3303 of 8192 predicted from the SMILES by the distilled Mamba model
feat_3304,float,,Chemical Dice embedding dimension 3304 of 8192 predicted from the SMILES by the distilled Mamba model
feat_3305,float,,Chemical Dice embedding dimension 3305 of 8192 predicted from the SMILES by the distilled Mamba model
feat_3306,float,,Chemical Dice embedding dimension 3306 of 8192 predicted from the SMILES by the distilled Mamba model
feat_3307,float,,Chemical Dice embedding dimension 3307 of 8192 predicted from the SMILES by the distilled Mamba model
feat_3308,float,,Chemical Dice embedding dimension 3308 of 8192 predicted from the SMILES by the distilled Mamba model
feat_3309,float,,Chemical Dice embedding dimension 3309 of 8192 predicted from the SMILES by the distilled Mamba model
feat_3310,float,,Chemical Dice embedding dimension 3310 of 8192 predicted from the SMILES by the distilled Mamba model
feat_3311,float,,Chemical Dice embedding dimension 3311 of 8192 predicted from the SMILES by the distilled Mamba model
feat_3312,float,,Chemical Dice embedding dimension 3312 of 8192 predicted from the SMILES by the distilled Mamba model
feat_3313,float,,Chemical Dice embedding dimension 3313 of 8192 predicted from the SMILES by the distilled Mamba model
feat_3314,float,,Chemical Dice embedding dimension 3314 of 8192 predicted from the SMILES by the distilled Mamba model
feat_3315,float,,Chemical Dice embedding dimension 3315 of 8192 predicted from the SMILES by the distilled Mamba model
feat_3316,float,,Chemical Dice embedding dimension 3316 of 8192 predicted from the SMILES by the distilled Mamba model
feat_3317,float,,Chemical Dice embedding dimension 3317 of 8192 predicted from the SMILES by the distilled Mamba model
feat_3318,float,,Chemical Dice embedding dimension 3318 of 8192 predicted from the SMILES by the distilled Mamba model
feat_3319,float,,Chemical Dice embedding dimension 3319 of 8192 predicted from the SMILES by the distilled Mamba model
feat_3320,float,,Chemical Dice embedding dimension 3320 of 8192 predicted from the SMILES by the distilled Mamba model
feat_3321,float,,Chemical Dice embedding dimension 3321 of 8192 predicted from the SMILES by the distilled Mamba model
feat_3322,float,,Chemical Dice embedding dimension 3322 of 8192 predicted from the SMILES by the distilled Mamba model
feat_3323,float,,Chemical Dice embedding dimension 3323 of 8192 predicted from the SMILES by the distilled Mamba model
feat_3324,float,,Chemical Dice embedding dimension 3324 of 8192 predicted from the SMILES by the distilled Mamba model
feat_3325,float,,Chemical Dice embedding dimension 3325 of 8192 predicted from the SMILES by the distilled Mamba model
feat_3326,float,,Chemical Dice embedding dimension 3326 of 8192 predicted from the SMILES by the distilled Mamba model
feat_3327,float,,Chemical Dice embedding dimension 3327 of 8192 predicted from the SMILES by the distilled Mamba model
feat_3328,float,,Chemical Dice embedding dimension 3328 of 8192 predicted from the SMILES by the distilled Mamba model
feat_3329,float,,Chemical Dice embedding dimension 3329 of 8192 predicted from the SMILES by the distilled Mamba model
feat_3330,float,,Chemical Dice embedding dimension 3330 of 8192 predicted from the SMILES by the distilled Mamba model
feat_3331,float,,Chemical Dice embedding dimension 3331 of 8192 predicted from the SMILES by the distilled Mamba model
feat_3332,float,,Chemical Dice embedding dimension 3332 of 8192 predicted from the SMILES by the distilled Mamba model
feat_3333,float,,Chemical Dice embedding dimension 3333 of 8192 predicted from the SMILES by the distilled Mamba model
feat_3334,float,,Chemical Dice embedding dimension 3334 of 8192 predicted from the SMILES by the distilled Mamba model
feat_3335,float,,Chemical Dice embedding dimension 3335 of 8192 predicted from the SMILES by the distilled Mamba model
feat_3336,float,,Chemical Dice embedding dimension 3336 of 8192 predicted from the SMILES by the distilled Mamba model
feat_3337,float,,Chemical Dice embedding dimension 3337 of 8192 predicted from the SMILES by the distilled Mamba model
feat_3338,float,,Chemical Dice embedding dimension 3338 of 8192 predicted from the SMILES by the distilled Mamba model
feat_3339,float,,Chemical Dice embedding dimension 3339 of 8192 predicted from the SMILES by the distilled Mamba model
feat_3340,float,,Chemical Dice embedding dimension 3340 of 8192 predicted from the SMILES by the distilled Mamba model
feat_3341,float,,Chemical Dice embedding dimension 3341 of 8192 predicted from the SMILES by the distilled Mamba model
feat_3342,float,,Chemical Dice embedding dimension 3342 of 8192 predicted from the SMILES by the distilled Mamba model
feat_3343,float,,Chemical Dice embedding dimension 3343 of 8192 predicted from the SMILES by the distilled Mamba model
feat_3344,float,,Chemical Dice embedding dimension 3344 of 8192 predicted from the SMILES by the distilled Mamba model
feat_3345,float,,Chemical Dice embedding dimension 3345 of 8192 predicted from the SMILES by the distilled Mamba model
feat_3346,float,,Chemical Dice embedding dimension 3346 of 8192 predicted from the SMILES by the distilled Mamba model
feat_3347,float,,Chemical Dice embedding dimension 3347 of 8192 predicted from the SMILES by the distilled Mamba model
feat_3348,float,,Chemical Dice embedding dimension 3348 of 8192 predicted from the SMILES by the distilled Mamba model
feat_3349,float,,Chemical Dice embedding dimension 3349 of 8192 predicted from the SMILES by the distilled Mamba model
feat_3350,float,,Chemical Dice embedding dimension 3350 of 8192 predicted from the SMILES by the distilled Mamba model
feat_3351,float,,Chemical Dice embedding dimension 3351 of 8192 predicted from the SMILES by the distilled Mamba model
feat_3352,float,,Chemical Dice embedding dimension 3352 of 8192 predicted from the SMILES by the distilled Mamba model
feat_3353,float,,Chemical Dice embedding dimension 3353 of 8192 predicted from the SMILES by the distilled Mamba model
feat_3354,float,,Chemical Dice embedding dimension 3354 of 8192 predicted from the SMILES by the distilled Mamba model
feat_3355,float,,Chemical Dice embedding dimension 3355 of 8192 predicted from the SMILES by the distilled Mamba model
feat_3356,float,,Chemical Dice embedding dimension 3356 of 8192 predicted from the SMILES by the distilled Mamba model
feat_3357,float,,Chemical Dice embedding dimension 3357 of 8192 predicted from the SMILES by the distilled Mamba model
feat_3358,float,,Chemical Dice embedding dimension 3358 of 8192 predicted from the SMILES by the distilled Mamba model
feat_3359,float,,Chemical Dice embedding dimension 3359 of 8192 predicted from the SMILES by the distilled Mamba model
feat_3360,float,,Chemical Dice embedding dimension 3360 of 8192 predicted from the SMILES by the distilled Mamba model
feat_3361,float,,Chemical Dice embedding dimension 3361 of 8192 predicted from the SMILES by the distilled Mamba model
feat_3362,float,,Chemical Dice embedding dimension 3362 of 8192 predicted from the SMILES by the distilled Mamba model
feat_3363,float,,Chemical Dice embedding dimension 3363 of 8192 predicted from the SMILES by the distilled Mamba model
feat_3364,float,,Chemical Dice embedding dimension 3364 of 8192 predicted from the SMILES by the distilled Mamba model
feat_3365,float,,Chemical Dice embedding dimension 3365 of 8192 predicted from the SMILES by the distilled Mamba model
feat_3366,float,,Chemical Dice embedding dimension 3366 of 8192 predicted from the SMILES by the distilled Mamba model
feat_3367,float,,Chemical Dice embedding dimension 3367 of 8192 predicted from the SMILES by the distilled Mamba model
feat_3368,float,,Chemical Dice embedding dimension 3368 of 8192 predicted from the SMILES by the distilled Mamba model
feat_3369,float,,Chemical Dice embedding dimension 3369 of 8192 predicted from the SMILES by the distilled Mamba model
feat_3370,float,,Chemical Dice embedding dimension 3370 of 8192 predicted from the SMILES by the distilled Mamba model
feat_3371,float,,Chemical Dice embedding dimension 3371 of 8192 predicted from the SMILES by the distilled Mamba model
feat_3372,float,,Chemical Dice embedding dimension 3372 of 8192 predicted from the SMILES by the distilled Mamba model
feat_3373,float,,Chemical Dice embedding dimension 3373 of 8192 predicted from the SMILES by the distilled Mamba model
feat_3374,float,,Chemical Dice embedding dimension 3374 of 8192 predicted from the SMILES by the distilled Mamba model
feat_3375,float,,Chemical Dice embedding dimension 3375 of 8192 predicted from the SMILES by the distilled Mamba model
feat_3376,float,,Chemical Dice embedding dimension 3376 of 8192 predicted from the SMILES by the distilled Mamba model
feat_3377,float,,Chemical Dice embedding dimension 3377 of 8192 predicted from the SMILES by the distilled Mamba model
feat_3378,float,,Chemical Dice embedding dimension 3378 of 8192 predicted from the SMILES by the distilled Mamba model
feat_3379,float,,Chemical Dice embedding dimension 3379 of 8192 predicted from the SMILES by the distilled Mamba model
feat_3380,float,,Chemical Dice embedding dimension 3380 of 8192 predicted from the SMILES by the distilled Mamba model
feat_3381,float,,Chemical Dice embedding dimension 3381 of 8192 predicted from the SMILES by the distilled Mamba model
feat_3382,float,,Chemical Dice embedding dimension 3382 of 8192 predicted from the SMILES by the distilled Mamba model
feat_3383,float,,Chemical Dice embedding dimension 3383 of 8192 predicted from the SMILES by the distilled Mamba model
feat_3384,float,,Chemical Dice embedding dimension 3384 of 8192 predicted from the SMILES by the distilled Mamba model
feat_3385,float,,Chemical Dice embedding dimension 3385 of 8192 predicted from the SMILES by the distilled Mamba model
feat_3386,float,,Chemical Dice embedding dimension 3386 of 8192 predicted from the SMILES by the distilled Mamba model
feat_3387,float,,Chemical Dice embedding dimension 3387 of 8192 predicted from the SMILES by the distilled Mamba model
feat_3388,float,,Chemical Dice embedding dimension 3388 of 8192 predicted from the SMILES by the distilled Mamba model
feat_3389,float,,Chemical Dice embedding dimension 3389 of 8192 predicted from the SMILES by the distilled Mamba model
feat_3390,float,,Chemical Dice embedding dimension 3390 of 8192 predicted from the SMILES by the distilled Mamba model
feat_3391,float,,Chemical Dice embedding dimension 3391 of 8192 predicted from the SMILES by the distilled Mamba model
feat_3392,float,,Chemical Dice embedding dimension 3392 of 8192 predicted from the SMILES by the distilled Mamba model
feat_3393,float,,Chemical Dice embedding dimension 3393 of 8192 predicted from the SMILES by the distilled Mamba model
feat_3394,float,,Chemical Dice embedding dimension 3394 of 8192 predicted from the SMILES by the distilled Mamba model
feat_3395,float,,Chemical Dice embedding dimension 3395 of 8192 predicted from the SMILES by the distilled Mamba model
feat_3396,float,,Chemical Dice embedding dimension 3396 of 8192 predicted from the SMILES by the distilled Mamba model
feat_3397,float,,Chemical Dice embedding dimension 3397 of 8192 predicted from the SMILES by the distilled Mamba model
feat_3398,float,,Chemical Dice embedding dimension 3398 of 8192 predicted from the SMILES by the distilled Mamba model
feat_3399,float,,Chemical Dice embedding dimension 3399 of 8192 predicted from the SMILES by the distilled Mamba model
feat_3400,float,,Chemical Dice embedding dimension 3400 of 8192 predicted from the SMILES by the distilled Mamba model
feat_3401,float,,Chemical Dice embedding dimension 3401 of 8192 predicted from the SMILES by the distilled Mamba model
feat_3402,float,,Chemical Dice embedding dimension 3402 of 8192 predicted from the SMILES by the distilled Mamba model
feat_3403,float,,Chemical Dice embedding dimension 3403 of 8192 predicted from the SMILES by the distilled Mamba model
feat_3404,float,,Chemical Dice embedding dimension 3404 of 8192 predicted from the SMILES by the distilled Mamba model
feat_3405,float,,Chemical Dice embedding dimension 3405 of 8192 predicted from the SMILES by the distilled Mamba model
feat_3406,float,,Chemical Dice embedding dimension 3406 of 8192 predicted from the SMILES by the distilled Mamba model
feat_3407,float,,Chemical Dice embedding dimension 3407 of 8192 predicted from the SMILES by the distilled Mamba model
feat_3408,float,,Chemical Dice embedding dimension 3408 of 8192 predicted from the SMILES by the distilled Mamba model
feat_3409,float,,Chemical Dice embedding dimension 3409 of 8192 predicted from the SMILES by the distilled Mamba model
feat_3410,float,,Chemical Dice embedding dimension 3410 of 8192 predicted from the SMILES by the distilled Mamba model
feat_3411,float,,Chemical Dice embedding dimension 3411 of 8192 predicted from the SMILES by the distilled Mamba model
feat_3412,float,,Chemical Dice embedding dimension 3412 of 8192 predicted from the SMILES by the distilled Mamba model
feat_3413,float,,Chemical Dice embedding dimension 3413 of 8192 predicted from the SMILES by the distilled Mamba model
feat_3414,float,,Chemical Dice embedding dimension 3414 of 8192 predicted from the SMILES by the distilled Mamba model
feat_3415,float,,Chemical Dice embedding dimension 3415 of 8192 predicted from the SMILES by the distilled Mamba model
feat_3416,float,,Chemical Dice embedding dimension 3416 of 8192 predicted from the SMILES by the distilled Mamba model
feat_3417,float,,Chemical Dice embedding dimension 3417 of 8192 predicted from the SMILES by the distilled Mamba model
feat_3418,float,,Chemical Dice embedding dimension 3418 of 8192 predicted from the SMILES by the distilled Mamba model
feat_3419,float,,Chemical Dice embedding dimension 3419 of 8192 predicted from the SMILES by the distilled Mamba model
feat_3420,float,,Chemical Dice embedding dimension 3420 of 8192 predicted from the SMILES by the distilled Mamba model
feat_3421,float,,Chemical Dice embedding dimension 3421 of 8192 predicted from the SMILES by the distilled Mamba model
feat_3422,float,,Chemical Dice embedding dimension 3422 of 8192 predicted from the SMILES by the distilled Mamba model
feat_3423,float,,Chemical Dice embedding dimension 3423 of 8192 predicted from the SMILES by the distilled Mamba model
feat_3424,float,,Chemical Dice embedding dimension 3424 of 8192 predicted from the SMILES by the distilled Mamba model
feat_3425,float,,Chemical Dice embedding dimension 3425 of 8192 predicted from the SMILES by the distilled Mamba model
feat_3426,float,,Chemical Dice embedding dimension 3426 of 8192 predicted from the SMILES by the distilled Mamba model
feat_3427,float,,Chemical Dice embedding dimension 3427 of 8192 predicted from the SMILES by the distilled Mamba model
feat_3428,float,,Chemical Dice embedding dimension 3428 of 8192 predicted from the SMILES by the distilled Mamba model
feat_3429,float,,Chemical Dice embedding dimension 3429 of 8192 predicted from the SMILES by the distilled Mamba model
feat_3430,float,,Chemical Dice embedding dimension 3430 of 8192 predicted from the SMILES by the distilled Mamba model
feat_3431,float,,Chemical Dice embedding dimension 3431 of 8192 predicted from the SMILES by the distilled Mamba model
feat_3432,float,,Chemical Dice embedding dimension 3432 of 8192 predicted from the SMILES by the distilled Mamba model
feat_3433,float,,Chemical Dice embedding dimension 3433 of 8192 predicted from the SMILES by the distilled Mamba model
feat_3434,float,,Chemical Dice embedding dimension 3434 of 8192 predicted from the SMILES by the distilled Mamba model
feat_3435,float,,Chemical Dice embedding dimension 3435 of 8192 predicted from the SMILES by the distilled Mamba model
feat_3436,float,,Chemical Dice embedding dimension 3436 of 8192 predicted from the SMILES by the distilled Mamba model
feat_3437,float,,Chemical Dice embedding dimension 3437 of 8192 predicted from the SMILES by the distilled Mamba model
feat_3438,float,,Chemical Dice embedding dimension 3438 of 8192 predicted from the SMILES by the distilled Mamba model
feat_3439,float,,Chemical Dice embedding dimension 3439 of 8192 predicted from the SMILES by the distilled Mamba model
feat_3440,float,,Chemical Dice embedding dimension 3440 of 8192 predicted from the SMILES by the distilled Mamba model
feat_3441,float,,Chemical Dice embedding dimension 3441 of 8192 predicted from the SMILES by the distilled Mamba model
feat_3442,float,,Chemical Dice embedding dimension 3442 of 8192 predicted from the SMILES by the distilled Mamba model
feat_3443,float,,Chemical Dice embedding dimension 3443 of 8192 predicted from the SMILES by the distilled Mamba model
feat_3444,float,,Chemical Dice embedding dimension 3444 of 8192 predicted from the SMILES by the distilled Mamba model
feat_3445,float,,Chemical Dice embedding dimension 3445 of 8192 predicted from the SMILES by the distilled Mamba model
feat_3446,float,,Chemical Dice embedding dimension 3446 of 8192 predicted from the SMILES by the distilled Mamba model
feat_3447,float,,Chemical Dice embedding dimension 3447 of 8192 predicted from the SMILES by the distilled Mamba model
feat_3448,float,,Chemical Dice embedding dimension 3448 of 8192 predicted from the SMILES by the distilled Mamba model
feat_3449,float,,Chemical Dice embedding dimension 3449 of 8192 predicted from the SMILES by the distilled Mamba model
feat_3450,float,,Chemical Dice embedding dimension 3450 of 8192 predicted from the SMILES by the distilled Mamba model
feat_3451,float,,Chemical Dice embedding dimension 3451 of 8192 predicted from the SMILES by the distilled Mamba model
feat_3452,float,,Chemical Dice embedding dimension 3452 of 8192 predicted from the SMILES by the distilled Mamba model
feat_3453,float,,Chemical Dice embedding dimension 3453 of 8192 predicted from the SMILES by the distilled Mamba model
feat_3454,float,,Chemical Dice embedding dimension 3454 of 8192 predicted from the SMILES by the distilled Mamba model
feat_3455,float,,Chemical Dice embedding dimension 3455 of 8192 predicted from the SMILES by the distilled Mamba model
feat_3456,float,,Chemical Dice embedding dimension 3456 of 8192 predicted from the SMILES by the distilled Mamba model
feat_3457,float,,Chemical Dice embedding dimension 3457 of 8192 predicted from the SMILES by the distilled Mamba model
feat_3458,float,,Chemical Dice embedding dimension 3458 of 8192 predicted from the SMILES by the distilled Mamba model
feat_3459,float,,Chemical Dice embedding dimension 3459 of 8192 predicted from the SMILES by the distilled Mamba model
feat_3460,float,,Chemical Dice embedding dimension 3460 of 8192 predicted from the SMILES by the distilled Mamba model
feat_3461,float,,Chemical Dice embedding dimension 3461 of 8192 predicted from the SMILES by the distilled Mamba model
feat_3462,float,,Chemical Dice embedding dimension 3462 of 8192 predicted from the SMILES by the distilled Mamba model
feat_3463,float,,Chemical Dice embedding dimension 3463 of 8192 predicted from the SMILES by the distilled Mamba model
feat_3464,float,,Chemical Dice embedding dimension 3464 of 8192 predicted from the SMILES by the distilled Mamba model
feat_3465,float,,Chemical Dice embedding dimension 3465 of 8192 predicted from the SMILES by the distilled Mamba model
feat_3466,float,,Chemical Dice embedding dimension 3466 of 8192 predicted from the SMILES by the distilled Mamba model
feat_3467,float,,Chemical Dice embedding dimension 3467 of 8192 predicted from the SMILES by the distilled Mamba model
feat_3468,float,,Chemical Dice embedding dimension 3468 of 8192 predicted from the SMILES by the distilled Mamba model
feat_3469,float,,Chemical Dice embedding dimension 3469 of 8192 predicted from the SMILES by the distilled Mamba model
feat_3470,float,,Chemical Dice embedding dimension 3470 of 8192 predicted from the SMILES by the distilled Mamba model
feat_3471,float,,Chemical Dice embedding dimension 3471 of 8192 predicted from the SMILES by the distilled Mamba model
feat_3472,float,,Chemical Dice embedding dimension 3472 of 8192 predicted from the SMILES by the distilled Mamba model
feat_3473,float,,Chemical Dice embedding dimension 3473 of 8192 predicted from the SMILES by the distilled Mamba model
feat_3474,float,,Chemical Dice embedding dimension 3474 of 8192 predicted from the SMILES by the distilled Mamba model
feat_3475,float,,Chemical Dice embedding dimension 3475 of 8192 predicted from the SMILES by the distilled Mamba model
feat_3476,float,,Chemical Dice embedding dimension 3476 of 8192 predicted from the SMILES by the distilled Mamba model
feat_3477,float,,Chemical Dice embedding dimension 3477 of 8192 predicted from the SMILES by the distilled Mamba model
feat_3478,float,,Chemical Dice embedding dimension 3478 of 8192 predicted from the SMILES by the distilled Mamba model
feat_3479,float,,Chemical Dice embedding dimension 3479 of 8192 predicted from the SMILES by the distilled Mamba model
feat_3480,float,,Chemical Dice embedding dimension 3480 of 8192 predicted from the SMILES by the distilled Mamba model
feat_3481,float,,Chemical Dice embedding dimension 3481 of 8192 predicted from the SMILES by the distilled Mamba model
feat_3482,float,,Chemical Dice embedding dimension 3482 of 8192 predicted from the SMILES by the distilled Mamba model
feat_3483,float,,Chemical Dice embedding dimension 3483 of 8192 predicted from the SMILES by the distilled Mamba model
feat_3484,float,,Chemical Dice embedding dimension 3484 of 8192 predicted from the SMILES by the distilled Mamba model
feat_3485,float,,Chemical Dice embedding dimension 3485 of 8192 predicted from the SMILES by the distilled Mamba model
feat_3486,float,,Chemical Dice embedding dimension 3486 of 8192 predicted from the SMILES by the distilled Mamba model
feat_3487,float,,Chemical Dice embedding dimension 3487 of 8192 predicted from the SMILES by the distilled Mamba model
feat_3488,float,,Chemical Dice embedding dimension 3488 of 8192 predicted from the SMILES by the distilled Mamba model
feat_3489,float,,Chemical Dice embedding dimension 3489 of 8192 predicted from the SMILES by the distilled Mamba model
feat_3490,float,,Chemical Dice embedding dimension 3490 of 8192 predicted from the SMILES by the distilled Mamba model
feat_3491,float,,Chemical Dice embedding dimension 3491 of 8192 predicted from the SMILES by the distilled Mamba model
feat_3492,float,,Chemical Dice embedding dimension 3492 of 8192 predicted from the SMILES by the distilled Mamba model
feat_3493,float,,Chemical Dice embedding dimension 3493 of 8192 predicted from the SMILES by the distilled Mamba model
feat_3494,float,,Chemical Dice embedding dimension 3494 of 8192 predicted from the SMILES by the distilled Mamba model
feat_3495,float,,Chemical Dice embedding dimension 3495 of 8192 predicted from the SMILES by the distilled Mamba model
feat_3496,float,,Chemical Dice embedding dimension 3496 of 8192 predicted from the SMILES by the distilled Mamba model
feat_3497,float,,Chemical Dice embedding dimension 3497 of 8192 predicted from the SMILES by the distilled Mamba model
feat_3498,float,,Chemical Dice embedding dimension 3498 of 8192 predicted from the SMILES by the distilled Mamba model
feat_3499,float,,Chemical Dice embedding dimension 3499 of 8192 predicted from the SMILES by the distilled Mamba model
feat_3500,float,,Chemical Dice embedding dimension 3500 of 8192 predicted from the SMILES by the distilled Mamba model
feat_3501,float,,Chemical Dice embedding dimension 3501 of 8192 predicted from the SMILES by the distilled Mamba model
feat_3502,float,,Chemical Dice embedding dimension 3502 of 8192 predicted from the SMILES by the distilled Mamba model
feat_3503,float,,Chemical Dice embedding dimension 3503 of 8192 predicted from the SMILES by the distilled Mamba model
feat_3504,float,,Chemical Dice embedding dimension 3504 of 8192 predicted from the SMILES by the distilled Mamba model
feat_3505,float,,Chemical Dice embedding dimension 3505 of 8192 predicted from the SMILES by the distilled Mamba model
feat_3506,float,,Chemical Dice embedding dimension 3506 of 8192 predicted from the SMILES by the distilled Mamba model
feat_3507,float,,Chemical Dice embedding dimension 3507 of 8192 predicted from the SMILES by the distilled Mamba model
feat_3508,float,,Chemical Dice embedding dimension 3508 of 8192 predicted from the SMILES by the distilled Mamba model
feat_3509,float,,Chemical Dice embedding dimension 3509 of 8192 predicted from the SMILES by the distilled Mamba model
feat_3510,float,,Chemical Dice embedding dimension 3510 of 8192 predicted from the SMILES by the distilled Mamba model
feat_3511,float,,Chemical Dice embedding dimension 3511 of 8192 predicted from the SMILES by the distilled Mamba model
feat_3512,float,,Chemical Dice embedding dimension 3512 of 8192 predicted from the SMILES by the distilled Mamba model
feat_3513,float,,Chemical Dice embedding dimension 3513 of 8192 predicted from the SMILES by the distilled Mamba model
feat_3514,float,,Chemical Dice embedding dimension 3514 of 8192 predicted from the SMILES by the distilled Mamba model
feat_3515,float,,Chemical Dice embedding dimension 3515 of 8192 predicted from the SMILES by the distilled Mamba model
feat_3516,float,,Chemical Dice embedding dimension 3516 of 8192 predicted from the SMILES by the distilled Mamba model
feat_3517,float,,Chemical Dice embedding dimension 3517 of 8192 predicted from the SMILES by the distilled Mamba model
feat_3518,float,,Chemical Dice embedding dimension 3518 of 8192 predicted from the SMILES by the distilled Mamba model
feat_3519,float,,Chemical Dice embedding dimension 3519 of 8192 predicted from the SMILES by the distilled Mamba model
feat_3520,float,,Chemical Dice embedding dimension 3520 of 8192 predicted from the SMILES by the distilled Mamba model
feat_3521,float,,Chemical Dice embedding dimension 3521 of 8192 predicted from the SMILES by the distilled Mamba model
feat_3522,float,,Chemical Dice embedding dimension 3522 of 8192 predicted from the SMILES by the distilled Mamba model
feat_3523,float,,Chemical Dice embedding dimension 3523 of 8192 predicted from the SMILES by the distilled Mamba model
feat_3524,float,,Chemical Dice embedding dimension 3524 of 8192 predicted from the SMILES by the distilled Mamba model
feat_3525,float,,Chemical Dice embedding dimension 3525 of 8192 predicted from the SMILES by the distilled Mamba model
feat_3526,float,,Chemical Dice embedding dimension 3526 of 8192 predicted from the SMILES by the distilled Mamba model
feat_3527,float,,Chemical Dice embedding dimension 3527 of 8192 predicted from the SMILES by the distilled Mamba model
feat_3528,float,,Chemical Dice embedding dimension 3528 of 8192 predicted from the SMILES by the distilled Mamba model
feat_3529,float,,Chemical Dice embedding dimension 3529 of 8192 predicted from the SMILES by the distilled Mamba model
feat_3530,float,,Chemical Dice embedding dimension 3530 of 8192 predicted from the SMILES by the distilled Mamba model
feat_3531,float,,Chemical Dice embedding dimension 3531 of 8192 predicted from the SMILES by the distilled Mamba model
feat_3532,float,,Chemical Dice embedding dimension 3532 of 8192 predicted from the SMILES by the distilled Mamba model
feat_3533,float,,Chemical Dice embedding dimension 3533 of 8192 predicted from the SMILES by the distilled Mamba model
feat_3534,float,,Chemical Dice embedding dimension 3534 of 8192 predicted from the SMILES by the distilled Mamba model
feat_3535,float,,Chemical Dice embedding dimension 3535 of 8192 predicted from the SMILES by the distilled Mamba model
feat_3536,float,,Chemical Dice embedding dimension 3536 of 8192 predicted from the SMILES by the distilled Mamba model
feat_3537,float,,Chemical Dice embedding dimension 3537 of 8192 predicted from the SMILES by the distilled Mamba model
feat_3538,float,,Chemical Dice embedding dimension 3538 of 8192 predicted from the SMILES by the distilled Mamba model
feat_3539,float,,Chemical Dice embedding dimension 3539 of 8192 predicted from the SMILES by the distilled Mamba model
feat_3540,float,,Chemical Dice embedding dimension 3540 of 8192 predicted from the SMILES by the distilled Mamba model
feat_3541,float,,Chemical Dice embedding dimension 3541 of 8192 predicted from the SMILES by the distilled Mamba model
feat_3542,float,,Chemical Dice embedding dimension 3542 of 8192 predicted from the SMILES by the distilled Mamba model
feat_3543,float,,Chemical Dice embedding dimension 3543 of 8192 predicted from the SMILES by the distilled Mamba model
feat_3544,float,,Chemical Dice embedding dimension 3544 of 8192 predicted from the SMILES by the distilled Mamba model
feat_3545,float,,Chemical Dice embedding dimension 3545 of 8192 predicted from the SMILES by the distilled Mamba model
feat_3546,float,,Chemical Dice embedding dimension 3546 of 8192 predicted from the SMILES by the distilled Mamba model
feat_3547,float,,Chemical Dice embedding dimension 3547 of 8192 predicted from the SMILES by the distilled Mamba model
feat_3548,float,,Chemical Dice embedding dimension 3548 of 8192 predicted from the SMILES by the distilled Mamba model
feat_3549,float,,Chemical Dice embedding dimension 3549 of 8192 predicted from the SMILES by the distilled Mamba model
feat_3550,float,,Chemical Dice embedding dimension 3550 of 8192 predicted from the SMILES by the distilled Mamba model
feat_3551,float,,Chemical Dice embedding dimension 3551 of 8192 predicted from the SMILES by the distilled Mamba model
feat_3552,float,,Chemical Dice embedding dimension 3552 of 8192 predicted from the SMILES by the distilled Mamba model
feat_3553,float,,Chemical Dice embedding dimension 3553 of 8192 predicted from the SMILES by the distilled Mamba model
feat_3554,float,,Chemical Dice embedding dimension 3554 of 8192 predicted from the SMILES by the distilled Mamba model
feat_3555,float,,Chemical Dice embedding dimension 3555 of 8192 predicted from the SMILES by the distilled Mamba model
feat_3556,float,,Chemical Dice embedding dimension 3556 of 8192 predicted from the SMILES by the distilled Mamba model
feat_3557,float,,Chemical Dice embedding dimension 3557 of 8192 predicted from the SMILES by the distilled Mamba model
feat_3558,float,,Chemical Dice embedding dimension 3558 of 8192 predicted from the SMILES by the distilled Mamba model
feat_3559,float,,Chemical Dice embedding dimension 3559 of 8192 predicted from the SMILES by the distilled Mamba model
feat_3560,float,,Chemical Dice embedding dimension 3560 of 8192 predicted from the SMILES by the distilled Mamba model
feat_3561,float,,Chemical Dice embedding dimension 3561 of 8192 predicted from the SMILES by the distilled Mamba model
feat_3562,float,,Chemical Dice embedding dimension 3562 of 8192 predicted from the SMILES by the distilled Mamba model
feat_3563,float,,Chemical Dice embedding dimension 3563 of 8192 predicted from the SMILES by the distilled Mamba model
feat_3564,float,,Chemical Dice embedding dimension 3564 of 8192 predicted from the SMILES by the distilled Mamba model
feat_3565,float,,Chemical Dice embedding dimension 3565 of 8192 predicted from the SMILES by the distilled Mamba model
feat_3566,float,,Chemical Dice embedding dimension 3566 of 8192 predicted from the SMILES by the distilled Mamba model
feat_3567,float,,Chemical Dice embedding dimension 3567 of 8192 predicted from the SMILES by the distilled Mamba model
feat_3568,float,,Chemical Dice embedding dimension 3568 of 8192 predicted from the SMILES by the distilled Mamba model
feat_3569,float,,Chemical Dice embedding dimension 3569 of 8192 predicted from the SMILES by the distilled Mamba model
feat_3570,float,,Chemical Dice embedding dimension 3570 of 8192 predicted from the SMILES by the distilled Mamba model
feat_3571,float,,Chemical Dice embedding dimension 3571 of 8192 predicted from the SMILES by the distilled Mamba model
feat_3572,float,,Chemical Dice embedding dimension 3572 of 8192 predicted from the SMILES by the distilled Mamba model
feat_3573,float,,Chemical Dice embedding dimension 3573 of 8192 predicted from the SMILES by the distilled Mamba model
feat_3574,float,,Chemical Dice embedding dimension 3574 of 8192 predicted from the SMILES by the distilled Mamba model
feat_3575,float,,Chemical Dice embedding dimension 3575 of 8192 predicted from the SMILES by the distilled Mamba model
feat_3576,float,,Chemical Dice embedding dimension 3576 of 8192 predicted from the SMILES by the distilled Mamba model
feat_3577,float,,Chemical Dice embedding dimension 3577 of 8192 predicted from the SMILES by the distilled Mamba model
feat_3578,float,,Chemical Dice embedding dimension 3578 of 8192 predicted from the SMILES by the distilled Mamba model
feat_3579,float,,Chemical Dice embedding dimension 3579 of 8192 predicted from the SMILES by the distilled Mamba model
feat_3580,float,,Chemical Dice embedding dimension 3580 of 8192 predicted from the SMILES by the distilled Mamba model
feat_3581,float,,Chemical Dice embedding dimension 3581 of 8192 predicted from the SMILES by the distilled Mamba model
feat_3582,float,,Chemical Dice embedding dimension 3582 of 8192 predicted from the SMILES by the distilled Mamba model
feat_3583,float,,Chemical Dice embedding dimension 3583 of 8192 predicted from the SMILES by the distilled Mamba model
feat_3584,float,,Chemical Dice embedding dimension 3584 of 8192 predicted from the SMILES by the distilled Mamba model
feat_3585,float,,Chemical Dice embedding dimension 3585 of 8192 predicted from the SMILES by the distilled Mamba model
feat_3586,float,,Chemical Dice embedding dimension 3586 of 8192 predicted from the SMILES by the distilled Mamba model
feat_3587,float,,Chemical Dice embedding dimension 3587 of 8192 predicted from the SMILES by the distilled Mamba model
feat_3588,float,,Chemical Dice embedding dimension 3588 of 8192 predicted from the SMILES by the distilled Mamba model
feat_3589,float,,Chemical Dice embedding dimension 3589 of 8192 predicted from the SMILES by the distilled Mamba model
feat_3590,float,,Chemical Dice embedding dimension 3590 of 8192 predicted from the SMILES by the distilled Mamba model
feat_3591,float,,Chemical Dice embedding dimension 3591 of 8192 predicted from the SMILES by the distilled Mamba model
feat_3592,float,,Chemical Dice embedding dimension 3592 of 8192 predicted from the SMILES by the distilled Mamba model
feat_3593,float,,Chemical Dice embedding dimension 3593 of 8192 predicted from the SMILES by the distilled Mamba model
feat_3594,float,,Chemical Dice embedding dimension 3594 of 8192 predicted from the SMILES by the distilled Mamba model
feat_3595,float,,Chemical Dice embedding dimension 3595 of 8192 predicted from the SMILES by the distilled Mamba model
feat_3596,float,,Chemical Dice embedding dimension 3596 of 8192 predicted from the SMILES by the distilled Mamba model
feat_3597,float,,Chemical Dice embedding dimension 3597 of 8192 predicted from the SMILES by the distilled Mamba model
feat_3598,float,,Chemical Dice embedding dimension 3598 of 8192 predicted from the SMILES by the distilled Mamba model
feat_3599,float,,Chemical Dice embedding dimension 3599 of 8192 predicted from the SMILES by the distilled Mamba model
feat_3600,float,,Chemical Dice embedding dimension 3600 of 8192 predicted from the SMILES by the distilled Mamba model
feat_3601,float,,Chemical Dice embedding dimension 3601 of 8192 predicted from the SMILES by the distilled Mamba model
feat_3602,float,,Chemical Dice embedding dimension 3602 of 8192 predicted from the SMILES by the distilled Mamba model
feat_3603,float,,Chemical Dice embedding dimension 3603 of 8192 predicted from the SMILES by the distilled Mamba model
feat_3604,float,,Chemical Dice embedding dimension 3604 of 8192 predicted from the SMILES by the distilled Mamba model
feat_3605,float,,Chemical Dice embedding dimension 3605 of 8192 predicted from the SMILES by the distilled Mamba model
feat_3606,float,,Chemical Dice embedding dimension 3606 of 8192 predicted from the SMILES by the distilled Mamba model
feat_3607,float,,Chemical Dice embedding dimension 3607 of 8192 predicted from the SMILES by the distilled Mamba model
feat_3608,float,,Chemical Dice embedding dimension 3608 of 8192 predicted from the SMILES by the distilled Mamba model
feat_3609,float,,Chemical Dice embedding dimension 3609 of 8192 predicted from the SMILES by the distilled Mamba model
feat_3610,float,,Chemical Dice embedding dimension 3610 of 8192 predicted from the SMILES by the distilled Mamba model
feat_3611,float,,Chemical Dice embedding dimension 3611 of 8192 predicted from the SMILES by the distilled Mamba model
feat_3612,float,,Chemical Dice embedding dimension 3612 of 8192 predicted from the SMILES by the distilled Mamba model
feat_3613,float,,Chemical Dice embedding dimension 3613 of 8192 predicted from the SMILES by the distilled Mamba model
feat_3614,float,,Chemical Dice embedding dimension 3614 of 8192 predicted from the SMILES by the distilled Mamba model
feat_3615,float,,Chemical Dice embedding dimension 3615 of 8192 predicted from the SMILES by the distilled Mamba model
feat_3616,float,,Chemical Dice embedding dimension 3616 of 8192 predicted from the SMILES by the distilled Mamba model
feat_3617,float,,Chemical Dice embedding dimension 3617 of 8192 predicted from the SMILES by the distilled Mamba model
feat_3618,float,,Chemical Dice embedding dimension 3618 of 8192 predicted from the SMILES by the distilled Mamba model
feat_3619,float,,Chemical Dice embedding dimension 3619 of 8192 predicted from the SMILES by the distilled Mamba model
feat_3620,float,,Chemical Dice embedding dimension 3620 of 8192 predicted from the SMILES by the distilled Mamba model
feat_3621,float,,Chemical Dice embedding dimension 3621 of 8192 predicted from the SMILES by the distilled Mamba model
feat_3622,float,,Chemical Dice embedding dimension 3622 of 8192 predicted from the SMILES by the distilled Mamba model
feat_3623,float,,Chemical Dice embedding dimension 3623 of 8192 predicted from the SMILES by the distilled Mamba model
feat_3624,float,,Chemical Dice embedding dimension 3624 of 8192 predicted from the SMILES by the distilled Mamba model
feat_3625,float,,Chemical Dice embedding dimension 3625 of 8192 predicted from the SMILES by the distilled Mamba model
feat_3626,float,,Chemical Dice embedding dimension 3626 of 8192 predicted from the SMILES by the distilled Mamba model
feat_3627,float,,Chemical Dice embedding dimension 3627 of 8192 predicted from the SMILES by the distilled Mamba model
feat_3628,float,,Chemical Dice embedding dimension 3628 of 8192 predicted from the SMILES by the distilled Mamba model
feat_3629,float,,Chemical Dice embedding dimension 3629 of 8192 predicted from the SMILES by the distilled Mamba model
feat_3630,float,,Chemical Dice embedding dimension 3630 of 8192 predicted from the SMILES by the distilled Mamba model
feat_3631,float,,Chemical Dice embedding dimension 3631 of 8192 predicted from the SMILES by the distilled Mamba model
feat_3632,float,,Chemical Dice embedding dimension 3632 of 8192 predicted from the SMILES by the distilled Mamba model
feat_3633,float,,Chemical Dice embedding dimension 3633 of 8192 predicted from the SMILES by the distilled Mamba model
feat_3634,float,,Chemical Dice embedding dimension 3634 of 8192 predicted from the SMILES by the distilled Mamba model
feat_3635,float,,Chemical Dice embedding dimension 3635 of 8192 predicted from the SMILES by the distilled Mamba model
feat_3636,float,,Chemical Dice embedding dimension 3636 of 8192 predicted from the SMILES by the distilled Mamba model
feat_3637,float,,Chemical Dice embedding dimension 3637 of 8192 predicted from the SMILES by the distilled Mamba model
feat_3638,float,,Chemical Dice embedding dimension 3638 of 8192 predicted from the SMILES by the distilled Mamba model
feat_3639,float,,Chemical Dice embedding dimension 3639 of 8192 predicted from the SMILES by the distilled Mamba model
feat_3640,float,,Chemical Dice embedding dimension 3640 of 8192 predicted from the SMILES by the distilled Mamba model
feat_3641,float,,Chemical Dice embedding dimension 3641 of 8192 predicted from the SMILES by the distilled Mamba model
feat_3642,float,,Chemical Dice embedding dimension 3642 of 8192 predicted from the SMILES by the distilled Mamba model
feat_3643,float,,Chemical Dice embedding dimension 3643 of 8192 predicted from the SMILES by the distilled Mamba model
feat_3644,float,,Chemical Dice embedding dimension 3644 of 8192 predicted from the SMILES by the distilled Mamba model
feat_3645,float,,Chemical Dice embedding dimension 3645 of 8192 predicted from the SMILES by the distilled Mamba model
feat_3646,float,,Chemical Dice embedding dimension 3646 of 8192 predicted from the SMILES by the distilled Mamba model
feat_3647,float,,Chemical Dice embedding dimension 3647 of 8192 predicted from the SMILES by the distilled Mamba model
feat_3648,float,,Chemical Dice embedding dimension 3648 of 8192 predicted from the SMILES by the distilled Mamba model
feat_3649,float,,Chemical Dice embedding dimension 3649 of 8192 predicted from the SMILES by the distilled Mamba model
feat_3650,float,,Chemical Dice embedding dimension 3650 of 8192 predicted from the SMILES by the distilled Mamba model
feat_3651,float,,Chemical Dice embedding dimension 3651 of 8192 predicted from the SMILES by the distilled Mamba model
feat_3652,float,,Chemical Dice embedding dimension 3652 of 8192 predicted from the SMILES by the distilled Mamba model
feat_3653,float,,Chemical Dice embedding dimension 3653 of 8192 predicted from the SMILES by the distilled Mamba model
feat_3654,float,,Chemical Dice embedding dimension 3654 of 8192 predicted from the SMILES by the distilled Mamba model
feat_3655,float,,Chemical Dice embedding dimension 3655 of 8192 predicted from the SMILES by the distilled Mamba model
feat_3656,float,,Chemical Dice embedding dimension 3656 of 8192 predicted from the SMILES by the distilled Mamba model
feat_3657,float,,Chemical Dice embedding dimension 3657 of 8192 predicted from the SMILES by the distilled Mamba model
feat_3658,float,,Chemical Dice embedding dimension 3658 of 8192 predicted from the SMILES by the distilled Mamba model
feat_3659,float,,Chemical Dice embedding dimension 3659 of 8192 predicted from the SMILES by the distilled Mamba model
feat_3660,float,,Chemical Dice embedding dimension 3660 of 8192 predicted from the SMILES by the distilled Mamba model
feat_3661,float,,Chemical Dice embedding dimension 3661 of 8192 predicted from the SMILES by the distilled Mamba model
feat_3662,float,,Chemical Dice embedding dimension 3662 of 8192 predicted from the SMILES by the distilled Mamba model
feat_3663,float,,Chemical Dice embedding dimension 3663 of 8192 predicted from the SMILES by the distilled Mamba model
feat_3664,float,,Chemical Dice embedding dimension 3664 of 8192 predicted from the SMILES by the distilled Mamba model
feat_3665,float,,Chemical Dice embedding dimension 3665 of 8192 predicted from the SMILES by the distilled Mamba model
feat_3666,float,,Chemical Dice embedding dimension 3666 of 8192 predicted from the SMILES by the distilled Mamba model
feat_3667,float,,Chemical Dice embedding dimension 3667 of 8192 predicted from the SMILES by the distilled Mamba model
feat_3668,float,,Chemical Dice embedding dimension 3668 of 8192 predicted from the SMILES by the distilled Mamba model
feat_3669,float,,Chemical Dice embedding dimension 3669 of 8192 predicted from the SMILES by the distilled Mamba model
feat_3670,float,,Chemical Dice embedding dimension 3670 of 8192 predicted from the SMILES by the distilled Mamba model
feat_3671,float,,Chemical Dice embedding dimension 3671 of 8192 predicted from the SMILES by the distilled Mamba model
feat_3672,float,,Chemical Dice embedding dimension 3672 of 8192 predicted from the SMILES by the distilled Mamba model
feat_3673,float,,Chemical Dice embedding dimension 3673 of 8192 predicted from the SMILES by the distilled Mamba model
feat_3674,float,,Chemical Dice embedding dimension 3674 of 8192 predicted from the SMILES by the distilled Mamba model
feat_3675,float,,Chemical Dice embedding dimension 3675 of 8192 predicted from the SMILES by the distilled Mamba model
feat_3676,float,,Chemical Dice embedding dimension 3676 of 8192 predicted from the SMILES by the distilled Mamba model
feat_3677,float,,Chemical Dice embedding dimension 3677 of 8192 predicted from the SMILES by the distilled Mamba model
feat_3678,float,,Chemical Dice embedding dimension 3678 of 8192 predicted from the SMILES by the distilled Mamba model
feat_3679,float,,Chemical Dice embedding dimension 3679 of 8192 predicted from the SMILES by the distilled Mamba model
feat_3680,float,,Chemical Dice embedding dimension 3680 of 8192 predicted from the SMILES by the distilled Mamba model
feat_3681,float,,Chemical Dice embedding dimension 3681 of 8192 predicted from the SMILES by the distilled Mamba model
feat_3682,float,,Chemical Dice embedding dimension 3682 of 8192 predicted from the SMILES by the distilled Mamba model
feat_3683,float,,Chemical Dice embedding dimension 3683 of 8192 predicted from the SMILES by the distilled Mamba model
feat_3684,float,,Chemical Dice embedding dimension 3684 of 8192 predicted from the SMILES by the distilled Mamba model
feat_3685,float,,Chemical Dice embedding dimension 3685 of 8192 predicted from the SMILES by the distilled Mamba model
feat_3686,float,,Chemical Dice embedding dimension 3686 of 8192 predicted from the SMILES by the distilled Mamba model
feat_3687,float,,Chemical Dice embedding dimension 3687 of 8192 predicted from the SMILES by the distilled Mamba model
feat_3688,float,,Chemical Dice embedding dimension 3688 of 8192 predicted from the SMILES by the distilled Mamba model
feat_3689,float,,Chemical Dice embedding dimension 3689 of 8192 predicted from the SMILES by the distilled Mamba model
feat_3690,float,,Chemical Dice embedding dimension 3690 of 8192 predicted from the SMILES by the distilled Mamba model
feat_3691,float,,Chemical Dice embedding dimension 3691 of 8192 predicted from the SMILES by the distilled Mamba model
feat_3692,float,,Chemical Dice embedding dimension 3692 of 8192 predicted from the SMILES by the distilled Mamba model
feat_3693,float,,Chemical Dice embedding dimension 3693 of 8192 predicted from the SMILES by the distilled Mamba model
feat_3694,float,,Chemical Dice embedding dimension 3694 of 8192 predicted from the SMILES by the distilled Mamba model
feat_3695,float,,Chemical Dice embedding dimension 3695 of 8192 predicted from the SMILES by the distilled Mamba model
feat_3696,float,,Chemical Dice embedding dimension 3696 of 8192 predicted from the SMILES by the distilled Mamba model
feat_3697,float,,Chemical Dice embedding dimension 3697 of 8192 predicted from the SMILES by the distilled Mamba model
feat_3698,float,,Chemical Dice embedding dimension 3698 of 8192 predicted from the SMILES by the distilled Mamba model
feat_3699,float,,Chemical Dice embedding dimension 3699 of 8192 predicted from the SMILES by the distilled Mamba model
feat_3700,float,,Chemical Dice embedding dimension 3700 of 8192 predicted from the SMILES by the distilled Mamba model
feat_3701,float,,Chemical Dice embedding dimension 3701 of 8192 predicted from the SMILES by the distilled Mamba model
feat_3702,float,,Chemical Dice embedding dimension 3702 of 8192 predicted from the SMILES by the distilled Mamba model
feat_3703,float,,Chemical Dice embedding dimension 3703 of 8192 predicted from the SMILES by the distilled Mamba model
feat_3704,float,,Chemical Dice embedding dimension 3704 of 8192 predicted from the SMILES by the distilled Mamba model
feat_3705,float,,Chemical Dice embedding dimension 3705 of 8192 predicted from the SMILES by the distilled Mamba model
feat_3706,float,,Chemical Dice embedding dimension 3706 of 8192 predicted from the SMILES by the distilled Mamba model
feat_3707,float,,Chemical Dice embedding dimension 3707 of 8192 predicted from the SMILES by the distilled Mamba model
feat_3708,float,,Chemical Dice embedding dimension 3708 of 8192 predicted from the SMILES by the distilled Mamba model
feat_3709,float,,Chemical Dice embedding dimension 3709 of 8192 predicted from the SMILES by the distilled Mamba model
feat_3710,float,,Chemical Dice embedding dimension 3710 of 8192 predicted from the SMILES by the distilled Mamba model
feat_3711,float,,Chemical Dice embedding dimension 3711 of 8192 predicted from the SMILES by the distilled Mamba model
feat_3712,float,,Chemical Dice embedding dimension 3712 of 8192 predicted from the SMILES by the distilled Mamba model
feat_3713,float,,Chemical Dice embedding dimension 3713 of 8192 predicted from the SMILES by the distilled Mamba model
feat_3714,float,,Chemical Dice embedding dimension 3714 of 8192 predicted from the SMILES by the distilled Mamba model
feat_3715,float,,Chemical Dice embedding dimension 3715 of 8192 predicted from the SMILES by the distilled Mamba model
feat_3716,float,,Chemical Dice embedding dimension 3716 of 8192 predicted from the SMILES by the distilled Mamba model
feat_3717,float,,Chemical Dice embedding dimension 3717 of 8192 predicted from the SMILES by the distilled Mamba model
feat_3718,float,,Chemical Dice embedding dimension 3718 of 8192 predicted from the SMILES by the distilled Mamba model
feat_3719,float,,Chemical Dice embedding dimension 3719 of 8192 predicted from the SMILES by the distilled Mamba model
feat_3720,float,,Chemical Dice embedding dimension 3720 of 8192 predicted from the SMILES by the distilled Mamba model
feat_3721,float,,Chemical Dice embedding dimension 3721 of 8192 predicted from the SMILES by the distilled Mamba model
feat_3722,float,,Chemical Dice embedding dimension 3722 of 8192 predicted from the SMILES by the distilled Mamba model
feat_3723,float,,Chemical Dice embedding dimension 3723 of 8192 predicted from the SMILES by the distilled Mamba model
feat_3724,float,,Chemical Dice embedding dimension 3724 of 8192 predicted from the SMILES by the distilled Mamba model
feat_3725,float,,Chemical Dice embedding dimension 3725 of 8192 predicted from the SMILES by the distilled Mamba model
feat_3726,float,,Chemical Dice embedding dimension 3726 of 8192 predicted from the SMILES by the distilled Mamba model
feat_3727,float,,Chemical Dice embedding dimension 3727 of 8192 predicted from the SMILES by the distilled Mamba model
feat_3728,float,,Chemical Dice embedding dimension 3728 of 8192 predicted from the SMILES by the distilled Mamba model
feat_3729,float,,Chemical Dice embedding dimension 3729 of 8192 predicted from the SMILES by the distilled Mamba model
feat_3730,float,,Chemical Dice embedding dimension 3730 of 8192 predicted from the SMILES by the distilled Mamba model
feat_3731,float,,Chemical Dice embedding dimension 3731 of 8192 predicted from the SMILES by the distilled Mamba model
feat_3732,float,,Chemical Dice embedding dimension 3732 of 8192 predicted from the SMILES by the distilled Mamba model
feat_3733,float,,Chemical Dice embedding dimension 3733 of 8192 predicted from the SMILES by the distilled Mamba model
feat_3734,float,,Chemical Dice embedding dimension 3734 of 8192 predicted from the SMILES by the distilled Mamba model
feat_3735,float,,Chemical Dice embedding dimension 3735 of 8192 predicted from the SMILES by the distilled Mamba model
feat_3736,float,,Chemical Dice embedding dimension 3736 of 8192 predicted from the SMILES by the distilled Mamba model
feat_3737,float,,Chemical Dice embedding dimension 3737 of 8192 predicted from the SMILES by the distilled Mamba model
feat_3738,float,,Chemical Dice embedding dimension 3738 of 8192 predicted from the SMILES by the distilled Mamba model
feat_3739,float,,Chemical Dice embedding dimension 3739 of 8192 predicted from the SMILES by the distilled Mamba model
feat_3740,float,,Chemical Dice embedding dimension 3740 of 8192 predicted from the SMILES by the distilled Mamba model
feat_3741,float,,Chemical Dice embedding dimension 3741 of 8192 predicted from the SMILES by the distilled Mamba model
feat_3742,float,,Chemical Dice embedding dimension 3742 of 8192 predicted from the SMILES by the distilled Mamba model
feat_3743,float,,Chemical Dice embedding dimension 3743 of 8192 predicted from the SMILES by the distilled Mamba model
feat_3744,float,,Chemical Dice embedding dimension 3744 of 8192 predicted from the SMILES by the distilled Mamba model
feat_3745,float,,Chemical Dice embedding dimension 3745 of 8192 predicted from the SMILES by the distilled Mamba model
feat_3746,float,,Chemical Dice embedding dimension 3746 of 8192 predicted from the SMILES by the distilled Mamba model
feat_3747,float,,Chemical Dice embedding dimension 3747 of 8192 predicted from the SMILES by the distilled Mamba model
feat_3748,float,,Chemical Dice embedding dimension 3748 of 8192 predicted from the SMILES by the distilled Mamba model
feat_3749,float,,Chemical Dice embedding dimension 3749 of 8192 predicted from the SMILES by the distilled Mamba model
feat_3750,float,,Chemical Dice embedding dimension 3750 of 8192 predicted from the SMILES by the distilled Mamba model
feat_3751,float,,Chemical Dice embedding dimension 3751 of 8192 predicted from the SMILES by the distilled Mamba model
feat_3752,float,,Chemical Dice embedding dimension 3752 of 8192 predicted from the SMILES by the distilled Mamba model
feat_3753,float,,Chemical Dice embedding dimension 3753 of 8192 predicted from the SMILES by the distilled Mamba model
feat_3754,float,,Chemical Dice embedding dimension 3754 of 8192 predicted from the SMILES by the distilled Mamba model
feat_3755,float,,Chemical Dice embedding dimension 3755 of 8192 predicted from the SMILES by the distilled Mamba model
feat_3756,float,,Chemical Dice embedding dimension 3756 of 8192 predicted from the SMILES by the distilled Mamba model
feat_3757,float,,Chemical Dice embedding dimension 3757 of 8192 predicted from the SMILES by the distilled Mamba model
feat_3758,float,,Chemical Dice embedding dimension 3758 of 8192 predicted from the SMILES by the distilled Mamba model
feat_3759,float,,Chemical Dice embedding dimension 3759 of 8192 predicted from the SMILES by the distilled Mamba model
feat_3760,float,,Chemical Dice embedding dimension 3760 of 8192 predicted from the SMILES by the distilled Mamba model
feat_3761,float,,Chemical Dice embedding dimension 3761 of 8192 predicted from the SMILES by the distilled Mamba model
feat_3762,float,,Chemical Dice embedding dimension 3762 of 8192 predicted from the SMILES by the distilled Mamba model
feat_3763,float,,Chemical Dice embedding dimension 3763 of 8192 predicted from the SMILES by the distilled Mamba model
feat_3764,float,,Chemical Dice embedding dimension 3764 of 8192 predicted from the SMILES by the distilled Mamba model
feat_3765,float,,Chemical Dice embedding dimension 3765 of 8192 predicted from the SMILES by the distilled Mamba model
feat_3766,float,,Chemical Dice embedding dimension 3766 of 8192 predicted from the SMILES by the distilled Mamba model
feat_3767,float,,Chemical Dice embedding dimension 3767 of 8192 predicted from the SMILES by the distilled Mamba model
feat_3768,float,,Chemical Dice embedding dimension 3768 of 8192 predicted from the SMILES by the distilled Mamba model
feat_3769,float,,Chemical Dice embedding dimension 3769 of 8192 predicted from the SMILES by the distilled Mamba model
feat_3770,float,,Chemical Dice embedding dimension 3770 of 8192 predicted from the SMILES by the distilled Mamba model
feat_3771,float,,Chemical Dice embedding dimension 3771 of 8192 predicted from the SMILES by the distilled Mamba model
feat_3772,float,,Chemical Dice embedding dimension 3772 of 8192 predicted from the SMILES by the distilled Mamba model
feat_3773,float,,Chemical Dice embedding dimension 3773 of 8192 predicted from the SMILES by the distilled Mamba model
feat_3774,float,,Chemical Dice embedding dimension 3774 of 8192 predicted from the SMILES by the distilled Mamba model
feat_3775,float,,Chemical Dice embedding dimension 3775 of 8192 predicted from the SMILES by the distilled Mamba model
feat_3776,float,,Chemical Dice embedding dimension 3776 of 8192 predicted from the SMILES by the distilled Mamba model
feat_3777,float,,Chemical Dice embedding dimension 3777 of 8192 predicted from the SMILES by the distilled Mamba model
feat_3778,float,,Chemical Dice embedding dimension 3778 of 8192 predicted from the SMILES by the distilled Mamba model
feat_3779,float,,Chemical Dice embedding dimension 3779 of 8192 predicted from the SMILES by the distilled Mamba model
feat_3780,float,,Chemical Dice embedding dimension 3780 of 8192 predicted from the SMILES by the distilled Mamba model
feat_3781,float,,Chemical Dice embedding dimension 3781 of 8192 predicted from the SMILES by the distilled Mamba model
feat_3782,float,,Chemical Dice embedding dimension 3782 of 8192 predicted from the SMILES by the distilled Mamba model
feat_3783,float,,Chemical Dice embedding dimension 3783 of 8192 predicted from the SMILES by the distilled Mamba model
feat_3784,float,,Chemical Dice embedding dimension 3784 of 8192 predicted from the SMILES by the distilled Mamba model
feat_3785,float,,Chemical Dice embedding dimension 3785 of 8192 predicted from the SMILES by the distilled Mamba model
feat_3786,float,,Chemical Dice embedding dimension 3786 of 8192 predicted from the SMILES by the distilled Mamba model
feat_3787,float,,Chemical Dice embedding dimension 3787 of 8192 predicted from the SMILES by the distilled Mamba model
feat_3788,float,,Chemical Dice embedding dimension 3788 of 8192 predicted from the SMILES by the distilled Mamba model
feat_3789,float,,Chemical Dice embedding dimension 3789 of 8192 predicted from the SMILES by the distilled Mamba model
feat_3790,float,,Chemical Dice embedding dimension 3790 of 8192 predicted from the SMILES by the distilled Mamba model
feat_3791,float,,Chemical Dice embedding dimension 3791 of 8192 predicted from the SMILES by the distilled Mamba model
feat_3792,float,,Chemical Dice embedding dimension 3792 of 8192 predicted from the SMILES by the distilled Mamba model
feat_3793,float,,Chemical Dice embedding dimension 3793 of 8192 predicted from the SMILES by the distilled Mamba model
feat_3794,float,,Chemical Dice embedding dimension 3794 of 8192 predicted from the SMILES by the distilled Mamba model
feat_3795,float,,Chemical Dice embedding dimension 3795 of 8192 predicted from the SMILES by the distilled Mamba model
feat_3796,float,,Chemical Dice embedding dimension 3796 of 8192 predicted from the SMILES by the distilled Mamba model
feat_3797,float,,Chemical Dice embedding dimension 3797 of 8192 predicted from the SMILES by the distilled Mamba model
feat_3798,float,,Chemical Dice embedding dimension 3798 of 8192 predicted from the SMILES by the distilled Mamba model
feat_3799,float,,Chemical Dice embedding dimension 3799 of 8192 predicted from the SMILES by the distilled Mamba model
feat_3800,float,,Chemical Dice embedding dimension 3800 of 8192 predicted from the SMILES by the distilled Mamba model
feat_3801,float,,Chemical Dice embedding dimension 3801 of 8192 predicted from the SMILES by the distilled Mamba model
feat_3802,float,,Chemical Dice embedding dimension 3802 of 8192 predicted from the SMILES by the distilled Mamba model
feat_3803,float,,Chemical Dice embedding dimension 3803 of 8192 predicted from the SMILES by the distilled Mamba model
feat_3804,float,,Chemical Dice embedding dimension 3804 of 8192 predicted from the SMILES by the distilled Mamba model
feat_3805,float,,Chemical Dice embedding dimension 3805 of 8192 predicted from the SMILES by the distilled Mamba model
feat_3806,float,,Chemical Dice embedding dimension 3806 of 8192 predicted from the SMILES by the distilled Mamba model
feat_3807,float,,Chemical Dice embedding dimension 3807 of 8192 predicted from the SMILES by the distilled Mamba model
feat_3808,float,,Chemical Dice embedding dimension 3808 of 8192 predicted from the SMILES by the distilled Mamba model
feat_3809,float,,Chemical Dice embedding dimension 3809 of 8192 predicted from the SMILES by the distilled Mamba model
feat_3810,float,,Chemical Dice embedding dimension 3810 of 8192 predicted from the SMILES by the distilled Mamba model
feat_3811,float,,Chemical Dice embedding dimension 3811 of 8192 predicted from the SMILES by the distilled Mamba model
feat_3812,float,,Chemical Dice embedding dimension 3812 of 8192 predicted from the SMILES by the distilled Mamba model
feat_3813,float,,Chemical Dice embedding dimension 3813 of 8192 predicted from the SMILES by the distilled Mamba model
feat_3814,float,,Chemical Dice embedding dimension 3814 of 8192 predicted from the SMILES by the distilled Mamba model
feat_3815,float,,Chemical Dice embedding dimension 3815 of 8192 predicted from the SMILES by the distilled Mamba model
feat_3816,float,,Chemical Dice embedding dimension 3816 of 8192 predicted from the SMILES by the distilled Mamba model
feat_3817,float,,Chemical Dice embedding dimension 3817 of 8192 predicted from the SMILES by the distilled Mamba model
feat_3818,float,,Chemical Dice embedding dimension 3818 of 8192 predicted from the SMILES by the distilled Mamba model
feat_3819,float,,Chemical Dice embedding dimension 3819 of 8192 predicted from the SMILES by the distilled Mamba model
feat_3820,float,,Chemical Dice embedding dimension 3820 of 8192 predicted from the SMILES by the distilled Mamba model
feat_3821,float,,Chemical Dice embedding dimension 3821 of 8192 predicted from the SMILES by the distilled Mamba model
feat_3822,float,,Chemical Dice embedding dimension 3822 of 8192 predicted from the SMILES by the distilled Mamba model
feat_3823,float,,Chemical Dice embedding dimension 3823 of 8192 predicted from the SMILES by the distilled Mamba model
feat_3824,float,,Chemical Dice embedding dimension 3824 of 8192 predicted from the SMILES by the distilled Mamba model
feat_3825,float,,Chemical Dice embedding dimension 3825 of 8192 predicted from the SMILES by the distilled Mamba model
feat_3826,float,,Chemical Dice embedding dimension 3826 of 8192 predicted from the SMILES by the distilled Mamba model
feat_3827,float,,Chemical Dice embedding dimension 3827 of 8192 predicted from the SMILES by the distilled Mamba model
feat_3828,float,,Chemical Dice embedding dimension 3828 of 8192 predicted from the SMILES by the distilled Mamba model
feat_3829,float,,Chemical Dice embedding dimension 3829 of 8192 predicted from the SMILES by the distilled Mamba model
feat_3830,float,,Chemical Dice embedding dimension 3830 of 8192 predicted from the SMILES by the distilled Mamba model
feat_3831,float,,Chemical Dice embedding dimension 3831 of 8192 predicted from the SMILES by the distilled Mamba model
feat_3832,float,,Chemical Dice embedding dimension 3832 of 8192 predicted from the SMILES by the distilled Mamba model
feat_3833,float,,Chemical Dice embedding dimension 3833 of 8192 predicted from the SMILES by the distilled Mamba model
feat_3834,float,,Chemical Dice embedding dimension 3834 of 8192 predicted from the SMILES by the distilled Mamba model
feat_3835,float,,Chemical Dice embedding dimension 3835 of 8192 predicted from the SMILES by the distilled Mamba model
feat_3836,float,,Chemical Dice embedding dimension 3836 of 8192 predicted from the SMILES by the distilled Mamba model
feat_3837,float,,Chemical Dice embedding dimension 3837 of 8192 predicted from the SMILES by the distilled Mamba model
feat_3838,float,,Chemical Dice embedding dimension 3838 of 8192 predicted from the SMILES by the distilled Mamba model
feat_3839,float,,Chemical Dice embedding dimension 3839 of 8192 predicted from the SMILES by the distilled Mamba model
feat_3840,float,,Chemical Dice embedding dimension 3840 of 8192 predicted from the SMILES by the distilled Mamba model
feat_3841,float,,Chemical Dice embedding dimension 3841 of 8192 predicted from the SMILES by the distilled Mamba model
feat_3842,float,,Chemical Dice embedding dimension 3842 of 8192 predicted from the SMILES by the distilled Mamba model
feat_3843,float,,Chemical Dice embedding dimension 3843 of 8192 predicted from the SMILES by the distilled Mamba model
feat_3844,float,,Chemical Dice embedding dimension 3844 of 8192 predicted from the SMILES by the distilled Mamba model
feat_3845,float,,Chemical Dice embedding dimension 3845 of 8192 predicted from the SMILES by the distilled Mamba model
feat_3846,float,,Chemical Dice embedding dimension 3846 of 8192 predicted from the SMILES by the distilled Mamba model
feat_3847,float,,Chemical Dice embedding dimension 3847 of 8192 predicted from the SMILES by the distilled Mamba model
feat_3848,float,,Chemical Dice embedding dimension 3848 of 8192 predicted from the SMILES by the distilled Mamba model
feat_3849,float,,Chemical Dice embedding dimension 3849 of 8192 predicted from the SMILES by the distilled Mamba model
feat_3850,float,,Chemical Dice embedding dimension 3850 of 8192 predicted from the SMILES by the distilled Mamba model
feat_3851,float,,Chemical Dice embedding dimension 3851 of 8192 predicted from the SMILES by the distilled Mamba model
feat_3852,float,,Chemical Dice embedding dimension 3852 of 8192 predicted from the SMILES by the distilled Mamba model
feat_3853,float,,Chemical Dice embedding dimension 3853 of 8192 predicted from the SMILES by the distilled Mamba model
feat_3854,float,,Chemical Dice embedding dimension 3854 of 8192 predicted from the SMILES by the distilled Mamba model
feat_3855,float,,Chemical Dice embedding dimension 3855 of 8192 predicted from the SMILES by the distilled Mamba model
feat_3856,float,,Chemical Dice embedding dimension 3856 of 8192 predicted from the SMILES by the distilled Mamba model
feat_3857,float,,Chemical Dice embedding dimension 3857 of 8192 predicted from the SMILES by the distilled Mamba model
feat_3858,float,,Chemical Dice embedding dimension 3858 of 8192 predicted from the SMILES by the distilled Mamba model
feat_3859,float,,Chemical Dice embedding dimension 3859 of 8192 predicted from the SMILES by the distilled Mamba model
feat_3860,float,,Chemical Dice embedding dimension 3860 of 8192 predicted from the SMILES by the distilled Mamba model
feat_3861,float,,Chemical Dice embedding dimension 3861 of 8192 predicted from the SMILES by the distilled Mamba model
feat_3862,float,,Chemical Dice embedding dimension 3862 of 8192 predicted from the SMILES by the distilled Mamba model
feat_3863,float,,Chemical Dice embedding dimension 3863 of 8192 predicted from the SMILES by the distilled Mamba model
feat_3864,float,,Chemical Dice embedding dimension 3864 of 8192 predicted from the SMILES by the distilled Mamba model
feat_3865,float,,Chemical Dice embedding dimension 3865 of 8192 predicted from the SMILES by the distilled Mamba model
feat_3866,float,,Chemical Dice embedding dimension 3866 of 8192 predicted from the SMILES by the distilled Mamba model
feat_3867,float,,Chemical Dice embedding dimension 3867 of 8192 predicted from the SMILES by the distilled Mamba model
feat_3868,float,,Chemical Dice embedding dimension 3868 of 8192 predicted from the SMILES by the distilled Mamba model
feat_3869,float,,Chemical Dice embedding dimension 3869 of 8192 predicted from the SMILES by the distilled Mamba model
feat_3870,float,,Chemical Dice embedding dimension 3870 of 8192 predicted from the SMILES by the distilled Mamba model
feat_3871,float,,Chemical Dice embedding dimension 3871 of 8192 predicted from the SMILES by the distilled Mamba model
feat_3872,float,,Chemical Dice embedding dimension 3872 of 8192 predicted from the SMILES by the distilled Mamba model
feat_3873,float,,Chemical Dice embedding dimension 3873 of 8192 predicted from the SMILES by the distilled Mamba model
feat_3874,float,,Chemical Dice embedding dimension 3874 of 8192 predicted from the SMILES by the distilled Mamba model
feat_3875,float,,Chemical Dice embedding dimension 3875 of 8192 predicted from the SMILES by the distilled Mamba model
feat_3876,float,,Chemical Dice embedding dimension 3876 of 8192 predicted from the SMILES by the distilled Mamba model
feat_3877,float,,Chemical Dice embedding dimension 3877 of 8192 predicted from the SMILES by the distilled Mamba model
feat_3878,float,,Chemical Dice embedding dimension 3878 of 8192 predicted from the SMILES by the distilled Mamba model
feat_3879,float,,Chemical Dice embedding dimension 3879 of 8192 predicted from the SMILES by the distilled Mamba model
feat_3880,float,,Chemical Dice embedding dimension 3880 of 8192 predicted from the SMILES by the distilled Mamba model
feat_3881,float,,Chemical Dice embedding dimension 3881 of 8192 predicted from the SMILES by the distilled Mamba model
feat_3882,float,,Chemical Dice embedding dimension 3882 of 8192 predicted from the SMILES by the distilled Mamba model
feat_3883,float,,Chemical Dice embedding dimension 3883 of 8192 predicted from the SMILES by the distilled Mamba model
feat_3884,float,,Chemical Dice embedding dimension 3884 of 8192 predicted from the SMILES by the distilled Mamba model
feat_3885,float,,Chemical Dice embedding dimension 3885 of 8192 predicted from the SMILES by the distilled Mamba model
feat_3886,float,,Chemical Dice embedding dimension 3886 of 8192 predicted from the SMILES by the distilled Mamba model
feat_3887,float,,Chemical Dice embedding dimension 3887 of 8192 predicted from the SMILES by the distilled Mamba model
feat_3888,float,,Chemical Dice embedding dimension 3888 of 8192 predicted from the SMILES by the distilled Mamba model
feat_3889,float,,Chemical Dice embedding dimension 3889 of 8192 predicted from the SMILES by the distilled Mamba model
feat_3890,float,,Chemical Dice embedding dimension 3890 of 8192 predicted from the SMILES by the distilled Mamba model
feat_3891,float,,Chemical Dice embedding dimension 3891 of 8192 predicted from the SMILES by the distilled Mamba model
feat_3892,float,,Chemical Dice embedding dimension 3892 of 8192 predicted from the SMILES by the distilled Mamba model
feat_3893,float,,Chemical Dice embedding dimension 3893 of 8192 predicted from the SMILES by the distilled Mamba model
feat_3894,float,,Chemical Dice embedding dimension 3894 of 8192 predicted from the SMILES by the distilled Mamba model
feat_3895,float,,Chemical Dice embedding dimension 3895 of 8192 predicted from the SMILES by the distilled Mamba model
feat_3896,float,,Chemical Dice embedding dimension 3896 of 8192 predicted from the SMILES by the distilled Mamba model
feat_3897,float,,Chemical Dice embedding dimension 3897 of 8192 predicted from the SMILES by the distilled Mamba model
feat_3898,float,,Chemical Dice embedding dimension 3898 of 8192 predicted from the SMILES by the distilled Mamba model
feat_3899,float,,Chemical Dice embedding dimension 3899 of 8192 predicted from the SMILES by the distilled Mamba model
feat_3900,float,,Chemical Dice embedding dimension 3900 of 8192 predicted from the SMILES by the distilled Mamba model
feat_3901,float,,Chemical Dice embedding dimension 3901 of 8192 predicted from the SMILES by the distilled Mamba model
feat_3902,float,,Chemical Dice embedding dimension 3902 of 8192 predicted from the SMILES by the distilled Mamba model
feat_3903,float,,Chemical Dice embedding dimension 3903 of 8192 predicted from the SMILES by the distilled Mamba model
feat_3904,float,,Chemical Dice embedding dimension 3904 of 8192 predicted from the SMILES by the distilled Mamba model
feat_3905,float,,Chemical Dice embedding dimension 3905 of 8192 predicted from the SMILES by the distilled Mamba model
feat_3906,float,,Chemical Dice embedding dimension 3906 of 8192 predicted from the SMILES by the distilled Mamba model
feat_3907,float,,Chemical Dice embedding dimension 3907 of 8192 predicted from the SMILES by the distilled Mamba model
feat_3908,float,,Chemical Dice embedding dimension 3908 of 8192 predicted from the SMILES by the distilled Mamba model
feat_3909,float,,Chemical Dice embedding dimension 3909 of 8192 predicted from the SMILES by the distilled Mamba model
feat_3910,float,,Chemical Dice embedding dimension 3910 of 8192 predicted from the SMILES by the distilled Mamba model
feat_3911,float,,Chemical Dice embedding dimension 3911 of 8192 predicted from the SMILES by the distilled Mamba model
feat_3912,float,,Chemical Dice embedding dimension 3912 of 8192 predicted from the SMILES by the distilled Mamba model
feat_3913,float,,Chemical Dice embedding dimension 3913 of 8192 predicted from the SMILES by the distilled Mamba model
feat_3914,float,,Chemical Dice embedding dimension 3914 of 8192 predicted from the SMILES by the distilled Mamba model
feat_3915,float,,Chemical Dice embedding dimension 3915 of 8192 predicted from the SMILES by the distilled Mamba model
feat_3916,float,,Chemical Dice embedding dimension 3916 of 8192 predicted from the SMILES by the distilled Mamba model
feat_3917,float,,Chemical Dice embedding dimension 3917 of 8192 predicted from the SMILES by the distilled Mamba model
feat_3918,float,,Chemical Dice embedding dimension 3918 of 8192 predicted from the SMILES by the distilled Mamba model
feat_3919,float,,Chemical Dice embedding dimension 3919 of 8192 predicted from the SMILES by the distilled Mamba model
feat_3920,float,,Chemical Dice embedding dimension 3920 of 8192 predicted from the SMILES by the distilled Mamba model
feat_3921,float,,Chemical Dice embedding dimension 3921 of 8192 predicted from the SMILES by the distilled Mamba model
feat_3922,float,,Chemical Dice embedding dimension 3922 of 8192 predicted from the SMILES by the distilled Mamba model
feat_3923,float,,Chemical Dice embedding dimension 3923 of 8192 predicted from the SMILES by the distilled Mamba model
feat_3924,float,,Chemical Dice embedding dimension 3924 of 8192 predicted from the SMILES by the distilled Mamba model
feat_3925,float,,Chemical Dice embedding dimension 3925 of 8192 predicted from the SMILES by the distilled Mamba model
feat_3926,float,,Chemical Dice embedding dimension 3926 of 8192 predicted from the SMILES by the distilled Mamba model
feat_3927,float,,Chemical Dice embedding dimension 3927 of 8192 predicted from the SMILES by the distilled Mamba model
feat_3928,float,,Chemical Dice embedding dimension 3928 of 8192 predicted from the SMILES by the distilled Mamba model
feat_3929,float,,Chemical Dice embedding dimension 3929 of 8192 predicted from the SMILES by the distilled Mamba model
feat_3930,float,,Chemical Dice embedding dimension 3930 of 8192 predicted from the SMILES by the distilled Mamba model
feat_3931,float,,Chemical Dice embedding dimension 3931 of 8192 predicted from the SMILES by the distilled Mamba model
feat_3932,float,,Chemical Dice embedding dimension 3932 of 8192 predicted from the SMILES by the distilled Mamba model
feat_3933,float,,Chemical Dice embedding dimension 3933 of 8192 predicted from the SMILES by the distilled Mamba model
feat_3934,float,,Chemical Dice embedding dimension 3934 of 8192 predicted from the SMILES by the distilled Mamba model
feat_3935,float,,Chemical Dice embedding dimension 3935 of 8192 predicted from the SMILES by the distilled Mamba model
feat_3936,float,,Chemical Dice embedding dimension 3936 of 8192 predicted from the SMILES by the distilled Mamba model
feat_3937,float,,Chemical Dice embedding dimension 3937 of 8192 predicted from the SMILES by the distilled Mamba model
feat_3938,float,,Chemical Dice embedding dimension 3938 of 8192 predicted from the SMILES by the distilled Mamba model
feat_3939,float,,Chemical Dice embedding dimension 3939 of 8192 predicted from the SMILES by the distilled Mamba model
feat_3940,float,,Chemical Dice embedding dimension 3940 of 8192 predicted from the SMILES by the distilled Mamba model
feat_3941,float,,Chemical Dice embedding dimension 3941 of 8192 predicted from the SMILES by the distilled Mamba model
feat_3942,float,,Chemical Dice embedding dimension 3942 of 8192 predicted from the SMILES by the distilled Mamba model
feat_3943,float,,Chemical Dice embedding dimension 3943 of 8192 predicted from the SMILES by the distilled Mamba model
feat_3944,float,,Chemical Dice embedding dimension 3944 of 8192 predicted from the SMILES by the distilled Mamba model
feat_3945,float,,Chemical Dice embedding dimension 3945 of 8192 predicted from the SMILES by the distilled Mamba model
feat_3946,float,,Chemical Dice embedding dimension 3946 of 8192 predicted from the SMILES by the distilled Mamba model
feat_3947,float,,Chemical Dice embedding dimension 3947 of 8192 predicted from the SMILES by the distilled Mamba model
feat_3948,float,,Chemical Dice embedding dimension 3948 of 8192 predicted from the SMILES by the distilled Mamba model
feat_3949,float,,Chemical Dice embedding dimension 3949 of 8192 predicted from the SMILES by the distilled Mamba model
feat_3950,float,,Chemical Dice embedding dimension 3950 of 8192 predicted from the SMILES by the distilled Mamba model
feat_3951,float,,Chemical Dice embedding dimension 3951 of 8192 predicted from the SMILES by the distilled Mamba model
feat_3952,float,,Chemical Dice embedding dimension 3952 of 8192 predicted from the SMILES by the distilled Mamba model
feat_3953,float,,Chemical Dice embedding dimension 3953 of 8192 predicted from the SMILES by the distilled Mamba model
feat_3954,float,,Chemical Dice embedding dimension 3954 of 8192 predicted from the SMILES by the distilled Mamba model
feat_3955,float,,Chemical Dice embedding dimension 3955 of 8192 predicted from the SMILES by the distilled Mamba model
feat_3956,float,,Chemical Dice embedding dimension 3956 of 8192 predicted from the SMILES by the distilled Mamba model
feat_3957,float,,Chemical Dice embedding dimension 3957 of 8192 predicted from the SMILES by the distilled Mamba model
feat_3958,float,,Chemical Dice embedding dimension 3958 of 8192 predicted from the SMILES by the distilled Mamba model
feat_3959,float,,Chemical Dice embedding dimension 3959 of 8192 predicted from the SMILES by the distilled Mamba model
feat_3960,float,,Chemical Dice embedding dimension 3960 of 8192 predicted from the SMILES by the distilled Mamba model
feat_3961,float,,Chemical Dice embedding dimension 3961 of 8192 predicted from the SMILES by the distilled Mamba model
feat_3962,float,,Chemical Dice embedding dimension 3962 of 8192 predicted from the SMILES by the distilled Mamba model
feat_3963,float,,Chemical Dice embedding dimension 3963 of 8192 predicted from the SMILES by the distilled Mamba model
feat_3964,float,,Chemical Dice embedding dimension 3964 of 8192 predicted from the SMILES by the distilled Mamba model
feat_3965,float,,Chemical Dice embedding dimension 3965 of 8192 predicted from the SMILES by the distilled Mamba model
feat_3966,float,,Chemical Dice embedding dimension 3966 of 8192 predicted from the SMILES by the distilled Mamba model
feat_3967,float,,Chemical Dice embedding dimension 3967 of 8192 predicted from the SMILES by the distilled Mamba model
feat_3968,float,,Chemical Dice embedding dimension 3968 of 8192 predicted from the SMILES by the distilled Mamba model
feat_3969,float,,Chemical Dice embedding dimension 3969 of 8192 predicted from the SMILES by the distilled Mamba model
feat_3970,float,,Chemical Dice embedding dimension 3970 of 8192 predicted from the SMILES by the distilled Mamba model
feat_3971,float,,Chemical Dice embedding dimension 3971 of 8192 predicted from the SMILES by the distilled Mamba model
feat_3972,float,,Chemical Dice embedding dimension 3972 of 8192 predicted from the SMILES by the distilled Mamba model
feat_3973,float,,Chemical Dice embedding dimension 3973 of 8192 predicted from the SMILES by the distilled Mamba model
feat_3974,float,,Chemical Dice embedding dimension 3974 of 8192 predicted from the SMILES by the distilled Mamba model
feat_3975,float,,Chemical Dice embedding dimension 3975 of 8192 predicted from the SMILES by the distilled Mamba model
feat_3976,float,,Chemical Dice embedding dimension 3976 of 8192 predicted from the SMILES by the distilled Mamba model
feat_3977,float,,Chemical Dice embedding dimension 3977 of 8192 predicted from the SMILES by the distilled Mamba model
feat_3978,float,,Chemical Dice embedding dimension 3978 of 8192 predicted from the SMILES by the distilled Mamba model
feat_3979,float,,Chemical Dice embedding dimension 3979 of 8192 predicted from the SMILES by the distilled Mamba model
feat_3980,float,,Chemical Dice embedding dimension 3980 of 8192 predicted from the SMILES by the distilled Mamba model
feat_3981,float,,Chemical Dice embedding dimension 3981 of 8192 predicted from the SMILES by the distilled Mamba model
feat_3982,float,,Chemical Dice embedding dimension 3982 of 8192 predicted from the SMILES by the distilled Mamba model
feat_3983,float,,Chemical Dice embedding dimension 3983 of 8192 predicted from the SMILES by the distilled Mamba model
feat_3984,float,,Chemical Dice embedding dimension 3984 of 8192 predicted from the SMILES by the distilled Mamba model
feat_3985,float,,Chemical Dice embedding dimension 3985 of 8192 predicted from the SMILES by the distilled Mamba model
feat_3986,float,,Chemical Dice embedding dimension 3986 of 8192 predicted from the SMILES by the distilled Mamba model
feat_3987,float,,Chemical Dice embedding dimension 3987 of 8192 predicted from the SMILES by the distilled Mamba model
feat_3988,float,,Chemical Dice embedding dimension 3988 of 8192 predicted from the SMILES by the distilled Mamba model
feat_3989,float,,Chemical Dice embedding dimension 3989 of 8192 predicted from the SMILES by the distilled Mamba model
feat_3990,float,,Chemical Dice embedding dimension 3990 of 8192 predicted from the SMILES by the distilled Mamba model
feat_3991,float,,Chemical Dice embedding dimension 3991 of 8192 predicted from the SMILES by the distilled Mamba model
feat_3992,float,,Chemical Dice embedding dimension 3992 of 8192 predicted from the SMILES by the distilled Mamba model
feat_3993,float,,Chemical Dice embedding dimension 3993 of 8192 predicted from the SMILES by the distilled Mamba model
feat_3994,float,,Chemical Dice embedding dimension 3994 of 8192 predicted from the SMILES by the distilled Mamba model
feat_3995,float,,Chemical Dice embedding dimension 3995 of 8192 predicted from the SMILES by the distilled Mamba model
feat_3996,float,,Chemical Dice embedding dimension 3996 of 8192 predicted from the SMILES by the distilled Mamba model
feat_3997,float,,Chemical Dice embedding dimension 3997 of 8192 predicted from the SMILES by the distilled Mamba model
feat_3998,float,,Chemical Dice embedding dimension 3998 of 8192 predicted from the SMILES by the distilled Mamba model
feat_3999,float,,Chemical Dice embedding dimension 3999 of 8192 predicted from the SMILES by the distilled Mamba model
feat_4000,float,,Chemical Dice embedding dimension 4000 of 8192 predicted from the SMILES by the distilled Mamba model
feat_4001,float,,Chemical Dice embedding dimension 4001 of 8192 predicted from the SMILES by the distilled Mamba model
feat_4002,float,,Chemical Dice embedding dimension 4002 of 8192 predicted from the SMILES by the distilled Mamba model
feat_4003,float,,Chemical Dice embedding dimension 4003 of 8192 predicted from the SMILES by the distilled Mamba model
feat_4004,float,,Chemical Dice embedding dimension 4004 of 8192 predicted from the SMILES by the distilled Mamba model
feat_4005,float,,Chemical Dice embedding dimension 4005 of 8192 predicted from the SMILES by the distilled Mamba model
feat_4006,float,,Chemical Dice embedding dimension 4006 of 8192 predicted from the SMILES by the distilled Mamba model
feat_4007,float,,Chemical Dice embedding dimension 4007 of 8192 predicted from the SMILES by the distilled Mamba model
feat_4008,float,,Chemical Dice embedding dimension 4008 of 8192 predicted from the SMILES by the distilled Mamba model
feat_4009,float,,Chemical Dice embedding dimension 4009 of 8192 predicted from the SMILES by the distilled Mamba model
feat_4010,float,,Chemical Dice embedding dimension 4010 of 8192 predicted from the SMILES by the distilled Mamba model
feat_4011,float,,Chemical Dice embedding dimension 4011 of 8192 predicted from the SMILES by the distilled Mamba model
feat_4012,float,,Chemical Dice embedding dimension 4012 of 8192 predicted from the SMILES by the distilled Mamba model
feat_4013,float,,Chemical Dice embedding dimension 4013 of 8192 predicted from the SMILES by the distilled Mamba model
feat_4014,float,,Chemical Dice embedding dimension 4014 of 8192 predicted from the SMILES by the distilled Mamba model
feat_4015,float,,Chemical Dice embedding dimension 4015 of 8192 predicted from the SMILES by the distilled Mamba model
feat_4016,float,,Chemical Dice embedding dimension 4016 of 8192 predicted from the SMILES by the distilled Mamba model
feat_4017,float,,Chemical Dice embedding dimension 4017 of 8192 predicted from the SMILES by the distilled Mamba model
feat_4018,float,,Chemical Dice embedding dimension 4018 of 8192 predicted from the SMILES by the distilled Mamba model
feat_4019,float,,Chemical Dice embedding dimension 4019 of 8192 predicted from the SMILES by the distilled Mamba model
feat_4020,float,,Chemical Dice embedding dimension 4020 of 8192 predicted from the SMILES by the distilled Mamba model
feat_4021,float,,Chemical Dice embedding dimension 4021 of 8192 predicted from the SMILES by the distilled Mamba model
feat_4022,float,,Chemical Dice embedding dimension 4022 of 8192 predicted from the SMILES by the distilled Mamba model
feat_4023,float,,Chemical Dice embedding dimension 4023 of 8192 predicted from the SMILES by the distilled Mamba model
feat_4024,float,,Chemical Dice embedding dimension 4024 of 8192 predicted from the SMILES by the distilled Mamba model
feat_4025,float,,Chemical Dice embedding dimension 4025 of 8192 predicted from the SMILES by the distilled Mamba model
feat_4026,float,,Chemical Dice embedding dimension 4026 of 8192 predicted from the SMILES by the distilled Mamba model
feat_4027,float,,Chemical Dice embedding dimension 4027 of 8192 predicted from the SMILES by the distilled Mamba model
feat_4028,float,,Chemical Dice embedding dimension 4028 of 8192 predicted from the SMILES by the distilled Mamba model
feat_4029,float,,Chemical Dice embedding dimension 4029 of 8192 predicted from the SMILES by the distilled Mamba model
feat_4030,float,,Chemical Dice embedding dimension 4030 of 8192 predicted from the SMILES by the distilled Mamba model
feat_4031,float,,Chemical Dice embedding dimension 4031 of 8192 predicted from the SMILES by the distilled Mamba model
feat_4032,float,,Chemical Dice embedding dimension 4032 of 8192 predicted from the SMILES by the distilled Mamba model
feat_4033,float,,Chemical Dice embedding dimension 4033 of 8192 predicted from the SMILES by the distilled Mamba model
feat_4034,float,,Chemical Dice embedding dimension 4034 of 8192 predicted from the SMILES by the distilled Mamba model
feat_4035,float,,Chemical Dice embedding dimension 4035 of 8192 predicted from the SMILES by the distilled Mamba model
feat_4036,float,,Chemical Dice embedding dimension 4036 of 8192 predicted from the SMILES by the distilled Mamba model
feat_4037,float,,Chemical Dice embedding dimension 4037 of 8192 predicted from the SMILES by the distilled Mamba model
feat_4038,float,,Chemical Dice embedding dimension 4038 of 8192 predicted from the SMILES by the distilled Mamba model
feat_4039,float,,Chemical Dice embedding dimension 4039 of 8192 predicted from the SMILES by the distilled Mamba model
feat_4040,float,,Chemical Dice embedding dimension 4040 of 8192 predicted from the SMILES by the distilled Mamba model
feat_4041,float,,Chemical Dice embedding dimension 4041 of 8192 predicted from the SMILES by the distilled Mamba model
feat_4042,float,,Chemical Dice embedding dimension 4042 of 8192 predicted from the SMILES by the distilled Mamba model
feat_4043,float,,Chemical Dice embedding dimension 4043 of 8192 predicted from the SMILES by the distilled Mamba model
feat_4044,float,,Chemical Dice embedding dimension 4044 of 8192 predicted from the SMILES by the distilled Mamba model
feat_4045,float,,Chemical Dice embedding dimension 4045 of 8192 predicted from the SMILES by the distilled Mamba model
feat_4046,float,,Chemical Dice embedding dimension 4046 of 8192 predicted from the SMILES by the distilled Mamba model
feat_4047,float,,Chemical Dice embedding dimension 4047 of 8192 predicted from the SMILES by the distilled Mamba model
feat_4048,float,,Chemical Dice embedding dimension 4048 of 8192 predicted from the SMILES by the distilled Mamba model
feat_4049,float,,Chemical Dice embedding dimension 4049 of 8192 predicted from the SMILES by the distilled Mamba model
feat_4050,float,,Chemical Dice embedding dimension 4050 of 8192 predicted from the SMILES by the distilled Mamba model
feat_4051,float,,Chemical Dice embedding dimension 4051 of 8192 predicted from the SMILES by the distilled Mamba model
feat_4052,float,,Chemical Dice embedding dimension 4052 of 8192 predicted from the SMILES by the distilled Mamba model
feat_4053,float,,Chemical Dice embedding dimension 4053 of 8192 predicted from the SMILES by the distilled Mamba model
feat_4054,float,,Chemical Dice embedding dimension 4054 of 8192 predicted from the SMILES by the distilled Mamba model
feat_4055,float,,Chemical Dice embedding dimension 4055 of 8192 predicted from the SMILES by the distilled Mamba model
feat_4056,float,,Chemical Dice embedding dimension 4056 of 8192 predicted from the SMILES by the distilled Mamba model
feat_4057,float,,Chemical Dice embedding dimension 4057 of 8192 predicted from the SMILES by the distilled Mamba model
feat_4058,float,,Chemical Dice embedding dimension 4058 of 8192 predicted from the SMILES by the distilled Mamba model
feat_4059,float,,Chemical Dice embedding dimension 4059 of 8192 predicted from the SMILES by the distilled Mamba model
feat_4060,float,,Chemical Dice embedding dimension 4060 of 8192 predicted from the SMILES by the distilled Mamba model
feat_4061,float,,Chemical Dice embedding dimension 4061 of 8192 predicted from the SMILES by the distilled Mamba model
feat_4062,float,,Chemical Dice embedding dimension 4062 of 8192 predicted from the SMILES by the distilled Mamba model
feat_4063,float,,Chemical Dice embedding dimension 4063 of 8192 predicted from the SMILES by the distilled Mamba model
feat_4064,float,,Chemical Dice embedding dimension 4064 of 8192 predicted from the SMILES by the distilled Mamba model
feat_4065,float,,Chemical Dice embedding dimension 4065 of 8192 predicted from the SMILES by the distilled Mamba model
feat_4066,float,,Chemical Dice embedding dimension 4066 of 8192 predicted from the SMILES by the distilled Mamba model
feat_4067,float,,Chemical Dice embedding dimension 4067 of 8192 predicted from the SMILES by the distilled Mamba model
feat_4068,float,,Chemical Dice embedding dimension 4068 of 8192 predicted from the SMILES by the distilled Mamba model
feat_4069,float,,Chemical Dice embedding dimension 4069 of 8192 predicted from the SMILES by the distilled Mamba model
feat_4070,float,,Chemical Dice embedding dimension 4070 of 8192 predicted from the SMILES by the distilled Mamba model
feat_4071,float,,Chemical Dice embedding dimension 4071 of 8192 predicted from the SMILES by the distilled Mamba model
feat_4072,float,,Chemical Dice embedding dimension 4072 of 8192 predicted from the SMILES by the distilled Mamba model
feat_4073,float,,Chemical Dice embedding dimension 4073 of 8192 predicted from the SMILES by the distilled Mamba model
feat_4074,float,,Chemical Dice embedding dimension 4074 of 8192 predicted from the SMILES by the distilled Mamba model
feat_4075,float,,Chemical Dice embedding dimension 4075 of 8192 predicted from the SMILES by the distilled Mamba model
feat_4076,float,,Chemical Dice embedding dimension 4076 of 8192 predicted from the SMILES by the distilled Mamba model
feat_4077,float,,Chemical Dice embedding dimension 4077 of 8192 predicted from the SMILES by the distilled Mamba model
feat_4078,float,,Chemical Dice embedding dimension 4078 of 8192 predicted from the SMILES by the distilled Mamba model
feat_4079,float,,Chemical Dice embedding dimension 4079 of 8192 predicted from the SMILES by the distilled Mamba model
feat_4080,float,,Chemical Dice embedding dimension 4080 of 8192 predicted from the SMILES by the distilled Mamba model
feat_4081,float,,Chemical Dice embedding dimension 4081 of 8192 predicted from the SMILES by the distilled Mamba model
feat_4082,float,,Chemical Dice embedding dimension 4082 of 8192 predicted from the SMILES by the distilled Mamba model
feat_4083,float,,Chemical Dice embedding dimension 4083 of 8192 predicted from the SMILES by the distilled Mamba model
feat_4084,float,,Chemical Dice embedding dimension 4084 of 8192 predicted from the SMILES by the distilled Mamba model
feat_4085,float,,Chemical Dice embedding dimension 4085 of 8192 predicted from the SMILES by the distilled Mamba model
feat_4086,float,,Chemical Dice embedding dimension 4086 of 8192 predicted from the SMILES by the distilled Mamba model
feat_4087,float,,Chemical Dice embedding dimension 4087 of 8192 predicted from the SMILES by the distilled Mamba model
feat_4088,float,,Chemical Dice embedding dimension 4088 of 8192 predicted from the SMILES by the distilled Mamba model
feat_4089,float,,Chemical Dice embedding dimension 4089 of 8192 predicted from the SMILES by the distilled Mamba model
feat_4090,float,,Chemical Dice embedding dimension 4090 of 8192 predicted from the SMILES by the distilled Mamba model
feat_4091,float,,Chemical Dice embedding dimension 4091 of 8192 predicted from the SMILES by the distilled Mamba model
feat_4092,float,,Chemical Dice embedding dimension 4092 of 8192 predicted from the SMILES by the distilled Mamba model
feat_4093,float,,Chemical Dice embedding dimension 4093 of 8192 predicted from the SMILES by the distilled Mamba model
feat_4094,float,,Chemical Dice embedding dimension 4094 of 8192 predicted from the SMILES by the distilled Mamba model
feat_4095,float,,Chemical Dice embedding dimension 4095 of 8192 predicted from the SMILES by the distilled Mamba model
feat_4096,float,,Chemical Dice embedding dimension 4096 of 8192 predicted from the SMILES by the distilled Mamba model
feat_4097,float,,Chemical Dice embedding dimension 4097 of 8192 predicted from the SMILES by the distilled Mamba model
feat_4098,float,,Chemical Dice embedding dimension 4098 of 8192 predicted from the SMILES by the distilled Mamba model
feat_4099,float,,Chemical Dice embedding dimension 4099 of 8192 predicted from the SMILES by the distilled Mamba model
feat_4100,float,,Chemical Dice embedding dimension 4100 of 8192 predicted from the SMILES by the distilled Mamba model
feat_4101,float,,Chemical Dice embedding dimension 4101 of 8192 predicted from the SMILES by the distilled Mamba model
feat_4102,float,,Chemical Dice embedding dimension 4102 of 8192 predicted from the SMILES by the distilled Mamba model
feat_4103,float,,Chemical Dice embedding dimension 4103 of 8192 predicted from the SMILES by the distilled Mamba model
feat_4104,float,,Chemical Dice embedding dimension 4104 of 8192 predicted from the SMILES by the distilled Mamba model
feat_4105,float,,Chemical Dice embedding dimension 4105 of 8192 predicted from the SMILES by the distilled Mamba model
feat_4106,float,,Chemical Dice embedding dimension 4106 of 8192 predicted from the SMILES by the distilled Mamba model
feat_4107,float,,Chemical Dice embedding dimension 4107 of 8192 predicted from the SMILES by the distilled Mamba model
feat_4108,float,,Chemical Dice embedding dimension 4108 of 8192 predicted from the SMILES by the distilled Mamba model
feat_4109,float,,Chemical Dice embedding dimension 4109 of 8192 predicted from the SMILES by the distilled Mamba model
feat_4110,float,,Chemical Dice embedding dimension 4110 of 8192 predicted from the SMILES by the distilled Mamba model
feat_4111,float,,Chemical Dice embedding dimension 4111 of 8192 predicted from the SMILES by the distilled Mamba model
feat_4112,float,,Chemical Dice embedding dimension 4112 of 8192 predicted from the SMILES by the distilled Mamba model
feat_4113,float,,Chemical Dice embedding dimension 4113 of 8192 predicted from the SMILES by the distilled Mamba model
feat_4114,float,,Chemical Dice embedding dimension 4114 of 8192 predicted from the SMILES by the distilled Mamba model
feat_4115,float,,Chemical Dice embedding dimension 4115 of 8192 predicted from the SMILES by the distilled Mamba model
feat_4116,float,,Chemical Dice embedding dimension 4116 of 8192 predicted from the SMILES by the distilled Mamba model
feat_4117,float,,Chemical Dice embedding dimension 4117 of 8192 predicted from the SMILES by the distilled Mamba model
feat_4118,float,,Chemical Dice embedding dimension 4118 of 8192 predicted from the SMILES by the distilled Mamba model
feat_4119,float,,Chemical Dice embedding dimension 4119 of 8192 predicted from the SMILES by the distilled Mamba model
feat_4120,float,,Chemical Dice embedding dimension 4120 of 8192 predicted from the SMILES by the distilled Mamba model
feat_4121,float,,Chemical Dice embedding dimension 4121 of 8192 predicted from the SMILES by the distilled Mamba model
feat_4122,float,,Chemical Dice embedding dimension 4122 of 8192 predicted from the SMILES by the distilled Mamba model
feat_4123,float,,Chemical Dice embedding dimension 4123 of 8192 predicted from the SMILES by the distilled Mamba model
feat_4124,float,,Chemical Dice embedding dimension 4124 of 8192 predicted from the SMILES by the distilled Mamba model
feat_4125,float,,Chemical Dice embedding dimension 4125 of 8192 predicted from the SMILES by the distilled Mamba model
feat_4126,float,,Chemical Dice embedding dimension 4126 of 8192 predicted from the SMILES by the distilled Mamba model
feat_4127,float,,Chemical Dice embedding dimension 4127 of 8192 predicted from the SMILES by the distilled Mamba model
feat_4128,float,,Chemical Dice embedding dimension 4128 of 8192 predicted from the SMILES by the distilled Mamba model
feat_4129,float,,Chemical Dice embedding dimension 4129 of 8192 predicted from the SMILES by the distilled Mamba model
feat_4130,float,,Chemical Dice embedding dimension 4130 of 8192 predicted from the SMILES by the distilled Mamba model
feat_4131,float,,Chemical Dice embedding dimension 4131 of 8192 predicted from the SMILES by the distilled Mamba model
feat_4132,float,,Chemical Dice embedding dimension 4132 of 8192 predicted from the SMILES by the distilled Mamba model
feat_4133,float,,Chemical Dice embedding dimension 4133 of 8192 predicted from the SMILES by the distilled Mamba model
feat_4134,float,,Chemical Dice embedding dimension 4134 of 8192 predicted from the SMILES by the distilled Mamba model
feat_4135,float,,Chemical Dice embedding dimension 4135 of 8192 predicted from the SMILES by the distilled Mamba model
feat_4136,float,,Chemical Dice embedding dimension 4136 of 8192 predicted from the SMILES by the distilled Mamba model
feat_4137,float,,Chemical Dice embedding dimension 4137 of 8192 predicted from the SMILES by the distilled Mamba model
feat_4138,float,,Chemical Dice embedding dimension 4138 of 8192 predicted from the SMILES by the distilled Mamba model
feat_4139,float,,Chemical Dice embedding dimension 4139 of 8192 predicted from the SMILES by the distilled Mamba model
feat_4140,float,,Chemical Dice embedding dimension 4140 of 8192 predicted from the SMILES by the distilled Mamba model
feat_4141,float,,Chemical Dice embedding dimension 4141 of 8192 predicted from the SMILES by the distilled Mamba model
feat_4142,float,,Chemical Dice embedding dimension 4142 of 8192 predicted from the SMILES by the distilled Mamba model
feat_4143,float,,Chemical Dice embedding dimension 4143 of 8192 predicted from the SMILES by the distilled Mamba model
feat_4144,float,,Chemical Dice embedding dimension 4144 of 8192 predicted from the SMILES by the distilled Mamba model
feat_4145,float,,Chemical Dice embedding dimension 4145 of 8192 predicted from the SMILES by the distilled Mamba model
feat_4146,float,,Chemical Dice embedding dimension 4146 of 8192 predicted from the SMILES by the distilled Mamba model
feat_4147,float,,Chemical Dice embedding dimension 4147 of 8192 predicted from the SMILES by the distilled Mamba model
feat_4148,float,,Chemical Dice embedding dimension 4148 of 8192 predicted from the SMILES by the distilled Mamba model
feat_4149,float,,Chemical Dice embedding dimension 4149 of 8192 predicted from the SMILES by the distilled Mamba model
feat_4150,float,,Chemical Dice embedding dimension 4150 of 8192 predicted from the SMILES by the distilled Mamba model
feat_4151,float,,Chemical Dice embedding dimension 4151 of 8192 predicted from the SMILES by the distilled Mamba model
feat_4152,float,,Chemical Dice embedding dimension 4152 of 8192 predicted from the SMILES by the distilled Mamba model
feat_4153,float,,Chemical Dice embedding dimension 4153 of 8192 predicted from the SMILES by the distilled Mamba model
feat_4154,float,,Chemical Dice embedding dimension 4154 of 8192 predicted from the SMILES by the distilled Mamba model
feat_4155,float,,Chemical Dice embedding dimension 4155 of 8192 predicted from the SMILES by the distilled Mamba model
feat_4156,float,,Chemical Dice embedding dimension 4156 of 8192 predicted from the SMILES by the distilled Mamba model
feat_4157,float,,Chemical Dice embedding dimension 4157 of 8192 predicted from the SMILES by the distilled Mamba model
feat_4158,float,,Chemical Dice embedding dimension 4158 of 8192 predicted from the SMILES by the distilled Mamba model
feat_4159,float,,Chemical Dice embedding dimension 4159 of 8192 predicted from the SMILES by the distilled Mamba model
feat_4160,float,,Chemical Dice embedding dimension 4160 of 8192 predicted from the SMILES by the distilled Mamba model
feat_4161,float,,Chemical Dice embedding dimension 4161 of 8192 predicted from the SMILES by the distilled Mamba model
feat_4162,float,,Chemical Dice embedding dimension 4162 of 8192 predicted from the SMILES by the distilled Mamba model
feat_4163,float,,Chemical Dice embedding dimension 4163 of 8192 predicted from the SMILES by the distilled Mamba model
feat_4164,float,,Chemical Dice embedding dimension 4164 of 8192 predicted from the SMILES by the distilled Mamba model
feat_4165,float,,Chemical Dice embedding dimension 4165 of 8192 predicted from the SMILES by the distilled Mamba model
feat_4166,float,,Chemical Dice embedding dimension 4166 of 8192 predicted from the SMILES by the distilled Mamba model
feat_4167,float,,Chemical Dice embedding dimension 4167 of 8192 predicted from the SMILES by the distilled Mamba model
feat_4168,float,,Chemical Dice embedding dimension 4168 of 8192 predicted from the SMILES by the distilled Mamba model
feat_4169,float,,Chemical Dice embedding dimension 4169 of 8192 predicted from the SMILES by the distilled Mamba model
feat_4170,float,,Chemical Dice embedding dimension 4170 of 8192 predicted from the SMILES by the distilled Mamba model
feat_4171,float,,Chemical Dice embedding dimension 4171 of 8192 predicted from the SMILES by the distilled Mamba model
feat_4172,float,,Chemical Dice embedding dimension 4172 of 8192 predicted from the SMILES by the distilled Mamba model
feat_4173,float,,Chemical Dice embedding dimension 4173 of 8192 predicted from the SMILES by the distilled Mamba model
feat_4174,float,,Chemical Dice embedding dimension 4174 of 8192 predicted from the SMILES by the distilled Mamba model
feat_4175,float,,Chemical Dice embedding dimension 4175 of 8192 predicted from the SMILES by the distilled Mamba model
feat_4176,float,,Chemical Dice embedding dimension 4176 of 8192 predicted from the SMILES by the distilled Mamba model
feat_4177,float,,Chemical Dice embedding dimension 4177 of 8192 predicted from the SMILES by the distilled Mamba model
feat_4178,float,,Chemical Dice embedding dimension 4178 of 8192 predicted from the SMILES by the distilled Mamba model
feat_4179,float,,Chemical Dice embedding dimension 4179 of 8192 predicted from the SMILES by the distilled Mamba model
feat_4180,float,,Chemical Dice embedding dimension 4180 of 8192 predicted from the SMILES by the distilled Mamba model
feat_4181,float,,Chemical Dice embedding dimension 4181 of 8192 predicted from the SMILES by the distilled Mamba model
feat_4182,float,,Chemical Dice embedding dimension 4182 of 8192 predicted from the SMILES by the distilled Mamba model
feat_4183,float,,Chemical Dice embedding dimension 4183 of 8192 predicted from the SMILES by the distilled Mamba model
feat_4184,float,,Chemical Dice embedding dimension 4184 of 8192 predicted from the SMILES by the distilled Mamba model
feat_4185,float,,Chemical Dice embedding dimension 4185 of 8192 predicted from the SMILES by the distilled Mamba model
feat_4186,float,,Chemical Dice embedding dimension 4186 of 8192 predicted from the SMILES by the distilled Mamba model
feat_4187,float,,Chemical Dice embedding dimension 4187 of 8192 predicted from the SMILES by the distilled Mamba model
feat_4188,float,,Chemical Dice embedding dimension 4188 of 8192 predicted from the SMILES by the distilled Mamba model
feat_4189,float,,Chemical Dice embedding dimension 4189 of 8192 predicted from the SMILES by the distilled Mamba model
feat_4190,float,,Chemical Dice embedding dimension 4190 of 8192 predicted from the SMILES by the distilled Mamba model
feat_4191,float,,Chemical Dice embedding dimension 4191 of 8192 predicted from the SMILES by the distilled Mamba model
feat_4192,float,,Chemical Dice embedding dimension 4192 of 8192 predicted from the SMILES by the distilled Mamba model
feat_4193,float,,Chemical Dice embedding dimension 4193 of 8192 predicted from the SMILES by the distilled Mamba model
feat_4194,float,,Chemical Dice embedding dimension 4194 of 8192 predicted from the SMILES by the distilled Mamba model
feat_4195,float,,Chemical Dice embedding dimension 4195 of 8192 predicted from the SMILES by the distilled Mamba model
feat_4196,float,,Chemical Dice embedding dimension 4196 of 8192 predicted from the SMILES by the distilled Mamba model
feat_4197,float,,Chemical Dice embedding dimension 4197 of 8192 predicted from the SMILES by the distilled Mamba model
feat_4198,float,,Chemical Dice embedding dimension 4198 of 8192 predicted from the SMILES by the distilled Mamba model
feat_4199,float,,Chemical Dice embedding dimension 4199 of 8192 predicted from the SMILES by the distilled Mamba model
feat_4200,float,,Chemical Dice embedding dimension 4200 of 8192 predicted from the SMILES by the distilled Mamba model
feat_4201,float,,Chemical Dice embedding dimension 4201 of 8192 predicted from the SMILES by the distilled Mamba model
feat_4202,float,,Chemical Dice embedding dimension 4202 of 8192 predicted from the SMILES by the distilled Mamba model
feat_4203,float,,Chemical Dice embedding dimension 4203 of 8192 predicted from the SMILES by the distilled Mamba model
feat_4204,float,,Chemical Dice embedding dimension 4204 of 8192 predicted from the SMILES by the distilled Mamba model
feat_4205,float,,Chemical Dice embedding dimension 4205 of 8192 predicted from the SMILES by the distilled Mamba model
feat_4206,float,,Chemical Dice embedding dimension 4206 of 8192 predicted from the SMILES by the distilled Mamba model
feat_4207,float,,Chemical Dice embedding dimension 4207 of 8192 predicted from the SMILES by the distilled Mamba model
feat_4208,float,,Chemical Dice embedding dimension 4208 of 8192 predicted from the SMILES by the distilled Mamba model
feat_4209,float,,Chemical Dice embedding dimension 4209 of 8192 predicted from the SMILES by the distilled Mamba model
feat_4210,float,,Chemical Dice embedding dimension 4210 of 8192 predicted from the SMILES by the distilled Mamba model
feat_4211,float,,Chemical Dice embedding dimension 4211 of 8192 predicted from the SMILES by the distilled Mamba model
feat_4212,float,,Chemical Dice embedding dimension 4212 of 8192 predicted from the SMILES by the distilled Mamba model
feat_4213,float,,Chemical Dice embedding dimension 4213 of 8192 predicted from the SMILES by the distilled Mamba model
feat_4214,float,,Chemical Dice embedding dimension 4214 of 8192 predicted from the SMILES by the distilled Mamba model
feat_4215,float,,Chemical Dice embedding dimension 4215 of 8192 predicted from the SMILES by the distilled Mamba model
feat_4216,float,,Chemical Dice embedding dimension 4216 of 8192 predicted from the SMILES by the distilled Mamba model
feat_4217,float,,Chemical Dice embedding dimension 4217 of 8192 predicted from the SMILES by the distilled Mamba model
feat_4218,float,,Chemical Dice embedding dimension 4218 of 8192 predicted from the SMILES by the distilled Mamba model
feat_4219,float,,Chemical Dice embedding dimension 4219 of 8192 predicted from the SMILES by the distilled Mamba model
feat_4220,float,,Chemical Dice embedding dimension 4220 of 8192 predicted from the SMILES by the distilled Mamba model
feat_4221,float,,Chemical Dice embedding dimension 4221 of 8192 predicted from the SMILES by the distilled Mamba model
feat_4222,float,,Chemical Dice embedding dimension 4222 of 8192 predicted from the SMILES by the distilled Mamba model
feat_4223,float,,Chemical Dice embedding dimension 4223 of 8192 predicted from the SMILES by the distilled Mamba model
feat_4224,float,,Chemical Dice embedding dimension 4224 of 8192 predicted from the SMILES by the distilled Mamba model
feat_4225,float,,Chemical Dice embedding dimension 4225 of 8192 predicted from the SMILES by the distilled Mamba model
feat_4226,float,,Chemical Dice embedding dimension 4226 of 8192 predicted from the SMILES by the distilled Mamba model
feat_4227,float,,Chemical Dice embedding dimension 4227 of 8192 predicted from the SMILES by the distilled Mamba model
feat_4228,float,,Chemical Dice embedding dimension 4228 of 8192 predicted from the SMILES by the distilled Mamba model
feat_4229,float,,Chemical Dice embedding dimension 4229 of 8192 predicted from the SMILES by the distilled Mamba model
feat_4230,float,,Chemical Dice embedding dimension 4230 of 8192 predicted from the SMILES by the distilled Mamba model
feat_4231,float,,Chemical Dice embedding dimension 4231 of 8192 predicted from the SMILES by the distilled Mamba model
feat_4232,float,,Chemical Dice embedding dimension 4232 of 8192 predicted from the SMILES by the distilled Mamba model
feat_4233,float,,Chemical Dice embedding dimension 4233 of 8192 predicted from the SMILES by the distilled Mamba model
feat_4234,float,,Chemical Dice embedding dimension 4234 of 8192 predicted from the SMILES by the distilled Mamba model
feat_4235,float,,Chemical Dice embedding dimension 4235 of 8192 predicted from the SMILES by the distilled Mamba model
feat_4236,float,,Chemical Dice embedding dimension 4236 of 8192 predicted from the SMILES by the distilled Mamba model
feat_4237,float,,Chemical Dice embedding dimension 4237 of 8192 predicted from the SMILES by the distilled Mamba model
feat_4238,float,,Chemical Dice embedding dimension 4238 of 8192 predicted from the SMILES by the distilled Mamba model
feat_4239,float,,Chemical Dice embedding dimension 4239 of 8192 predicted from the SMILES by the distilled Mamba model
feat_4240,float,,Chemical Dice embedding dimension 4240 of 8192 predicted from the SMILES by the distilled Mamba model
feat_4241,float,,Chemical Dice embedding dimension 4241 of 8192 predicted from the SMILES by the distilled Mamba model
feat_4242,float,,Chemical Dice embedding dimension 4242 of 8192 predicted from the SMILES by the distilled Mamba model
feat_4243,float,,Chemical Dice embedding dimension 4243 of 8192 predicted from the SMILES by the distilled Mamba model
feat_4244,float,,Chemical Dice embedding dimension 4244 of 8192 predicted from the SMILES by the distilled Mamba model
feat_4245,float,,Chemical Dice embedding dimension 4245 of 8192 predicted from the SMILES by the distilled Mamba model
feat_4246,float,,Chemical Dice embedding dimension 4246 of 8192 predicted from the SMILES by the distilled Mamba model
feat_4247,float,,Chemical Dice embedding dimension 4247 of 8192 predicted from the SMILES by the distilled Mamba model
feat_4248,float,,Chemical Dice embedding dimension 4248 of 8192 predicted from the SMILES by the distilled Mamba model
feat_4249,float,,Chemical Dice embedding dimension 4249 of 8192 predicted from the SMILES by the distilled Mamba model
feat_4250,float,,Chemical Dice embedding dimension 4250 of 8192 predicted from the SMILES by the distilled Mamba model
feat_4251,float,,Chemical Dice embedding dimension 4251 of 8192 predicted from the SMILES by the distilled Mamba model
feat_4252,float,,Chemical Dice embedding dimension 4252 of 8192 predicted from the SMILES by the distilled Mamba model
feat_4253,float,,Chemical Dice embedding dimension 4253 of 8192 predicted from the SMILES by the distilled Mamba model
feat_4254,float,,Chemical Dice embedding dimension 4254 of 8192 predicted from the SMILES by the distilled Mamba model
feat_4255,float,,Chemical Dice embedding dimension 4255 of 8192 predicted from the SMILES by the distilled Mamba model
feat_4256,float,,Chemical Dice embedding dimension 4256 of 8192 predicted from the SMILES by the distilled Mamba model
feat_4257,float,,Chemical Dice embedding dimension 4257 of 8192 predicted from the SMILES by the distilled Mamba model
feat_4258,float,,Chemical Dice embedding dimension 4258 of 8192 predicted from the SMILES by the distilled Mamba model
feat_4259,float,,Chemical Dice embedding dimension 4259 of 8192 predicted from the SMILES by the distilled Mamba model
feat_4260,float,,Chemical Dice embedding dimension 4260 of 8192 predicted from the SMILES by the distilled Mamba model
feat_4261,float,,Chemical Dice embedding dimension 4261 of 8192 predicted from the SMILES by the distilled Mamba model
feat_4262,float,,Chemical Dice embedding dimension 4262 of 8192 predicted from the SMILES by the distilled Mamba model
feat_4263,float,,Chemical Dice embedding dimension 4263 of 8192 predicted from the SMILES by the distilled Mamba model
feat_4264,float,,Chemical Dice embedding dimension 4264 of 8192 predicted from the SMILES by the distilled Mamba model
feat_4265,float,,Chemical Dice embedding dimension 4265 of 8192 predicted from the SMILES by the distilled Mamba model
feat_4266,float,,Chemical Dice embedding dimension 4266 of 8192 predicted from the SMILES by the distilled Mamba model
feat_4267,float,,Chemical Dice embedding dimension 4267 of 8192 predicted from the SMILES by the distilled Mamba model
feat_4268,float,,Chemical Dice embedding dimension 4268 of 8192 predicted from the SMILES by the distilled Mamba model
feat_4269,float,,Chemical Dice embedding dimension 4269 of 8192 predicted from the SMILES by the distilled Mamba model
feat_4270,float,,Chemical Dice embedding dimension 4270 of 8192 predicted from the SMILES by the distilled Mamba model
feat_4271,float,,Chemical Dice embedding dimension 4271 of 8192 predicted from the SMILES by the distilled Mamba model
feat_4272,float,,Chemical Dice embedding dimension 4272 of 8192 predicted from the SMILES by the distilled Mamba model
feat_4273,float,,Chemical Dice embedding dimension 4273 of 8192 predicted from the SMILES by the distilled Mamba model
feat_4274,float,,Chemical Dice embedding dimension 4274 of 8192 predicted from the SMILES by the distilled Mamba model
feat_4275,float,,Chemical Dice embedding dimension 4275 of 8192 predicted from the SMILES by the distilled Mamba model
feat_4276,float,,Chemical Dice embedding dimension 4276 of 8192 predicted from the SMILES by the distilled Mamba model
feat_4277,float,,Chemical Dice embedding dimension 4277 of 8192 predicted from the SMILES by the distilled Mamba model
feat_4278,float,,Chemical Dice embedding dimension 4278 of 8192 predicted from the SMILES by the distilled Mamba model
feat_4279,float,,Chemical Dice embedding dimension 4279 of 8192 predicted from the SMILES by the distilled Mamba model
feat_4280,float,,Chemical Dice embedding dimension 4280 of 8192 predicted from the SMILES by the distilled Mamba model
feat_4281,float,,Chemical Dice embedding dimension 4281 of 8192 predicted from the SMILES by the distilled Mamba model
feat_4282,float,,Chemical Dice embedding dimension 4282 of 8192 predicted from the SMILES by the distilled Mamba model
feat_4283,float,,Chemical Dice embedding dimension 4283 of 8192 predicted from the SMILES by the distilled Mamba model
feat_4284,float,,Chemical Dice embedding dimension 4284 of 8192 predicted from the SMILES by the distilled Mamba model
feat_4285,float,,Chemical Dice embedding dimension 4285 of 8192 predicted from the SMILES by the distilled Mamba model
feat_4286,float,,Chemical Dice embedding dimension 4286 of 8192 predicted from the SMILES by the distilled Mamba model
feat_4287,float,,Chemical Dice embedding dimension 4287 of 8192 predicted from the SMILES by the distilled Mamba model
feat_4288,float,,Chemical Dice embedding dimension 4288 of 8192 predicted from the SMILES by the distilled Mamba model
feat_4289,float,,Chemical Dice embedding dimension 4289 of 8192 predicted from the SMILES by the distilled Mamba model
feat_4290,float,,Chemical Dice embedding dimension 4290 of 8192 predicted from the SMILES by the distilled Mamba model
feat_4291,float,,Chemical Dice embedding dimension 4291 of 8192 predicted from the SMILES by the distilled Mamba model
feat_4292,float,,Chemical Dice embedding dimension 4292 of 8192 predicted from the SMILES by the distilled Mamba model
feat_4293,float,,Chemical Dice embedding dimension 4293 of 8192 predicted from the SMILES by the distilled Mamba model
feat_4294,float,,Chemical Dice embedding dimension 4294 of 8192 predicted from the SMILES by the distilled Mamba model
feat_4295,float,,Chemical Dice embedding dimension 4295 of 8192 predicted from the SMILES by the distilled Mamba model
feat_4296,float,,Chemical Dice embedding dimension 4296 of 8192 predicted from the SMILES by the distilled Mamba model
feat_4297,float,,Chemical Dice embedding dimension 4297 of 8192 predicted from the SMILES by the distilled Mamba model
feat_4298,float,,Chemical Dice embedding dimension 4298 of 8192 predicted from the SMILES by the distilled Mamba model
feat_4299,float,,Chemical Dice embedding dimension 4299 of 8192 predicted from the SMILES by the distilled Mamba model
feat_4300,float,,Chemical Dice embedding dimension 4300 of 8192 predicted from the SMILES by the distilled Mamba model
feat_4301,float,,Chemical Dice embedding dimension 4301 of 8192 predicted from the SMILES by the distilled Mamba model
feat_4302,float,,Chemical Dice embedding dimension 4302 of 8192 predicted from the SMILES by the distilled Mamba model
feat_4303,float,,Chemical Dice embedding dimension 4303 of 8192 predicted from the SMILES by the distilled Mamba model
feat_4304,float,,Chemical Dice embedding dimension 4304 of 8192 predicted from the SMILES by the distilled Mamba model
feat_4305,float,,Chemical Dice embedding dimension 4305 of 8192 predicted from the SMILES by the distilled Mamba model
feat_4306,float,,Chemical Dice embedding dimension 4306 of 8192 predicted from the SMILES by the distilled Mamba model
feat_4307,float,,Chemical Dice embedding dimension 4307 of 8192 predicted from the SMILES by the distilled Mamba model
feat_4308,float,,Chemical Dice embedding dimension 4308 of 8192 predicted from the SMILES by the distilled Mamba model
feat_4309,float,,Chemical Dice embedding dimension 4309 of 8192 predicted from the SMILES by the distilled Mamba model
feat_4310,float,,Chemical Dice embedding dimension 4310 of 8192 predicted from the SMILES by the distilled Mamba model
feat_4311,float,,Chemical Dice embedding dimension 4311 of 8192 predicted from the SMILES by the distilled Mamba model
feat_4312,float,,Chemical Dice embedding dimension 4312 of 8192 predicted from the SMILES by the distilled Mamba model
feat_4313,float,,Chemical Dice embedding dimension 4313 of 8192 predicted from the SMILES by the distilled Mamba model
feat_4314,float,,Chemical Dice embedding dimension 4314 of 8192 predicted from the SMILES by the distilled Mamba model
feat_4315,float,,Chemical Dice embedding dimension 4315 of 8192 predicted from the SMILES by the distilled Mamba model
feat_4316,float,,Chemical Dice embedding dimension 4316 of 8192 predicted from the SMILES by the distilled Mamba model
feat_4317,float,,Chemical Dice embedding dimension 4317 of 8192 predicted from the SMILES by the distilled Mamba model
feat_4318,float,,Chemical Dice embedding dimension 4318 of 8192 predicted from the SMILES by the distilled Mamba model
feat_4319,float,,Chemical Dice embedding dimension 4319 of 8192 predicted from the SMILES by the distilled Mamba model
feat_4320,float,,Chemical Dice embedding dimension 4320 of 8192 predicted from the SMILES by the distilled Mamba model
feat_4321,float,,Chemical Dice embedding dimension 4321 of 8192 predicted from the SMILES by the distilled Mamba model
feat_4322,float,,Chemical Dice embedding dimension 4322 of 8192 predicted from the SMILES by the distilled Mamba model
feat_4323,float,,Chemical Dice embedding dimension 4323 of 8192 predicted from the SMILES by the distilled Mamba model
feat_4324,float,,Chemical Dice embedding dimension 4324 of 8192 predicted from the SMILES by the distilled Mamba model
feat_4325,float,,Chemical Dice embedding dimension 4325 of 8192 predicted from the SMILES by the distilled Mamba model
feat_4326,float,,Chemical Dice embedding dimension 4326 of 8192 predicted from the SMILES by the distilled Mamba model
feat_4327,float,,Chemical Dice embedding dimension 4327 of 8192 predicted from the SMILES by the distilled Mamba model
feat_4328,float,,Chemical Dice embedding dimension 4328 of 8192 predicted from the SMILES by the distilled Mamba model
feat_4329,float,,Chemical Dice embedding dimension 4329 of 8192 predicted from the SMILES by the distilled Mamba model
feat_4330,float,,Chemical Dice embedding dimension 4330 of 8192 predicted from the SMILES by the distilled Mamba model
feat_4331,float,,Chemical Dice embedding dimension 4331 of 8192 predicted from the SMILES by the distilled Mamba model
feat_4332,float,,Chemical Dice embedding dimension 4332 of 8192 predicted from the SMILES by the distilled Mamba model
feat_4333,float,,Chemical Dice embedding dimension 4333 of 8192 predicted from the SMILES by the distilled Mamba model
feat_4334,float,,Chemical Dice embedding dimension 4334 of 8192 predicted from the SMILES by the distilled Mamba model
feat_4335,float,,Chemical Dice embedding dimension 4335 of 8192 predicted from the SMILES by the distilled Mamba model
feat_4336,float,,Chemical Dice embedding dimension 4336 of 8192 predicted from the SMILES by the distilled Mamba model
feat_4337,float,,Chemical Dice embedding dimension 4337 of 8192 predicted from the SMILES by the distilled Mamba model
feat_4338,float,,Chemical Dice embedding dimension 4338 of 8192 predicted from the SMILES by the distilled Mamba model
feat_4339,float,,Chemical Dice embedding dimension 4339 of 8192 predicted from the SMILES by the distilled Mamba model
feat_4340,float,,Chemical Dice embedding dimension 4340 of 8192 predicted from the SMILES by the distilled Mamba model
feat_4341,float,,Chemical Dice embedding dimension 4341 of 8192 predicted from the SMILES by the distilled Mamba model
feat_4342,float,,Chemical Dice embedding dimension 4342 of 8192 predicted from the SMILES by the distilled Mamba model
feat_4343,float,,Chemical Dice embedding dimension 4343 of 8192 predicted from the SMILES by the distilled Mamba model
feat_4344,float,,Chemical Dice embedding dimension 4344 of 8192 predicted from the SMILES by the distilled Mamba model
feat_4345,float,,Chemical Dice embedding dimension 4345 of 8192 predicted from the SMILES by the distilled Mamba model
feat_4346,float,,Chemical Dice embedding dimension 4346 of 8192 predicted from the SMILES by the distilled Mamba model
feat_4347,float,,Chemical Dice embedding dimension 4347 of 8192 predicted from the SMILES by the distilled Mamba model
feat_4348,float,,Chemical Dice embedding dimension 4348 of 8192 predicted from the SMILES by the distilled Mamba model
feat_4349,float,,Chemical Dice embedding dimension 4349 of 8192 predicted from the SMILES by the distilled Mamba model
feat_4350,float,,Chemical Dice embedding dimension 4350 of 8192 predicted from the SMILES by the distilled Mamba model
feat_4351,float,,Chemical Dice embedding dimension 4351 of 8192 predicted from the SMILES by the distilled Mamba model
feat_4352,float,,Chemical Dice embedding dimension 4352 of 8192 predicted from the SMILES by the distilled Mamba model
feat_4353,float,,Chemical Dice embedding dimension 4353 of 8192 predicted from the SMILES by the distilled Mamba model
feat_4354,float,,Chemical Dice embedding dimension 4354 of 8192 predicted from the SMILES by the distilled Mamba model
feat_4355,float,,Chemical Dice embedding dimension 4355 of 8192 predicted from the SMILES by the distilled Mamba model
feat_4356,float,,Chemical Dice embedding dimension 4356 of 8192 predicted from the SMILES by the distilled Mamba model
feat_4357,float,,Chemical Dice embedding dimension 4357 of 8192 predicted from the SMILES by the distilled Mamba model
feat_4358,float,,Chemical Dice embedding dimension 4358 of 8192 predicted from the SMILES by the distilled Mamba model
feat_4359,float,,Chemical Dice embedding dimension 4359 of 8192 predicted from the SMILES by the distilled Mamba model
feat_4360,float,,Chemical Dice embedding dimension 4360 of 8192 predicted from the SMILES by the distilled Mamba model
feat_4361,float,,Chemical Dice embedding dimension 4361 of 8192 predicted from the SMILES by the distilled Mamba model
feat_4362,float,,Chemical Dice embedding dimension 4362 of 8192 predicted from the SMILES by the distilled Mamba model
feat_4363,float,,Chemical Dice embedding dimension 4363 of 8192 predicted from the SMILES by the distilled Mamba model
feat_4364,float,,Chemical Dice embedding dimension 4364 of 8192 predicted from the SMILES by the distilled Mamba model
feat_4365,float,,Chemical Dice embedding dimension 4365 of 8192 predicted from the SMILES by the distilled Mamba model
feat_4366,float,,Chemical Dice embedding dimension 4366 of 8192 predicted from the SMILES by the distilled Mamba model
feat_4367,float,,Chemical Dice embedding dimension 4367 of 8192 predicted from the SMILES by the distilled Mamba model
feat_4368,float,,Chemical Dice embedding dimension 4368 of 8192 predicted from the SMILES by the distilled Mamba model
feat_4369,float,,Chemical Dice embedding dimension 4369 of 8192 predicted from the SMILES by the distilled Mamba model
feat_4370,float,,Chemical Dice embedding dimension 4370 of 8192 predicted from the SMILES by the distilled Mamba model
feat_4371,float,,Chemical Dice embedding dimension 4371 of 8192 predicted from the SMILES by the distilled Mamba model
feat_4372,float,,Chemical Dice embedding dimension 4372 of 8192 predicted from the SMILES by the distilled Mamba model
feat_4373,float,,Chemical Dice embedding dimension 4373 of 8192 predicted from the SMILES by the distilled Mamba model
feat_4374,float,,Chemical Dice embedding dimension 4374 of 8192 predicted from the SMILES by the distilled Mamba model
feat_4375,float,,Chemical Dice embedding dimension 4375 of 8192 predicted from the SMILES by the distilled Mamba model
feat_4376,float,,Chemical Dice embedding dimension 4376 of 8192 predicted from the SMILES by the distilled Mamba model
feat_4377,float,,Chemical Dice embedding dimension 4377 of 8192 predicted from the SMILES by the distilled Mamba model
feat_4378,float,,Chemical Dice embedding dimension 4378 of 8192 predicted from the SMILES by the distilled Mamba model
feat_4379,float,,Chemical Dice embedding dimension 4379 of 8192 predicted from the SMILES by the distilled Mamba model
feat_4380,float,,Chemical Dice embedding dimension 4380 of 8192 predicted from the SMILES by the distilled Mamba model
feat_4381,float,,Chemical Dice embedding dimension 4381 of 8192 predicted from the SMILES by the distilled Mamba model
feat_4382,float,,Chemical Dice embedding dimension 4382 of 8192 predicted from the SMILES by the distilled Mamba model
feat_4383,float,,Chemical Dice embedding dimension 4383 of 8192 predicted from the SMILES by the distilled Mamba model
feat_4384,float,,Chemical Dice embedding dimension 4384 of 8192 predicted from the SMILES by the distilled Mamba model
feat_4385,float,,Chemical Dice embedding dimension 4385 of 8192 predicted from the SMILES by the distilled Mamba model
feat_4386,float,,Chemical Dice embedding dimension 4386 of 8192 predicted from the SMILES by the distilled Mamba model
feat_4387,float,,Chemical Dice embedding dimension 4387 of 8192 predicted from the SMILES by the distilled Mamba model
feat_4388,float,,Chemical Dice embedding dimension 4388 of 8192 predicted from the SMILES by the distilled Mamba model
feat_4389,float,,Chemical Dice embedding dimension 4389 of 8192 predicted from the SMILES by the distilled Mamba model
feat_4390,float,,Chemical Dice embedding dimension 4390 of 8192 predicted from the SMILES by the distilled Mamba model
feat_4391,float,,Chemical Dice embedding dimension 4391 of 8192 predicted from the SMILES by the distilled Mamba model
feat_4392,float,,Chemical Dice embedding dimension 4392 of 8192 predicted from the SMILES by the distilled Mamba model
feat_4393,float,,Chemical Dice embedding dimension 4393 of 8192 predicted from the SMILES by the distilled Mamba model
feat_4394,float,,Chemical Dice embedding dimension 4394 of 8192 predicted from the SMILES by the distilled Mamba model
feat_4395,float,,Chemical Dice embedding dimension 4395 of 8192 predicted from the SMILES by the distilled Mamba model
feat_4396,float,,Chemical Dice embedding dimension 4396 of 8192 predicted from the SMILES by the distilled Mamba model
feat_4397,float,,Chemical Dice embedding dimension 4397 of 8192 predicted from the SMILES by the distilled Mamba model
feat_4398,float,,Chemical Dice embedding dimension 4398 of 8192 predicted from the SMILES by the distilled Mamba model
feat_4399,float,,Chemical Dice embedding dimension 4399 of 8192 predicted from the SMILES by the distilled Mamba model
feat_4400,float,,Chemical Dice embedding dimension 4400 of 8192 predicted from the SMILES by the distilled Mamba model
feat_4401,float,,Chemical Dice embedding dimension 4401 of 8192 predicted from the SMILES by the distilled Mamba model
feat_4402,float,,Chemical Dice embedding dimension 4402 of 8192 predicted from the SMILES by the distilled Mamba model
feat_4403,float,,Chemical Dice embedding dimension 4403 of 8192 predicted from the SMILES by the distilled Mamba model
feat_4404,float,,Chemical Dice embedding dimension 4404 of 8192 predicted from the SMILES by the distilled Mamba model
feat_4405,float,,Chemical Dice embedding dimension 4405 of 8192 predicted from the SMILES by the distilled Mamba model
feat_4406,float,,Chemical Dice embedding dimension 4406 of 8192 predicted from the SMILES by the distilled Mamba model
feat_4407,float,,Chemical Dice embedding dimension 4407 of 8192 predicted from the SMILES by the distilled Mamba model
feat_4408,float,,Chemical Dice embedding dimension 4408 of 8192 predicted from the SMILES by the distilled Mamba model
feat_4409,float,,Chemical Dice embedding dimension 4409 of 8192 predicted from the SMILES by the distilled Mamba model
feat_4410,float,,Chemical Dice embedding dimension 4410 of 8192 predicted from the SMILES by the distilled Mamba model
feat_4411,float,,Chemical Dice embedding dimension 4411 of 8192 predicted from the SMILES by the distilled Mamba model
feat_4412,float,,Chemical Dice embedding dimension 4412 of 8192 predicted from the SMILES by the distilled Mamba model
feat_4413,float,,Chemical Dice embedding dimension 4413 of 8192 predicted from the SMILES by the distilled Mamba model
feat_4414,float,,Chemical Dice embedding dimension 4414 of 8192 predicted from the SMILES by the distilled Mamba model
feat_4415,float,,Chemical Dice embedding dimension 4415 of 8192 predicted from the SMILES by the distilled Mamba model
feat_4416,float,,Chemical Dice embedding dimension 4416 of 8192 predicted from the SMILES by the distilled Mamba model
feat_4417,float,,Chemical Dice embedding dimension 4417 of 8192 predicted from the SMILES by the distilled Mamba model
feat_4418,float,,Chemical Dice embedding dimension 4418 of 8192 predicted from the SMILES by the distilled Mamba model
feat_4419,float,,Chemical Dice embedding dimension 4419 of 8192 predicted from the SMILES by the distilled Mamba model
feat_4420,float,,Chemical Dice embedding dimension 4420 of 8192 predicted from the SMILES by the distilled Mamba model
feat_4421,float,,Chemical Dice embedding dimension 4421 of 8192 predicted from the SMILES by the distilled Mamba model
feat_4422,float,,Chemical Dice embedding dimension 4422 of 8192 predicted from the SMILES by the distilled Mamba model
feat_4423,float,,Chemical Dice embedding dimension 4423 of 8192 predicted from the SMILES by the distilled Mamba model
feat_4424,float,,Chemical Dice embedding dimension 4424 of 8192 predicted from the SMILES by the distilled Mamba model
feat_4425,float,,Chemical Dice embedding dimension 4425 of 8192 predicted from the SMILES by the distilled Mamba model
feat_4426,float,,Chemical Dice embedding dimension 4426 of 8192 predicted from the SMILES by the distilled Mamba model
feat_4427,float,,Chemical Dice embedding dimension 4427 of 8192 predicted from the SMILES by the distilled Mamba model
feat_4428,float,,Chemical Dice embedding dimension 4428 of 8192 predicted from the SMILES by the distilled Mamba model
feat_4429,float,,Chemical Dice embedding dimension 4429 of 8192 predicted from the SMILES by the distilled Mamba model
feat_4430,float,,Chemical Dice embedding dimension 4430 of 8192 predicted from the SMILES by the distilled Mamba model
feat_4431,float,,Chemical Dice embedding dimension 4431 of 8192 predicted from the SMILES by the distilled Mamba model
feat_4432,float,,Chemical Dice embedding dimension 4432 of 8192 predicted from the SMILES by the distilled Mamba model
feat_4433,float,,Chemical Dice embedding dimension 4433 of 8192 predicted from the SMILES by the distilled Mamba model
feat_4434,float,,Chemical Dice embedding dimension 4434 of 8192 predicted from the SMILES by the distilled Mamba model
feat_4435,float,,Chemical Dice embedding dimension 4435 of 8192 predicted from the SMILES by the distilled Mamba model
feat_4436,float,,Chemical Dice embedding dimension 4436 of 8192 predicted from the SMILES by the distilled Mamba model
feat_4437,float,,Chemical Dice embedding dimension 4437 of 8192 predicted from the SMILES by the distilled Mamba model
feat_4438,float,,Chemical Dice embedding dimension 4438 of 8192 predicted from the SMILES by the distilled Mamba model
feat_4439,float,,Chemical Dice embedding dimension 4439 of 8192 predicted from the SMILES by the distilled Mamba model
feat_4440,float,,Chemical Dice embedding dimension 4440 of 8192 predicted from the SMILES by the distilled Mamba model
feat_4441,float,,Chemical Dice embedding dimension 4441 of 8192 predicted from the SMILES by the distilled Mamba model
feat_4442,float,,Chemical Dice embedding dimension 4442 of 8192 predicted from the SMILES by the distilled Mamba model
feat_4443,float,,Chemical Dice embedding dimension 4443 of 8192 predicted from the SMILES by the distilled Mamba model
feat_4444,float,,Chemical Dice embedding dimension 4444 of 8192 predicted from the SMILES by the distilled Mamba model
feat_4445,float,,Chemical Dice embedding dimension 4445 of 8192 predicted from the SMILES by the distilled Mamba model
feat_4446,float,,Chemical Dice embedding dimension 4446 of 8192 predicted from the SMILES by the distilled Mamba model
feat_4447,float,,Chemical Dice embedding dimension 4447 of 8192 predicted from the SMILES by the distilled Mamba model
feat_4448,float,,Chemical Dice embedding dimension 4448 of 8192 predicted from the SMILES by the distilled Mamba model
feat_4449,float,,Chemical Dice embedding dimension 4449 of 8192 predicted from the SMILES by the distilled Mamba model
feat_4450,float,,Chemical Dice embedding dimension 4450 of 8192 predicted from the SMILES by the distilled Mamba model
feat_4451,float,,Chemical Dice embedding dimension 4451 of 8192 predicted from the SMILES by the distilled Mamba model
feat_4452,float,,Chemical Dice embedding dimension 4452 of 8192 predicted from the SMILES by the distilled Mamba model
feat_4453,float,,Chemical Dice embedding dimension 4453 of 8192 predicted from the SMILES by the distilled Mamba model
feat_4454,float,,Chemical Dice embedding dimension 4454 of 8192 predicted from the SMILES by the distilled Mamba model
feat_4455,float,,Chemical Dice embedding dimension 4455 of 8192 predicted from the SMILES by the distilled Mamba model
feat_4456,float,,Chemical Dice embedding dimension 4456 of 8192 predicted from the SMILES by the distilled Mamba model
feat_4457,float,,Chemical Dice embedding dimension 4457 of 8192 predicted from the SMILES by the distilled Mamba model
feat_4458,float,,Chemical Dice embedding dimension 4458 of 8192 predicted from the SMILES by the distilled Mamba model
feat_4459,float,,Chemical Dice embedding dimension 4459 of 8192 predicted from the SMILES by the distilled Mamba model
feat_4460,float,,Chemical Dice embedding dimension 4460 of 8192 predicted from the SMILES by the distilled Mamba model
feat_4461,float,,Chemical Dice embedding dimension 4461 of 8192 predicted from the SMILES by the distilled Mamba model
feat_4462,float,,Chemical Dice embedding dimension 4462 of 8192 predicted from the SMILES by the distilled Mamba model
feat_4463,float,,Chemical Dice embedding dimension 4463 of 8192 predicted from the SMILES by the distilled Mamba model
feat_4464,float,,Chemical Dice embedding dimension 4464 of 8192 predicted from the SMILES by the distilled Mamba model
feat_4465,float,,Chemical Dice embedding dimension 4465 of 8192 predicted from the SMILES by the distilled Mamba model
feat_4466,float,,Chemical Dice embedding dimension 4466 of 8192 predicted from the SMILES by the distilled Mamba model
feat_4467,float,,Chemical Dice embedding dimension 4467 of 8192 predicted from the SMILES by the distilled Mamba model
feat_4468,float,,Chemical Dice embedding dimension 4468 of 8192 predicted from the SMILES by the distilled Mamba model
feat_4469,float,,Chemical Dice embedding dimension 4469 of 8192 predicted from the SMILES by the distilled Mamba model
feat_4470,float,,Chemical Dice embedding dimension 4470 of 8192 predicted from the SMILES by the distilled Mamba model
feat_4471,float,,Chemical Dice embedding dimension 4471 of 8192 predicted from the SMILES by the distilled Mamba model
feat_4472,float,,Chemical Dice embedding dimension 4472 of 8192 predicted from the SMILES by the distilled Mamba model
feat_4473,float,,Chemical Dice embedding dimension 4473 of 8192 predicted from the SMILES by the distilled Mamba model
feat_4474,float,,Chemical Dice embedding dimension 4474 of 8192 predicted from the SMILES by the distilled Mamba model
feat_4475,float,,Chemical Dice embedding dimension 4475 of 8192 predicted from the SMILES by the distilled Mamba model
feat_4476,float,,Chemical Dice embedding dimension 4476 of 8192 predicted from the SMILES by the distilled Mamba model
feat_4477,float,,Chemical Dice embedding dimension 4477 of 8192 predicted from the SMILES by the distilled Mamba model
feat_4478,float,,Chemical Dice embedding dimension 4478 of 8192 predicted from the SMILES by the distilled Mamba model
feat_4479,float,,Chemical Dice embedding dimension 4479 of 8192 predicted from the SMILES by the distilled Mamba model
feat_4480,float,,Chemical Dice embedding dimension 4480 of 8192 predicted from the SMILES by the distilled Mamba model
feat_4481,float,,Chemical Dice embedding dimension 4481 of 8192 predicted from the SMILES by the distilled Mamba model
feat_4482,float,,Chemical Dice embedding dimension 4482 of 8192 predicted from the SMILES by the distilled Mamba model
feat_4483,float,,Chemical Dice embedding dimension 4483 of 8192 predicted from the SMILES by the distilled Mamba model
feat_4484,float,,Chemical Dice embedding dimension 4484 of 8192 predicted from the SMILES by the distilled Mamba model
feat_4485,float,,Chemical Dice embedding dimension 4485 of 8192 predicted from the SMILES by the distilled Mamba model
feat_4486,float,,Chemical Dice embedding dimension 4486 of 8192 predicted from the SMILES by the distilled Mamba model
feat_4487,float,,Chemical Dice embedding dimension 4487 of 8192 predicted from the SMILES by the distilled Mamba model
feat_4488,float,,Chemical Dice embedding dimension 4488 of 8192 predicted from the SMILES by the distilled Mamba model
feat_4489,float,,Chemical Dice embedding dimension 4489 of 8192 predicted from the SMILES by the distilled Mamba model
feat_4490,float,,Chemical Dice embedding dimension 4490 of 8192 predicted from the SMILES by the distilled Mamba model
feat_4491,float,,Chemical Dice embedding dimension 4491 of 8192 predicted from the SMILES by the distilled Mamba model
feat_4492,float,,Chemical Dice embedding dimension 4492 of 8192 predicted from the SMILES by the distilled Mamba model
feat_4493,float,,Chemical Dice embedding dimension 4493 of 8192 predicted from the SMILES by the distilled Mamba model
feat_4494,float,,Chemical Dice embedding dimension 4494 of 8192 predicted from the SMILES by the distilled Mamba model
feat_4495,float,,Chemical Dice embedding dimension 4495 of 8192 predicted from the SMILES by the distilled Mamba model
feat_4496,float,,Chemical Dice embedding dimension 4496 of 8192 predicted from the SMILES by the distilled Mamba model
feat_4497,float,,Chemical Dice embedding dimension 4497 of 8192 predicted from the SMILES by the distilled Mamba model
feat_4498,float,,Chemical Dice embedding dimension 4498 of 8192 predicted from the SMILES by the distilled Mamba model
feat_4499,float,,Chemical Dice embedding dimension 4499 of 8192 predicted from the SMILES by the distilled Mamba model
feat_4500,float,,Chemical Dice embedding dimension 4500 of 8192 predicted from the SMILES by the distilled Mamba model
feat_4501,float,,Chemical Dice embedding dimension 4501 of 8192 predicted from the SMILES by the distilled Mamba model
feat_4502,float,,Chemical Dice embedding dimension 4502 of 8192 predicted from the SMILES by the distilled Mamba model
feat_4503,float,,Chemical Dice embedding dimension 4503 of 8192 predicted from the SMILES by the distilled Mamba model
feat_4504,float,,Chemical Dice embedding dimension 4504 of 8192 predicted from the SMILES by the distilled Mamba model
feat_4505,float,,Chemical Dice embedding dimension 4505 of 8192 predicted from the SMILES by the distilled Mamba model
feat_4506,float,,Chemical Dice embedding dimension 4506 of 8192 predicted from the SMILES by the distilled Mamba model
feat_4507,float,,Chemical Dice embedding dimension 4507 of 8192 predicted from the SMILES by the distilled Mamba model
feat_4508,float,,Chemical Dice embedding dimension 4508 of 8192 predicted from the SMILES by the distilled Mamba model
feat_4509,float,,Chemical Dice embedding dimension 4509 of 8192 predicted from the SMILES by the distilled Mamba model
feat_4510,float,,Chemical Dice embedding dimension 4510 of 8192 predicted from the SMILES by the distilled Mamba model
feat_4511,float,,Chemical Dice embedding dimension 4511 of 8192 predicted from the SMILES by the distilled Mamba model
feat_4512,float,,Chemical Dice embedding dimension 4512 of 8192 predicted from the SMILES by the distilled Mamba model
feat_4513,float,,Chemical Dice embedding dimension 4513 of 8192 predicted from the SMILES by the distilled Mamba model
feat_4514,float,,Chemical Dice embedding dimension 4514 of 8192 predicted from the SMILES by the distilled Mamba model
feat_4515,float,,Chemical Dice embedding dimension 4515 of 8192 predicted from the SMILES by the distilled Mamba model
feat_4516,float,,Chemical Dice embedding dimension 4516 of 8192 predicted from the SMILES by the distilled Mamba model
feat_4517,float,,Chemical Dice embedding dimension 4517 of 8192 predicted from the SMILES by the distilled Mamba model
feat_4518,float,,Chemical Dice embedding dimension 4518 of 8192 predicted from the SMILES by the distilled Mamba model
feat_4519,float,,Chemical Dice embedding dimension 4519 of 8192 predicted from the SMILES by the distilled Mamba model
feat_4520,float,,Chemical Dice embedding dimension 4520 of 8192 predicted from the SMILES by the distilled Mamba model
feat_4521,float,,Chemical Dice embedding dimension 4521 of 8192 predicted from the SMILES by the distilled Mamba model
feat_4522,float,,Chemical Dice embedding dimension 4522 of 8192 predicted from the SMILES by the distilled Mamba model
feat_4523,float,,Chemical Dice embedding dimension 4523 of 8192 predicted from the SMILES by the distilled Mamba model
feat_4524,float,,Chemical Dice embedding dimension 4524 of 8192 predicted from the SMILES by the distilled Mamba model
feat_4525,float,,Chemical Dice embedding dimension 4525 of 8192 predicted from the SMILES by the distilled Mamba model
feat_4526,float,,Chemical Dice embedding dimension 4526 of 8192 predicted from the SMILES by the distilled Mamba model
feat_4527,float,,Chemical Dice embedding dimension 4527 of 8192 predicted from the SMILES by the distilled Mamba model
feat_4528,float,,Chemical Dice embedding dimension 4528 of 8192 predicted from the SMILES by the distilled Mamba model
feat_4529,float,,Chemical Dice embedding dimension 4529 of 8192 predicted from the SMILES by the distilled Mamba model
feat_4530,float,,Chemical Dice embedding dimension 4530 of 8192 predicted from the SMILES by the distilled Mamba model
feat_4531,float,,Chemical Dice embedding dimension 4531 of 8192 predicted from the SMILES by the distilled Mamba model
feat_4532,float,,Chemical Dice embedding dimension 4532 of 8192 predicted from the SMILES by the distilled Mamba model
feat_4533,float,,Chemical Dice embedding dimension 4533 of 8192 predicted from the SMILES by the distilled Mamba model
feat_4534,float,,Chemical Dice embedding dimension 4534 of 8192 predicted from the SMILES by the distilled Mamba model
feat_4535,float,,Chemical Dice embedding dimension 4535 of 8192 predicted from the SMILES by the distilled Mamba model
feat_4536,float,,Chemical Dice embedding dimension 4536 of 8192 predicted from the SMILES by the distilled Mamba model
feat_4537,float,,Chemical Dice embedding dimension 4537 of 8192 predicted from the SMILES by the distilled Mamba model
feat_4538,float,,Chemical Dice embedding dimension 4538 of 8192 predicted from the SMILES by the distilled Mamba model
feat_4539,float,,Chemical Dice embedding dimension 4539 of 8192 predicted from the SMILES by the distilled Mamba model
feat_4540,float,,Chemical Dice embedding dimension 4540 of 8192 predicted from the SMILES by the distilled Mamba model
feat_4541,float,,Chemical Dice embedding dimension 4541 of 8192 predicted from the SMILES by the distilled Mamba model
feat_4542,float,,Chemical Dice embedding dimension 4542 of 8192 predicted from the SMILES by the distilled Mamba model
feat_4543,float,,Chemical Dice embedding dimension 4543 of 8192 predicted from the SMILES by the distilled Mamba model
feat_4544,float,,Chemical Dice embedding dimension 4544 of 8192 predicted from the SMILES by the distilled Mamba model
feat_4545,float,,Chemical Dice embedding dimension 4545 of 8192 predicted from the SMILES by the distilled Mamba model
feat_4546,float,,Chemical Dice embedding dimension 4546 of 8192 predicted from the SMILES by the distilled Mamba model
feat_4547,float,,Chemical Dice embedding dimension 4547 of 8192 predicted from the SMILES by the distilled Mamba model
feat_4548,float,,Chemical Dice embedding dimension 4548 of 8192 predicted from the SMILES by the distilled Mamba model
feat_4549,float,,Chemical Dice embedding dimension 4549 of 8192 predicted from the SMILES by the distilled Mamba model
feat_4550,float,,Chemical Dice embedding dimension 4550 of 8192 predicted from the SMILES by the distilled Mamba model
feat_4551,float,,Chemical Dice embedding dimension 4551 of 8192 predicted from the SMILES by the distilled Mamba model
feat_4552,float,,Chemical Dice embedding dimension 4552 of 8192 predicted from the SMILES by the distilled Mamba model
feat_4553,float,,Chemical Dice embedding dimension 4553 of 8192 predicted from the SMILES by the distilled Mamba model
feat_4554,float,,Chemical Dice embedding dimension 4554 of 8192 predicted from the SMILES by the distilled Mamba model
feat_4555,float,,Chemical Dice embedding dimension 4555 of 8192 predicted from the SMILES by the distilled Mamba model
feat_4556,float,,Chemical Dice embedding dimension 4556 of 8192 predicted from the SMILES by the distilled Mamba model
feat_4557,float,,Chemical Dice embedding dimension 4557 of 8192 predicted from the SMILES by the distilled Mamba model
feat_4558,float,,Chemical Dice embedding dimension 4558 of 8192 predicted from the SMILES by the distilled Mamba model
feat_4559,float,,Chemical Dice embedding dimension 4559 of 8192 predicted from the SMILES by the distilled Mamba model
feat_4560,float,,Chemical Dice embedding dimension 4560 of 8192 predicted from the SMILES by the distilled Mamba model
feat_4561,float,,Chemical Dice embedding dimension 4561 of 8192 predicted from the SMILES by the distilled Mamba model
feat_4562,float,,Chemical Dice embedding dimension 4562 of 8192 predicted from the SMILES by the distilled Mamba model
feat_4563,float,,Chemical Dice embedding dimension 4563 of 8192 predicted from the SMILES by the distilled Mamba model
feat_4564,float,,Chemical Dice embedding dimension 4564 of 8192 predicted from the SMILES by the distilled Mamba model
feat_4565,float,,Chemical Dice embedding dimension 4565 of 8192 predicted from the SMILES by the distilled Mamba model
feat_4566,float,,Chemical Dice embedding dimension 4566 of 8192 predicted from the SMILES by the distilled Mamba model
feat_4567,float,,Chemical Dice embedding dimension 4567 of 8192 predicted from the SMILES by the distilled Mamba model
feat_4568,float,,Chemical Dice embedding dimension 4568 of 8192 predicted from the SMILES by the distilled Mamba model
feat_4569,float,,Chemical Dice embedding dimension 4569 of 8192 predicted from the SMILES by the distilled Mamba model
feat_4570,float,,Chemical Dice embedding dimension 4570 of 8192 predicted from the SMILES by the distilled Mamba model
feat_4571,float,,Chemical Dice embedding dimension 4571 of 8192 predicted from the SMILES by the distilled Mamba model
feat_4572,float,,Chemical Dice embedding dimension 4572 of 8192 predicted from the SMILES by the distilled Mamba model
feat_4573,float,,Chemical Dice embedding dimension 4573 of 8192 predicted from the SMILES by the distilled Mamba model
feat_4574,float,,Chemical Dice embedding dimension 4574 of 8192 predicted from the SMILES by the distilled Mamba model
feat_4575,float,,Chemical Dice embedding dimension 4575 of 8192 predicted from the SMILES by the distilled Mamba model
feat_4576,float,,Chemical Dice embedding dimension 4576 of 8192 predicted from the SMILES by the distilled Mamba model
feat_4577,float,,Chemical Dice embedding dimension 4577 of 8192 predicted from the SMILES by the distilled Mamba model
feat_4578,float,,Chemical Dice embedding dimension 4578 of 8192 predicted from the SMILES by the distilled Mamba model
feat_4579,float,,Chemical Dice embedding dimension 4579 of 8192 predicted from the SMILES by the distilled Mamba model
feat_4580,float,,Chemical Dice embedding dimension 4580 of 8192 predicted from the SMILES by the distilled Mamba model
feat_4581,float,,Chemical Dice embedding dimension 4581 of 8192 predicted from the SMILES by the distilled Mamba model
feat_4582,float,,Chemical Dice embedding dimension 4582 of 8192 predicted from the SMILES by the distilled Mamba model
feat_4583,float,,Chemical Dice embedding dimension 4583 of 8192 predicted from the SMILES by the distilled Mamba model
feat_4584,float,,Chemical Dice embedding dimension 4584 of 8192 predicted from the SMILES by the distilled Mamba model
feat_4585,float,,Chemical Dice embedding dimension 4585 of 8192 predicted from the SMILES by the distilled Mamba model
feat_4586,float,,Chemical Dice embedding dimension 4586 of 8192 predicted from the SMILES by the distilled Mamba model
feat_4587,float,,Chemical Dice embedding dimension 4587 of 8192 predicted from the SMILES by the distilled Mamba model
feat_4588,float,,Chemical Dice embedding dimension 4588 of 8192 predicted from the SMILES by the distilled Mamba model
feat_4589,float,,Chemical Dice embedding dimension 4589 of 8192 predicted from the SMILES by the distilled Mamba model
feat_4590,float,,Chemical Dice embedding dimension 4590 of 8192 predicted from the SMILES by the distilled Mamba model
feat_4591,float,,Chemical Dice embedding dimension 4591 of 8192 predicted from the SMILES by the distilled Mamba model
feat_4592,float,,Chemical Dice embedding dimension 4592 of 8192 predicted from the SMILES by the distilled Mamba model
feat_4593,float,,Chemical Dice embedding dimension 4593 of 8192 predicted from the SMILES by the distilled Mamba model
feat_4594,float,,Chemical Dice embedding dimension 4594 of 8192 predicted from the SMILES by the distilled Mamba model
feat_4595,float,,Chemical Dice embedding dimension 4595 of 8192 predicted from the SMILES by the distilled Mamba model
feat_4596,float,,Chemical Dice embedding dimension 4596 of 8192 predicted from the SMILES by the distilled Mamba model
feat_4597,float,,Chemical Dice embedding dimension 4597 of 8192 predicted from the SMILES by the distilled Mamba model
feat_4598,float,,Chemical Dice embedding dimension 4598 of 8192 predicted from the SMILES by the distilled Mamba model
feat_4599,float,,Chemical Dice embedding dimension 4599 of 8192 predicted from the SMILES by the distilled Mamba model
feat_4600,float,,Chemical Dice embedding dimension 4600 of 8192 predicted from the SMILES by the distilled Mamba model
feat_4601,float,,Chemical Dice embedding dimension 4601 of 8192 predicted from the SMILES by the distilled Mamba model
feat_4602,float,,Chemical Dice embedding dimension 4602 of 8192 predicted from the SMILES by the distilled Mamba model
feat_4603,float,,Chemical Dice embedding dimension 4603 of 8192 predicted from the SMILES by the distilled Mamba model
feat_4604,float,,Chemical Dice embedding dimension 4604 of 8192 predicted from the SMILES by the distilled Mamba model
feat_4605,float,,Chemical Dice embedding dimension 4605 of 8192 predicted from the SMILES by the distilled Mamba model
feat_4606,float,,Chemical Dice embedding dimension 4606 of 8192 predicted from the SMILES by the distilled Mamba model
feat_4607,float,,Chemical Dice embedding dimension 4607 of 8192 predicted from the SMILES by the distilled Mamba model
feat_4608,float,,Chemical Dice embedding dimension 4608 of 8192 predicted from the SMILES by the distilled Mamba model
feat_4609,float,,Chemical Dice embedding dimension 4609 of 8192 predicted from the SMILES by the distilled Mamba model
feat_4610,float,,Chemical Dice embedding dimension 4610 of 8192 predicted from the SMILES by the distilled Mamba model
feat_4611,float,,Chemical Dice embedding dimension 4611 of 8192 predicted from the SMILES by the distilled Mamba model
feat_4612,float,,Chemical Dice embedding dimension 4612 of 8192 predicted from the SMILES by the distilled Mamba model
feat_4613,float,,Chemical Dice embedding dimension 4613 of 8192 predicted from the SMILES by the distilled Mamba model
feat_4614,float,,Chemical Dice embedding dimension 4614 of 8192 predicted from the SMILES by the distilled Mamba model
feat_4615,float,,Chemical Dice embedding dimension 4615 of 8192 predicted from the SMILES by the distilled Mamba model
feat_4616,float,,Chemical Dice embedding dimension 4616 of 8192 predicted from the SMILES by the distilled Mamba model
feat_4617,float,,Chemical Dice embedding dimension 4617 of 8192 predicted from the SMILES by the distilled Mamba model
feat_4618,float,,Chemical Dice embedding dimension 4618 of 8192 predicted from the SMILES by the distilled Mamba model
feat_4619,float,,Chemical Dice embedding dimension 4619 of 8192 predicted from the SMILES by the distilled Mamba model
feat_4620,float,,Chemical Dice embedding dimension 4620 of 8192 predicted from the SMILES by the distilled Mamba model
feat_4621,float,,Chemical Dice embedding dimension 4621 of 8192 predicted from the SMILES by the distilled Mamba model
feat_4622,float,,Chemical Dice embedding dimension 4622 of 8192 predicted from the SMILES by the distilled Mamba model
feat_4623,float,,Chemical Dice embedding dimension 4623 of 8192 predicted from the SMILES by the distilled Mamba model
feat_4624,float,,Chemical Dice embedding dimension 4624 of 8192 predicted from the SMILES by the distilled Mamba model
feat_4625,float,,Chemical Dice embedding dimension 4625 of 8192 predicted from the SMILES by the distilled Mamba model
feat_4626,float,,Chemical Dice embedding dimension 4626 of 8192 predicted from the SMILES by the distilled Mamba model
feat_4627,float,,Chemical Dice embedding dimension 4627 of 8192 predicted from the SMILES by the distilled Mamba model
feat_4628,float,,Chemical Dice embedding dimension 4628 of 8192 predicted from the SMILES by the distilled Mamba model
feat_4629,float,,Chemical Dice embedding dimension 4629 of 8192 predicted from the SMILES by the distilled Mamba model
feat_4630,float,,Chemical Dice embedding dimension 4630 of 8192 predicted from the SMILES by the distilled Mamba model
feat_4631,float,,Chemical Dice embedding dimension 4631 of 8192 predicted from the SMILES by the distilled Mamba model
feat_4632,float,,Chemical Dice embedding dimension 4632 of 8192 predicted from the SMILES by the distilled Mamba model
feat_4633,float,,Chemical Dice embedding dimension 4633 of 8192 predicted from the SMILES by the distilled Mamba model
feat_4634,float,,Chemical Dice embedding dimension 4634 of 8192 predicted from the SMILES by the distilled Mamba model
feat_4635,float,,Chemical Dice embedding dimension 4635 of 8192 predicted from the SMILES by the distilled Mamba model
feat_4636,float,,Chemical Dice embedding dimension 4636 of 8192 predicted from the SMILES by the distilled Mamba model
feat_4637,float,,Chemical Dice embedding dimension 4637 of 8192 predicted from the SMILES by the distilled Mamba model
feat_4638,float,,Chemical Dice embedding dimension 4638 of 8192 predicted from the SMILES by the distilled Mamba model
feat_4639,float,,Chemical Dice embedding dimension 4639 of 8192 predicted from the SMILES by the distilled Mamba model
feat_4640,float,,Chemical Dice embedding dimension 4640 of 8192 predicted from the SMILES by the distilled Mamba model
feat_4641,float,,Chemical Dice embedding dimension 4641 of 8192 predicted from the SMILES by the distilled Mamba model
feat_4642,float,,Chemical Dice embedding dimension 4642 of 8192 predicted from the SMILES by the distilled Mamba model
feat_4643,float,,Chemical Dice embedding dimension 4643 of 8192 predicted from the SMILES by the distilled Mamba model
feat_4644,float,,Chemical Dice embedding dimension 4644 of 8192 predicted from the SMILES by the distilled Mamba model
feat_4645,float,,Chemical Dice embedding dimension 4645 of 8192 predicted from the SMILES by the distilled Mamba model
feat_4646,float,,Chemical Dice embedding dimension 4646 of 8192 predicted from the SMILES by the distilled Mamba model
feat_4647,float,,Chemical Dice embedding dimension 4647 of 8192 predicted from the SMILES by the distilled Mamba model
feat_4648,float,,Chemical Dice embedding dimension 4648 of 8192 predicted from the SMILES by the distilled Mamba model
feat_4649,float,,Chemical Dice embedding dimension 4649 of 8192 predicted from the SMILES by the distilled Mamba model
feat_4650,float,,Chemical Dice embedding dimension 4650 of 8192 predicted from the SMILES by the distilled Mamba model
feat_4651,float,,Chemical Dice embedding dimension 4651 of 8192 predicted from the SMILES by the distilled Mamba model
feat_4652,float,,Chemical Dice embedding dimension 4652 of 8192 predicted from the SMILES by the distilled Mamba model
feat_4653,float,,Chemical Dice embedding dimension 4653 of 8192 predicted from the SMILES by the distilled Mamba model
feat_4654,float,,Chemical Dice embedding dimension 4654 of 8192 predicted from the SMILES by the distilled Mamba model
feat_4655,float,,Chemical Dice embedding dimension 4655 of 8192 predicted from the SMILES by the distilled Mamba model
feat_4656,float,,Chemical Dice embedding dimension 4656 of 8192 predicted from the SMILES by the distilled Mamba model
feat_4657,float,,Chemical Dice embedding dimension 4657 of 8192 predicted from the SMILES by the distilled Mamba model
feat_4658,float,,Chemical Dice embedding dimension 4658 of 8192 predicted from the SMILES by the distilled Mamba model
feat_4659,float,,Chemical Dice embedding dimension 4659 of 8192 predicted from the SMILES by the distilled Mamba model
feat_4660,float,,Chemical Dice embedding dimension 4660 of 8192 predicted from the SMILES by the distilled Mamba model
feat_4661,float,,Chemical Dice embedding dimension 4661 of 8192 predicted from the SMILES by the distilled Mamba model
feat_4662,float,,Chemical Dice embedding dimension 4662 of 8192 predicted from the SMILES by the distilled Mamba model
feat_4663,float,,Chemical Dice embedding dimension 4663 of 8192 predicted from the SMILES by the distilled Mamba model
feat_4664,float,,Chemical Dice embedding dimension 4664 of 8192 predicted from the SMILES by the distilled Mamba model
feat_4665,float,,Chemical Dice embedding dimension 4665 of 8192 predicted from the SMILES by the distilled Mamba model
feat_4666,float,,Chemical Dice embedding dimension 4666 of 8192 predicted from the SMILES by the distilled Mamba model
feat_4667,float,,Chemical Dice embedding dimension 4667 of 8192 predicted from the SMILES by the distilled Mamba model
feat_4668,float,,Chemical Dice embedding dimension 4668 of 8192 predicted from the SMILES by the distilled Mamba model
feat_4669,float,,Chemical Dice embedding dimension 4669 of 8192 predicted from the SMILES by the distilled Mamba model
feat_4670,float,,Chemical Dice embedding dimension 4670 of 8192 predicted from the SMILES by the distilled Mamba model
feat_4671,float,,Chemical Dice embedding dimension 4671 of 8192 predicted from the SMILES by the distilled Mamba model
feat_4672,float,,Chemical Dice embedding dimension 4672 of 8192 predicted from the SMILES by the distilled Mamba model
feat_4673,float,,Chemical Dice embedding dimension 4673 of 8192 predicted from the SMILES by the distilled Mamba model
feat_4674,float,,Chemical Dice embedding dimension 4674 of 8192 predicted from the SMILES by the distilled Mamba model
feat_4675,float,,Chemical Dice embedding dimension 4675 of 8192 predicted from the SMILES by the distilled Mamba model
feat_4676,float,,Chemical Dice embedding dimension 4676 of 8192 predicted from the SMILES by the distilled Mamba model
feat_4677,float,,Chemical Dice embedding dimension 4677 of 8192 predicted from the SMILES by the distilled Mamba model
feat_4678,float,,Chemical Dice embedding dimension 4678 of 8192 predicted from the SMILES by the distilled Mamba model
feat_4679,float,,Chemical Dice embedding dimension 4679 of 8192 predicted from the SMILES by the distilled Mamba model
feat_4680,float,,Chemical Dice embedding dimension 4680 of 8192 predicted from the SMILES by the distilled Mamba model
feat_4681,float,,Chemical Dice embedding dimension 4681 of 8192 predicted from the SMILES by the distilled Mamba model
feat_4682,float,,Chemical Dice embedding dimension 4682 of 8192 predicted from the SMILES by the distilled Mamba model
feat_4683,float,,Chemical Dice embedding dimension 4683 of 8192 predicted from the SMILES by the distilled Mamba model
feat_4684,float,,Chemical Dice embedding dimension 4684 of 8192 predicted from the SMILES by the distilled Mamba model
feat_4685,float,,Chemical Dice embedding dimension 4685 of 8192 predicted from the SMILES by the distilled Mamba model
feat_4686,float,,Chemical Dice embedding dimension 4686 of 8192 predicted from the SMILES by the distilled Mamba model
feat_4687,float,,Chemical Dice embedding dimension 4687 of 8192 predicted from the SMILES by the distilled Mamba model
feat_4688,float,,Chemical Dice embedding dimension 4688 of 8192 predicted from the SMILES by the distilled Mamba model
feat_4689,float,,Chemical Dice embedding dimension 4689 of 8192 predicted from the SMILES by the distilled Mamba model
feat_4690,float,,Chemical Dice embedding dimension 4690 of 8192 predicted from the SMILES by the distilled Mamba model
feat_4691,float,,Chemical Dice embedding dimension 4691 of 8192 predicted from the SMILES by the distilled Mamba model
feat_4692,float,,Chemical Dice embedding dimension 4692 of 8192 predicted from the SMILES by the distilled Mamba model
feat_4693,float,,Chemical Dice embedding dimension 4693 of 8192 predicted from the SMILES by the distilled Mamba model
feat_4694,float,,Chemical Dice embedding dimension 4694 of 8192 predicted from the SMILES by the distilled Mamba model
feat_4695,float,,Chemical Dice embedding dimension 4695 of 8192 predicted from the SMILES by the distilled Mamba model
feat_4696,float,,Chemical Dice embedding dimension 4696 of 8192 predicted from the SMILES by the distilled Mamba model
feat_4697,float,,Chemical Dice embedding dimension 4697 of 8192 predicted from the SMILES by the distilled Mamba model
feat_4698,float,,Chemical Dice embedding dimension 4698 of 8192 predicted from the SMILES by the distilled Mamba model
feat_4699,float,,Chemical Dice embedding dimension 4699 of 8192 predicted from the SMILES by the distilled Mamba model
feat_4700,float,,Chemical Dice embedding dimension 4700 of 8192 predicted from the SMILES by the distilled Mamba model
feat_4701,float,,Chemical Dice embedding dimension 4701 of 8192 predicted from the SMILES by the distilled Mamba model
feat_4702,float,,Chemical Dice embedding dimension 4702 of 8192 predicted from the SMILES by the distilled Mamba model
feat_4703,float,,Chemical Dice embedding dimension 4703 of 8192 predicted from the SMILES by the distilled Mamba model
feat_4704,float,,Chemical Dice embedding dimension 4704 of 8192 predicted from the SMILES by the distilled Mamba model
feat_4705,float,,Chemical Dice embedding dimension 4705 of 8192 predicted from the SMILES by the distilled Mamba model
feat_4706,float,,Chemical Dice embedding dimension 4706 of 8192 predicted from the SMILES by the distilled Mamba model
feat_4707,float,,Chemical Dice embedding dimension 4707 of 8192 predicted from the SMILES by the distilled Mamba model
feat_4708,float,,Chemical Dice embedding dimension 4708 of 8192 predicted from the SMILES by the distilled Mamba model
feat_4709,float,,Chemical Dice embedding dimension 4709 of 8192 predicted from the SMILES by the distilled Mamba model
feat_4710,float,,Chemical Dice embedding dimension 4710 of 8192 predicted from the SMILES by the distilled Mamba model
feat_4711,float,,Chemical Dice embedding dimension 4711 of 8192 predicted from the SMILES by the distilled Mamba model
feat_4712,float,,Chemical Dice embedding dimension 4712 of 8192 predicted from the SMILES by the distilled Mamba model
feat_4713,float,,Chemical Dice embedding dimension 4713 of 8192 predicted from the SMILES by the distilled Mamba model
feat_4714,float,,Chemical Dice embedding dimension 4714 of 8192 predicted from the SMILES by the distilled Mamba model
feat_4715,float,,Chemical Dice embedding dimension 4715 of 8192 predicted from the SMILES by the distilled Mamba model
feat_4716,float,,Chemical Dice embedding dimension 4716 of 8192 predicted from the SMILES by the distilled Mamba model
feat_4717,float,,Chemical Dice embedding dimension 4717 of 8192 predicted from the SMILES by the distilled Mamba model
feat_4718,float,,Chemical Dice embedding dimension 4718 of 8192 predicted from the SMILES by the distilled Mamba model
feat_4719,float,,Chemical Dice embedding dimension 4719 of 8192 predicted from the SMILES by the distilled Mamba model
feat_4720,float,,Chemical Dice embedding dimension 4720 of 8192 predicted from the SMILES by the distilled Mamba model
feat_4721,float,,Chemical Dice embedding dimension 4721 of 8192 predicted from the SMILES by the distilled Mamba model
feat_4722,float,,Chemical Dice embedding dimension 4722 of 8192 predicted from the SMILES by the distilled Mamba model
feat_4723,float,,Chemical Dice embedding dimension 4723 of 8192 predicted from the SMILES by the distilled Mamba model
feat_4724,float,,Chemical Dice embedding dimension 4724 of 8192 predicted from the SMILES by the distilled Mamba model
feat_4725,float,,Chemical Dice embedding dimension 4725 of 8192 predicted from the SMILES by the distilled Mamba model
feat_4726,float,,Chemical Dice embedding dimension 4726 of 8192 predicted from the SMILES by the distilled Mamba model
feat_4727,float,,Chemical Dice embedding dimension 4727 of 8192 predicted from the SMILES by the distilled Mamba model
feat_4728,float,,Chemical Dice embedding dimension 4728 of 8192 predicted from the SMILES by the distilled Mamba model
feat_4729,float,,Chemical Dice embedding dimension 4729 of 8192 predicted from the SMILES by the distilled Mamba model
feat_4730,float,,Chemical Dice embedding dimension 4730 of 8192 predicted from the SMILES by the distilled Mamba model
feat_4731,float,,Chemical Dice embedding dimension 4731 of 8192 predicted from the SMILES by the distilled Mamba model
feat_4732,float,,Chemical Dice embedding dimension 4732 of 8192 predicted from the SMILES by the distilled Mamba model
feat_4733,float,,Chemical Dice embedding dimension 4733 of 8192 predicted from the SMILES by the distilled Mamba model
feat_4734,float,,Chemical Dice embedding dimension 4734 of 8192 predicted from the SMILES by the distilled Mamba model
feat_4735,float,,Chemical Dice embedding dimension 4735 of 8192 predicted from the SMILES by the distilled Mamba model
feat_4736,float,,Chemical Dice embedding dimension 4736 of 8192 predicted from the SMILES by the distilled Mamba model
feat_4737,float,,Chemical Dice embedding dimension 4737 of 8192 predicted from the SMILES by the distilled Mamba model
feat_4738,float,,Chemical Dice embedding dimension 4738 of 8192 predicted from the SMILES by the distilled Mamba model
feat_4739,float,,Chemical Dice embedding dimension 4739 of 8192 predicted from the SMILES by the distilled Mamba model
feat_4740,float,,Chemical Dice embedding dimension 4740 of 8192 predicted from the SMILES by the distilled Mamba model
feat_4741,float,,Chemical Dice embedding dimension 4741 of 8192 predicted from the SMILES by the distilled Mamba model
feat_4742,float,,Chemical Dice embedding dimension 4742 of 8192 predicted from the SMILES by the distilled Mamba model
feat_4743,float,,Chemical Dice embedding dimension 4743 of 8192 predicted from the SMILES by the distilled Mamba model
feat_4744,float,,Chemical Dice embedding dimension 4744 of 8192 predicted from the SMILES by the distilled Mamba model
feat_4745,float,,Chemical Dice embedding dimension 4745 of 8192 predicted from the SMILES by the distilled Mamba model
feat_4746,float,,Chemical Dice embedding dimension 4746 of 8192 predicted from the SMILES by the distilled Mamba model
feat_4747,float,,Chemical Dice embedding dimension 4747 of 8192 predicted from the SMILES by the distilled Mamba model
feat_4748,float,,Chemical Dice embedding dimension 4748 of 8192 predicted from the SMILES by the distilled Mamba model
feat_4749,float,,Chemical Dice embedding dimension 4749 of 8192 predicted from the SMILES by the distilled Mamba model
feat_4750,float,,Chemical Dice embedding dimension 4750 of 8192 predicted from the SMILES by the distilled Mamba model
feat_4751,float,,Chemical Dice embedding dimension 4751 of 8192 predicted from the SMILES by the distilled Mamba model
feat_4752,float,,Chemical Dice embedding dimension 4752 of 8192 predicted from the SMILES by the distilled Mamba model
feat_4753,float,,Chemical Dice embedding dimension 4753 of 8192 predicted from the SMILES by the distilled Mamba model
feat_4754,float,,Chemical Dice embedding dimension 4754 of 8192 predicted from the SMILES by the distilled Mamba model
feat_4755,float,,Chemical Dice embedding dimension 4755 of 8192 predicted from the SMILES by the distilled Mamba model
feat_4756,float,,Chemical Dice embedding dimension 4756 of 8192 predicted from the SMILES by the distilled Mamba model
feat_4757,float,,Chemical Dice embedding dimension 4757 of 8192 predicted from the SMILES by the distilled Mamba model
feat_4758,float,,Chemical Dice embedding dimension 4758 of 8192 predicted from the SMILES by the distilled Mamba model
feat_4759,float,,Chemical Dice embedding dimension 4759 of 8192 predicted from the SMILES by the distilled Mamba model
feat_4760,float,,Chemical Dice embedding dimension 4760 of 8192 predicted from the SMILES by the distilled Mamba model
feat_4761,float,,Chemical Dice embedding dimension 4761 of 8192 predicted from the SMILES by the distilled Mamba model
feat_4762,float,,Chemical Dice embedding dimension 4762 of 8192 predicted from the SMILES by the distilled Mamba model
feat_4763,float,,Chemical Dice embedding dimension 4763 of 8192 predicted from the SMILES by the distilled Mamba model
feat_4764,float,,Chemical Dice embedding dimension 4764 of 8192 predicted from the SMILES by the distilled Mamba model
feat_4765,float,,Chemical Dice embedding dimension 4765 of 8192 predicted from the SMILES by the distilled Mamba model
feat_4766,float,,Chemical Dice embedding dimension 4766 of 8192 predicted from the SMILES by the distilled Mamba model
feat_4767,float,,Chemical Dice embedding dimension 4767 of 8192 predicted from the SMILES by the distilled Mamba model
feat_4768,float,,Chemical Dice embedding dimension 4768 of 8192 predicted from the SMILES by the distilled Mamba model
feat_4769,float,,Chemical Dice embedding dimension 4769 of 8192 predicted from the SMILES by the distilled Mamba model
feat_4770,float,,Chemical Dice embedding dimension 4770 of 8192 predicted from the SMILES by the distilled Mamba model
feat_4771,float,,Chemical Dice embedding dimension 4771 of 8192 predicted from the SMILES by the distilled Mamba model
feat_4772,float,,Chemical Dice embedding dimension 4772 of 8192 predicted from the SMILES by the distilled Mamba model
feat_4773,float,,Chemical Dice embedding dimension 4773 of 8192 predicted from the SMILES by the distilled Mamba model
feat_4774,float,,Chemical Dice embedding dimension 4774 of 8192 predicted from the SMILES by the distilled Mamba model
feat_4775,float,,Chemical Dice embedding dimension 4775 of 8192 predicted from the SMILES by the distilled Mamba model
feat_4776,float,,Chemical Dice embedding dimension 4776 of 8192 predicted from the SMILES by the distilled Mamba model
feat_4777,float,,Chemical Dice embedding dimension 4777 of 8192 predicted from the SMILES by the distilled Mamba model
feat_4778,float,,Chemical Dice embedding dimension 4778 of 8192 predicted from the SMILES by the distilled Mamba model
feat_4779,float,,Chemical Dice embedding dimension 4779 of 8192 predicted from the SMILES by the distilled Mamba model
feat_4780,float,,Chemical Dice embedding dimension 4780 of 8192 predicted from the SMILES by the distilled Mamba model
feat_4781,float,,Chemical Dice embedding dimension 4781 of 8192 predicted from the SMILES by the distilled Mamba model
feat_4782,float,,Chemical Dice embedding dimension 4782 of 8192 predicted from the SMILES by the distilled Mamba model
feat_4783,float,,Chemical Dice embedding dimension 4783 of 8192 predicted from the SMILES by the distilled Mamba model
feat_4784,float,,Chemical Dice embedding dimension 4784 of 8192 predicted from the SMILES by the distilled Mamba model
feat_4785,float,,Chemical Dice embedding dimension 4785 of 8192 predicted from the SMILES by the distilled Mamba model
feat_4786,float,,Chemical Dice embedding dimension 4786 of 8192 predicted from the SMILES by the distilled Mamba model
feat_4787,float,,Chemical Dice embedding dimension 4787 of 8192 predicted from the SMILES by the distilled Mamba model
feat_4788,float,,Chemical Dice embedding dimension 4788 of 8192 predicted from the SMILES by the distilled Mamba model
feat_4789,float,,Chemical Dice embedding dimension 4789 of 8192 predicted from the SMILES by the distilled Mamba model
feat_4790,float,,Chemical Dice embedding dimension 4790 of 8192 predicted from the SMILES by the distilled Mamba model
feat_4791,float,,Chemical Dice embedding dimension 4791 of 8192 predicted from the SMILES by the distilled Mamba model
feat_4792,float,,Chemical Dice embedding dimension 4792 of 8192 predicted from the SMILES by the distilled Mamba model
feat_4793,float,,Chemical Dice embedding dimension 4793 of 8192 predicted from the SMILES by the distilled Mamba model
feat_4794,float,,Chemical Dice embedding dimension 4794 of 8192 predicted from the SMILES by the distilled Mamba model
feat_4795,float,,Chemical Dice embedding dimension 4795 of 8192 predicted from the SMILES by the distilled Mamba model
feat_4796,float,,Chemical Dice embedding dimension 4796 of 8192 predicted from the SMILES by the distilled Mamba model
feat_4797,float,,Chemical Dice embedding dimension 4797 of 8192 predicted from the SMILES by the distilled Mamba model
feat_4798,float,,Chemical Dice embedding dimension 4798 of 8192 predicted from the SMILES by the distilled Mamba model
feat_4799,float,,Chemical Dice embedding dimension 4799 of 8192 predicted from the SMILES by the distilled Mamba model
feat_4800,float,,Chemical Dice embedding dimension 4800 of 8192 predicted from the SMILES by the distilled Mamba model
feat_4801,float,,Chemical Dice embedding dimension 4801 of 8192 predicted from the SMILES by the distilled Mamba model
feat_4802,float,,Chemical Dice embedding dimension 4802 of 8192 predicted from the SMILES by the distilled Mamba model
feat_4803,float,,Chemical Dice embedding dimension 4803 of 8192 predicted from the SMILES by the distilled Mamba model
feat_4804,float,,Chemical Dice embedding dimension 4804 of 8192 predicted from the SMILES by the distilled Mamba model
feat_4805,float,,Chemical Dice embedding dimension 4805 of 8192 predicted from the SMILES by the distilled Mamba model
feat_4806,float,,Chemical Dice embedding dimension 4806 of 8192 predicted from the SMILES by the distilled Mamba model
feat_4807,float,,Chemical Dice embedding dimension 4807 of 8192 predicted from the SMILES by the distilled Mamba model
feat_4808,float,,Chemical Dice embedding dimension 4808 of 8192 predicted from the SMILES by the distilled Mamba model
feat_4809,float,,Chemical Dice embedding dimension 4809 of 8192 predicted from the SMILES by the distilled Mamba model
feat_4810,float,,Chemical Dice embedding dimension 4810 of 8192 predicted from the SMILES by the distilled Mamba model
feat_4811,float,,Chemical Dice embedding dimension 4811 of 8192 predicted from the SMILES by the distilled Mamba model
feat_4812,float,,Chemical Dice embedding dimension 4812 of 8192 predicted from the SMILES by the distilled Mamba model
feat_4813,float,,Chemical Dice embedding dimension 4813 of 8192 predicted from the SMILES by the distilled Mamba model
feat_4814,float,,Chemical Dice embedding dimension 4814 of 8192 predicted from the SMILES by the distilled Mamba model
feat_4815,float,,Chemical Dice embedding dimension 4815 of 8192 predicted from the SMILES by the distilled Mamba model
feat_4816,float,,Chemical Dice embedding dimension 4816 of 8192 predicted from the SMILES by the distilled Mamba model
feat_4817,float,,Chemical Dice embedding dimension 4817 of 8192 predicted from the SMILES by the distilled Mamba model
feat_4818,float,,Chemical Dice embedding dimension 4818 of 8192 predicted from the SMILES by the distilled Mamba model
feat_4819,float,,Chemical Dice embedding dimension 4819 of 8192 predicted from the SMILES by the distilled Mamba model
feat_4820,float,,Chemical Dice embedding dimension 4820 of 8192 predicted from the SMILES by the distilled Mamba model
feat_4821,float,,Chemical Dice embedding dimension 4821 of 8192 predicted from the SMILES by the distilled Mamba model
feat_4822,float,,Chemical Dice embedding dimension 4822 of 8192 predicted from the SMILES by the distilled Mamba model
feat_4823,float,,Chemical Dice embedding dimension 4823 of 8192 predicted from the SMILES by the distilled Mamba model
feat_4824,float,,Chemical Dice embedding dimension 4824 of 8192 predicted from the SMILES by the distilled Mamba model
feat_4825,float,,Chemical Dice embedding dimension 4825 of 8192 predicted from the SMILES by the distilled Mamba model
feat_4826,float,,Chemical Dice embedding dimension 4826 of 8192 predicted from the SMILES by the distilled Mamba model
feat_4827,float,,Chemical Dice embedding dimension 4827 of 8192 predicted from the SMILES by the distilled Mamba model
feat_4828,float,,Chemical Dice embedding dimension 4828 of 8192 predicted from the SMILES by the distilled Mamba model
feat_4829,float,,Chemical Dice embedding dimension 4829 of 8192 predicted from the SMILES by the distilled Mamba model
feat_4830,float,,Chemical Dice embedding dimension 4830 of 8192 predicted from the SMILES by the distilled Mamba model
feat_4831,float,,Chemical Dice embedding dimension 4831 of 8192 predicted from the SMILES by the distilled Mamba model
feat_4832,float,,Chemical Dice embedding dimension 4832 of 8192 predicted from the SMILES by the distilled Mamba model
feat_4833,float,,Chemical Dice embedding dimension 4833 of 8192 predicted from the SMILES by the distilled Mamba model
feat_4834,float,,Chemical Dice embedding dimension 4834 of 8192 predicted from the SMILES by the distilled Mamba model
feat_4835,float,,Chemical Dice embedding dimension 4835 of 8192 predicted from the SMILES by the distilled Mamba model
feat_4836,float,,Chemical Dice embedding dimension 4836 of 8192 predicted from the SMILES by the distilled Mamba model
feat_4837,float,,Chemical Dice embedding dimension 4837 of 8192 predicted from the SMILES by the distilled Mamba model
feat_4838,float,,Chemical Dice embedding dimension 4838 of 8192 predicted from the SMILES by the distilled Mamba model
feat_4839,float,,Chemical Dice embedding dimension 4839 of 8192 predicted from the SMILES by the distilled Mamba model
feat_4840,float,,Chemical Dice embedding dimension 4840 of 8192 predicted from the SMILES by the distilled Mamba model
feat_4841,float,,Chemical Dice embedding dimension 4841 of 8192 predicted from the SMILES by the distilled Mamba model
feat_4842,float,,Chemical Dice embedding dimension 4842 of 8192 predicted from the SMILES by the distilled Mamba model
feat_4843,float,,Chemical Dice embedding dimension 4843 of 8192 predicted from the SMILES by the distilled Mamba model
feat_4844,float,,Chemical Dice embedding dimension 4844 of 8192 predicted from the SMILES by the distilled Mamba model
feat_4845,float,,Chemical Dice embedding dimension 4845 of 8192 predicted from the SMILES by the distilled Mamba model
feat_4846,float,,Chemical Dice embedding dimension 4846 of 8192 predicted from the SMILES by the distilled Mamba model
feat_4847,float,,Chemical Dice embedding dimension 4847 of 8192 predicted from the SMILES by the distilled Mamba model
feat_4848,float,,Chemical Dice embedding dimension 4848 of 8192 predicted from the SMILES by the distilled Mamba model
feat_4849,float,,Chemical Dice embedding dimension 4849 of 8192 predicted from the SMILES by the distilled Mamba model
feat_4850,float,,Chemical Dice embedding dimension 4850 of 8192 predicted from the SMILES by the distilled Mamba model
feat_4851,float,,Chemical Dice embedding dimension 4851 of 8192 predicted from the SMILES by the distilled Mamba model
feat_4852,float,,Chemical Dice embedding dimension 4852 of 8192 predicted from the SMILES by the distilled Mamba model
feat_4853,float,,Chemical Dice embedding dimension 4853 of 8192 predicted from the SMILES by the distilled Mamba model
feat_4854,float,,Chemical Dice embedding dimension 4854 of 8192 predicted from the SMILES by the distilled Mamba model
feat_4855,float,,Chemical Dice embedding dimension 4855 of 8192 predicted from the SMILES by the distilled Mamba model
feat_4856,float,,Chemical Dice embedding dimension 4856 of 8192 predicted from the SMILES by the distilled Mamba model
feat_4857,float,,Chemical Dice embedding dimension 4857 of 8192 predicted from the SMILES by the distilled Mamba model
feat_4858,float,,Chemical Dice embedding dimension 4858 of 8192 predicted from the SMILES by the distilled Mamba model
feat_4859,float,,Chemical Dice embedding dimension 4859 of 8192 predicted from the SMILES by the distilled Mamba model
feat_4860,float,,Chemical Dice embedding dimension 4860 of 8192 predicted from the SMILES by the distilled Mamba model
feat_4861,float,,Chemical Dice embedding dimension 4861 of 8192 predicted from the SMILES by the distilled Mamba model
feat_4862,float,,Chemical Dice embedding dimension 4862 of 8192 predicted from the SMILES by the distilled Mamba model
feat_4863,float,,Chemical Dice embedding dimension 4863 of 8192 predicted from the SMILES by the distilled Mamba model
feat_4864,float,,Chemical Dice embedding dimension 4864 of 8192 predicted from the SMILES by the distilled Mamba model
feat_4865,float,,Chemical Dice embedding dimension 4865 of 8192 predicted from the SMILES by the distilled Mamba model
feat_4866,float,,Chemical Dice embedding dimension 4866 of 8192 predicted from the SMILES by the distilled Mamba model
feat_4867,float,,Chemical Dice embedding dimension 4867 of 8192 predicted from the SMILES by the distilled Mamba model
feat_4868,float,,Chemical Dice embedding dimension 4868 of 8192 predicted from the SMILES by the distilled Mamba model
feat_4869,float,,Chemical Dice embedding dimension 4869 of 8192 predicted from the SMILES by the distilled Mamba model
feat_4870,float,,Chemical Dice embedding dimension 4870 of 8192 predicted from the SMILES by the distilled Mamba model
feat_4871,float,,Chemical Dice embedding dimension 4871 of 8192 predicted from the SMILES by the distilled Mamba model
feat_4872,float,,Chemical Dice embedding dimension 4872 of 8192 predicted from the SMILES by the distilled Mamba model
feat_4873,float,,Chemical Dice embedding dimension 4873 of 8192 predicted from the SMILES by the distilled Mamba model
feat_4874,float,,Chemical Dice embedding dimension 4874 of 8192 predicted from the SMILES by the distilled Mamba model
feat_4875,float,,Chemical Dice embedding dimension 4875 of 8192 predicted from the SMILES by the distilled Mamba model
feat_4876,float,,Chemical Dice embedding dimension 4876 of 8192 predicted from the SMILES by the distilled Mamba model
feat_4877,float,,Chemical Dice embedding dimension 4877 of 8192 predicted from the SMILES by the distilled Mamba model
feat_4878,float,,Chemical Dice embedding dimension 4878 of 8192 predicted from the SMILES by the distilled Mamba model
feat_4879,float,,Chemical Dice embedding dimension 4879 of 8192 predicted from the SMILES by the distilled Mamba model
feat_4880,float,,Chemical Dice embedding dimension 4880 of 8192 predicted from the SMILES by the distilled Mamba model
feat_4881,float,,Chemical Dice embedding dimension 4881 of 8192 predicted from the SMILES by the distilled Mamba model
feat_4882,float,,Chemical Dice embedding dimension 4882 of 8192 predicted from the SMILES by the distilled Mamba model
feat_4883,float,,Chemical Dice embedding dimension 4883 of 8192 predicted from the SMILES by the distilled Mamba model
feat_4884,float,,Chemical Dice embedding dimension 4884 of 8192 predicted from the SMILES by the distilled Mamba model
feat_4885,float,,Chemical Dice embedding dimension 4885 of 8192 predicted from the SMILES by the distilled Mamba model
feat_4886,float,,Chemical Dice embedding dimension 4886 of 8192 predicted from the SMILES by the distilled Mamba model
feat_4887,float,,Chemical Dice embedding dimension 4887 of 8192 predicted from the SMILES by the distilled Mamba model
feat_4888,float,,Chemical Dice embedding dimension 4888 of 8192 predicted from the SMILES by the distilled Mamba model
feat_4889,float,,Chemical Dice embedding dimension 4889 of 8192 predicted from the SMILES by the distilled Mamba model
feat_4890,float,,Chemical Dice embedding dimension 4890 of 8192 predicted from the SMILES by the distilled Mamba model
feat_4891,float,,Chemical Dice embedding dimension 4891 of 8192 predicted from the SMILES by the distilled Mamba model
feat_4892,float,,Chemical Dice embedding dimension 4892 of 8192 predicted from the SMILES by the distilled Mamba model
feat_4893,float,,Chemical Dice embedding dimension 4893 of 8192 predicted from the SMILES by the distilled Mamba model
feat_4894,float,,Chemical Dice embedding dimension 4894 of 8192 predicted from the SMILES by the distilled Mamba model
feat_4895,float,,Chemical Dice embedding dimension 4895 of 8192 predicted from the SMILES by the distilled Mamba model
feat_4896,float,,Chemical Dice embedding dimension 4896 of 8192 predicted from the SMILES by the distilled Mamba model
feat_4897,float,,Chemical Dice embedding dimension 4897 of 8192 predicted from the SMILES by the distilled Mamba model
feat_4898,float,,Chemical Dice embedding dimension 4898 of 8192 predicted from the SMILES by the distilled Mamba model
feat_4899,float,,Chemical Dice embedding dimension 4899 of 8192 predicted from the SMILES by the distilled Mamba model
feat_4900,float,,Chemical Dice embedding dimension 4900 of 8192 predicted from the SMILES by the distilled Mamba model
feat_4901,float,,Chemical Dice embedding dimension 4901 of 8192 predicted from the SMILES by the distilled Mamba model
feat_4902,float,,Chemical Dice embedding dimension 4902 of 8192 predicted from the SMILES by the distilled Mamba model
feat_4903,float,,Chemical Dice embedding dimension 4903 of 8192 predicted from the SMILES by the distilled Mamba model
feat_4904,float,,Chemical Dice embedding dimension 4904 of 8192 predicted from the SMILES by the distilled Mamba model
feat_4905,float,,Chemical Dice embedding dimension 4905 of 8192 predicted from the SMILES by the distilled Mamba model
feat_4906,float,,Chemical Dice embedding dimension 4906 of 8192 predicted from the SMILES by the distilled Mamba model
feat_4907,float,,Chemical Dice embedding dimension 4907 of 8192 predicted from the SMILES by the distilled Mamba model
feat_4908,float,,Chemical Dice embedding dimension 4908 of 8192 predicted from the SMILES by the distilled Mamba model
feat_4909,float,,Chemical Dice embedding dimension 4909 of 8192 predicted from the SMILES by the distilled Mamba model
feat_4910,float,,Chemical Dice embedding dimension 4910 of 8192 predicted from the SMILES by the distilled Mamba model
feat_4911,float,,Chemical Dice embedding dimension 4911 of 8192 predicted from the SMILES by the distilled Mamba model
feat_4912,float,,Chemical Dice embedding dimension 4912 of 8192 predicted from the SMILES by the distilled Mamba model
feat_4913,float,,Chemical Dice embedding dimension 4913 of 8192 predicted from the SMILES by the distilled Mamba model
feat_4914,float,,Chemical Dice embedding dimension 4914 of 8192 predicted from the SMILES by the distilled Mamba model
feat_4915,float,,Chemical Dice embedding dimension 4915 of 8192 predicted from the SMILES by the distilled Mamba model
feat_4916,float,,Chemical Dice embedding dimension 4916 of 8192 predicted from the SMILES by the distilled Mamba model
feat_4917,float,,Chemical Dice embedding dimension 4917 of 8192 predicted from the SMILES by the distilled Mamba model
feat_4918,float,,Chemical Dice embedding dimension 4918 of 8192 predicted from the SMILES by the distilled Mamba model
feat_4919,float,,Chemical Dice embedding dimension 4919 of 8192 predicted from the SMILES by the distilled Mamba model
feat_4920,float,,Chemical Dice embedding dimension 4920 of 8192 predicted from the SMILES by the distilled Mamba model
feat_4921,float,,Chemical Dice embedding dimension 4921 of 8192 predicted from the SMILES by the distilled Mamba model
feat_4922,float,,Chemical Dice embedding dimension 4922 of 8192 predicted from the SMILES by the distilled Mamba model
feat_4923,float,,Chemical Dice embedding dimension 4923 of 8192 predicted from the SMILES by the distilled Mamba model
feat_4924,float,,Chemical Dice embedding dimension 4924 of 8192 predicted from the SMILES by the distilled Mamba model
feat_4925,float,,Chemical Dice embedding dimension 4925 of 8192 predicted from the SMILES by the distilled Mamba model
feat_4926,float,,Chemical Dice embedding dimension 4926 of 8192 predicted from the SMILES by the distilled Mamba model
feat_4927,float,,Chemical Dice embedding dimension 4927 of 8192 predicted from the SMILES by the distilled Mamba model
feat_4928,float,,Chemical Dice embedding dimension 4928 of 8192 predicted from the SMILES by the distilled Mamba model
feat_4929,float,,Chemical Dice embedding dimension 4929 of 8192 predicted from the SMILES by the distilled Mamba model
feat_4930,float,,Chemical Dice embedding dimension 4930 of 8192 predicted from the SMILES by the distilled Mamba model
feat_4931,float,,Chemical Dice embedding dimension 4931 of 8192 predicted from the SMILES by the distilled Mamba model
feat_4932,float,,Chemical Dice embedding dimension 4932 of 8192 predicted from the SMILES by the distilled Mamba model
feat_4933,float,,Chemical Dice embedding dimension 4933 of 8192 predicted from the SMILES by the distilled Mamba model
feat_4934,float,,Chemical Dice embedding dimension 4934 of 8192 predicted from the SMILES by the distilled Mamba model
feat_4935,float,,Chemical Dice embedding dimension 4935 of 8192 predicted from the SMILES by the distilled Mamba model
feat_4936,float,,Chemical Dice embedding dimension 4936 of 8192 predicted from the SMILES by the distilled Mamba model
feat_4937,float,,Chemical Dice embedding dimension 4937 of 8192 predicted from the SMILES by the distilled Mamba model
feat_4938,float,,Chemical Dice embedding dimension 4938 of 8192 predicted from the SMILES by the distilled Mamba model
feat_4939,float,,Chemical Dice embedding dimension 4939 of 8192 predicted from the SMILES by the distilled Mamba model
feat_4940,float,,Chemical Dice embedding dimension 4940 of 8192 predicted from the SMILES by the distilled Mamba model
feat_4941,float,,Chemical Dice embedding dimension 4941 of 8192 predicted from the SMILES by the distilled Mamba model
feat_4942,float,,Chemical Dice embedding dimension 4942 of 8192 predicted from the SMILES by the distilled Mamba model
feat_4943,float,,Chemical Dice embedding dimension 4943 of 8192 predicted from the SMILES by the distilled Mamba model
feat_4944,float,,Chemical Dice embedding dimension 4944 of 8192 predicted from the SMILES by the distilled Mamba model
feat_4945,float,,Chemical Dice embedding dimension 4945 of 8192 predicted from the SMILES by the distilled Mamba model
feat_4946,float,,Chemical Dice embedding dimension 4946 of 8192 predicted from the SMILES by the distilled Mamba model
feat_4947,float,,Chemical Dice embedding dimension 4947 of 8192 predicted from the SMILES by the distilled Mamba model
feat_4948,float,,Chemical Dice embedding dimension 4948 of 8192 predicted from the SMILES by the distilled Mamba model
feat_4949,float,,Chemical Dice embedding dimension 4949 of 8192 predicted from the SMILES by the distilled Mamba model
feat_4950,float,,Chemical Dice embedding dimension 4950 of 8192 predicted from the SMILES by the distilled Mamba model
feat_4951,float,,Chemical Dice embedding dimension 4951 of 8192 predicted from the SMILES by the distilled Mamba model
feat_4952,float,,Chemical Dice embedding dimension 4952 of 8192 predicted from the SMILES by the distilled Mamba model
feat_4953,float,,Chemical Dice embedding dimension 4953 of 8192 predicted from the SMILES by the distilled Mamba model
feat_4954,float,,Chemical Dice embedding dimension 4954 of 8192 predicted from the SMILES by the distilled Mamba model
feat_4955,float,,Chemical Dice embedding dimension 4955 of 8192 predicted from the SMILES by the distilled Mamba model
feat_4956,float,,Chemical Dice embedding dimension 4956 of 8192 predicted from the SMILES by the distilled Mamba model
feat_4957,float,,Chemical Dice embedding dimension 4957 of 8192 predicted from the SMILES by the distilled Mamba model
feat_4958,float,,Chemical Dice embedding dimension 4958 of 8192 predicted from the SMILES by the distilled Mamba model
feat_4959,float,,Chemical Dice embedding dimension 4959 of 8192 predicted from the SMILES by the distilled Mamba model
feat_4960,float,,Chemical Dice embedding dimension 4960 of 8192 predicted from the SMILES by the distilled Mamba model
feat_4961,float,,Chemical Dice embedding dimension 4961 of 8192 predicted from the SMILES by the distilled Mamba model
feat_4962,float,,Chemical Dice embedding dimension 4962 of 8192 predicted from the SMILES by the distilled Mamba model
feat_4963,float,,Chemical Dice embedding dimension 4963 of 8192 predicted from the SMILES by the distilled Mamba model
feat_4964,float,,Chemical Dice embedding dimension 4964 of 8192 predicted from the SMILES by the distilled Mamba model
feat_4965,float,,Chemical Dice embedding dimension 4965 of 8192 predicted from the SMILES by the distilled Mamba model
feat_4966,float,,Chemical Dice embedding dimension 4966 of 8192 predicted from the SMILES by the distilled Mamba model
feat_4967,float,,Chemical Dice embedding dimension 4967 of 8192 predicted from the SMILES by the distilled Mamba model
feat_4968,float,,Chemical Dice embedding dimension 4968 of 8192 predicted from the SMILES by the distilled Mamba model
feat_4969,float,,Chemical Dice embedding dimension 4969 of 8192 predicted from the SMILES by the distilled Mamba model
feat_4970,float,,Chemical Dice embedding dimension 4970 of 8192 predicted from the SMILES by the distilled Mamba model
feat_4971,float,,Chemical Dice embedding dimension 4971 of 8192 predicted from the SMILES by the distilled Mamba model
feat_4972,float,,Chemical Dice embedding dimension 4972 of 8192 predicted from the SMILES by the distilled Mamba model
feat_4973,float,,Chemical Dice embedding dimension 4973 of 8192 predicted from the SMILES by the distilled Mamba model
feat_4974,float,,Chemical Dice embedding dimension 4974 of 8192 predicted from the SMILES by the distilled Mamba model
feat_4975,float,,Chemical Dice embedding dimension 4975 of 8192 predicted from the SMILES by the distilled Mamba model
feat_4976,float,,Chemical Dice embedding dimension 4976 of 8192 predicted from the SMILES by the distilled Mamba model
feat_4977,float,,Chemical Dice embedding dimension 4977 of 8192 predicted from the SMILES by the distilled Mamba model
feat_4978,float,,Chemical Dice embedding dimension 4978 of 8192 predicted from the SMILES by the distilled Mamba model
feat_4979,float,,Chemical Dice embedding dimension 4979 of 8192 predicted from the SMILES by the distilled Mamba model
feat_4980,float,,Chemical Dice embedding dimension 4980 of 8192 predicted from the SMILES by the distilled Mamba model
feat_4981,float,,Chemical Dice embedding dimension 4981 of 8192 predicted from the SMILES by the distilled Mamba model
feat_4982,float,,Chemical Dice embedding dimension 4982 of 8192 predicted from the SMILES by the distilled Mamba model
feat_4983,float,,Chemical Dice embedding dimension 4983 of 8192 predicted from the SMILES by the distilled Mamba model
feat_4984,float,,Chemical Dice embedding dimension 4984 of 8192 predicted from the SMILES by the distilled Mamba model
feat_4985,float,,Chemical Dice embedding dimension 4985 of 8192 predicted from the SMILES by the distilled Mamba model
feat_4986,float,,Chemical Dice embedding dimension 4986 of 8192 predicted from the SMILES by the distilled Mamba model
feat_4987,float,,Chemical Dice embedding dimension 4987 of 8192 predicted from the SMILES by the distilled Mamba model
feat_4988,float,,Chemical Dice embedding dimension 4988 of 8192 predicted from the SMILES by the distilled Mamba model
feat_4989,float,,Chemical Dice embedding dimension 4989 of 8192 predicted from the SMILES by the distilled Mamba model
feat_4990,float,,Chemical Dice embedding dimension 4990 of 8192 predicted from the SMILES by the distilled Mamba model
feat_4991,float,,Chemical Dice embedding dimension 4991 of 8192 predicted from the SMILES by the distilled Mamba model
feat_4992,float,,Chemical Dice embedding dimension 4992 of 8192 predicted from the SMILES by the distilled Mamba model
feat_4993,float,,Chemical Dice embedding dimension 4993 of 8192 predicted from the SMILES by the distilled Mamba model
feat_4994,float,,Chemical Dice embedding dimension 4994 of 8192 predicted from the SMILES by the distilled Mamba model
feat_4995,float,,Chemical Dice embedding dimension 4995 of 8192 predicted from the SMILES by the distilled Mamba model
feat_4996,float,,Chemical Dice embedding dimension 4996 of 8192 predicted from the SMILES by the distilled Mamba model
feat_4997,float,,Chemical Dice embedding dimension 4997 of 8192 predicted from the SMILES by the distilled Mamba model
feat_4998,float,,Chemical Dice embedding dimension 4998 of 8192 predicted from the SMILES by the distilled Mamba model
feat_4999,float,,Chemical Dice embedding dimension 4999 of 8192 predicted from the SMILES by the distilled Mamba model
feat_5000,float,,Chemical Dice embedding dimension 5000 of 8192 predicted from the SMILES by the distilled Mamba model
feat_5001,float,,Chemical Dice embedding dimension 5001 of 8192 predicted from the SMILES by the distilled Mamba model
feat_5002,float,,Chemical Dice embedding dimension 5002 of 8192 predicted from the SMILES by the distilled Mamba model
feat_5003,float,,Chemical Dice embedding dimension 5003 of 8192 predicted from the SMILES by the distilled Mamba model
feat_5004,float,,Chemical Dice embedding dimension 5004 of 8192 predicted from the SMILES by the distilled Mamba model
feat_5005,float,,Chemical Dice embedding dimension 5005 of 8192 predicted from the SMILES by the distilled Mamba model
feat_5006,float,,Chemical Dice embedding dimension 5006 of 8192 predicted from the SMILES by the distilled Mamba model
feat_5007,float,,Chemical Dice embedding dimension 5007 of 8192 predicted from the SMILES by the distilled Mamba model
feat_5008,float,,Chemical Dice embedding dimension 5008 of 8192 predicted from the SMILES by the distilled Mamba model
feat_5009,float,,Chemical Dice embedding dimension 5009 of 8192 predicted from the SMILES by the distilled Mamba model
feat_5010,float,,Chemical Dice embedding dimension 5010 of 8192 predicted from the SMILES by the distilled Mamba model
feat_5011,float,,Chemical Dice embedding dimension 5011 of 8192 predicted from the SMILES by the distilled Mamba model
feat_5012,float,,Chemical Dice embedding dimension 5012 of 8192 predicted from the SMILES by the distilled Mamba model
feat_5013,float,,Chemical Dice embedding dimension 5013 of 8192 predicted from the SMILES by the distilled Mamba model
feat_5014,float,,Chemical Dice embedding dimension 5014 of 8192 predicted from the SMILES by the distilled Mamba model
feat_5015,float,,Chemical Dice embedding dimension 5015 of 8192 predicted from the SMILES by the distilled Mamba model
feat_5016,float,,Chemical Dice embedding dimension 5016 of 8192 predicted from the SMILES by the distilled Mamba model
feat_5017,float,,Chemical Dice embedding dimension 5017 of 8192 predicted from the SMILES by the distilled Mamba model
feat_5018,float,,Chemical Dice embedding dimension 5018 of 8192 predicted from the SMILES by the distilled Mamba model
feat_5019,float,,Chemical Dice embedding dimension 5019 of 8192 predicted from the SMILES by the distilled Mamba model
feat_5020,float,,Chemical Dice embedding dimension 5020 of 8192 predicted from the SMILES by the distilled Mamba model
feat_5021,float,,Chemical Dice embedding dimension 5021 of 8192 predicted from the SMILES by the distilled Mamba model
feat_5022,float,,Chemical Dice embedding dimension 5022 of 8192 predicted from the SMILES by the distilled Mamba model
feat_5023,float,,Chemical Dice embedding dimension 5023 of 8192 predicted from the SMILES by the distilled Mamba model
feat_5024,float,,Chemical Dice embedding dimension 5024 of 8192 predicted from the SMILES by the distilled Mamba model
feat_5025,float,,Chemical Dice embedding dimension 5025 of 8192 predicted from the SMILES by the distilled Mamba model
feat_5026,float,,Chemical Dice embedding dimension 5026 of 8192 predicted from the SMILES by the distilled Mamba model
feat_5027,float,,Chemical Dice embedding dimension 5027 of 8192 predicted from the SMILES by the distilled Mamba model
feat_5028,float,,Chemical Dice embedding dimension 5028 of 8192 predicted from the SMILES by the distilled Mamba model
feat_5029,float,,Chemical Dice embedding dimension 5029 of 8192 predicted from the SMILES by the distilled Mamba model
feat_5030,float,,Chemical Dice embedding dimension 5030 of 8192 predicted from the SMILES by the distilled Mamba model
feat_5031,float,,Chemical Dice embedding dimension 5031 of 8192 predicted from the SMILES by the distilled Mamba model
feat_5032,float,,Chemical Dice embedding dimension 5032 of 8192 predicted from the SMILES by the distilled Mamba model
feat_5033,float,,Chemical Dice embedding dimension 5033 of 8192 predicted from the SMILES by the distilled Mamba model
feat_5034,float,,Chemical Dice embedding dimension 5034 of 8192 predicted from the SMILES by the distilled Mamba model
feat_5035,float,,Chemical Dice embedding dimension 5035 of 8192 predicted from the SMILES by the distilled Mamba model
feat_5036,float,,Chemical Dice embedding dimension 5036 of 8192 predicted from the SMILES by the distilled Mamba model
feat_5037,float,,Chemical Dice embedding dimension 5037 of 8192 predicted from the SMILES by the distilled Mamba model
feat_5038,float,,Chemical Dice embedding dimension 5038 of 8192 predicted from the SMILES by the distilled Mamba model
feat_5039,float,,Chemical Dice embedding dimension 5039 of 8192 predicted from the SMILES by the distilled Mamba model
feat_5040,float,,Chemical Dice embedding dimension 5040 of 8192 predicted from the SMILES by the distilled Mamba model
feat_5041,float,,Chemical Dice embedding dimension 5041 of 8192 predicted from the SMILES by the distilled Mamba model
feat_5042,float,,Chemical Dice embedding dimension 5042 of 8192 predicted from the SMILES by the distilled Mamba model
feat_5043,float,,Chemical Dice embedding dimension 5043 of 8192 predicted from the SMILES by the distilled Mamba model
feat_5044,float,,Chemical Dice embedding dimension 5044 of 8192 predicted from the SMILES by the distilled Mamba model
feat_5045,float,,Chemical Dice embedding dimension 5045 of 8192 predicted from the SMILES by the distilled Mamba model
feat_5046,float,,Chemical Dice embedding dimension 5046 of 8192 predicted from the SMILES by the distilled Mamba model
feat_5047,float,,Chemical Dice embedding dimension 5047 of 8192 predicted from the SMILES by the distilled Mamba model
feat_5048,float,,Chemical Dice embedding dimension 5048 of 8192 predicted from the SMILES by the distilled Mamba model
feat_5049,float,,Chemical Dice embedding dimension 5049 of 8192 predicted from the SMILES by the distilled Mamba model
feat_5050,float,,Chemical Dice embedding dimension 5050 of 8192 predicted from the SMILES by the distilled Mamba model
feat_5051,float,,Chemical Dice embedding dimension 5051 of 8192 predicted from the SMILES by the distilled Mamba model
feat_5052,float,,Chemical Dice embedding dimension 5052 of 8192 predicted from the SMILES by the distilled Mamba model
feat_5053,float,,Chemical Dice embedding dimension 5053 of 8192 predicted from the SMILES by the distilled Mamba model
feat_5054,float,,Chemical Dice embedding dimension 5054 of 8192 predicted from the SMILES by the distilled Mamba model
feat_5055,float,,Chemical Dice embedding dimension 5055 of 8192 predicted from the SMILES by the distilled Mamba model
feat_5056,float,,Chemical Dice embedding dimension 5056 of 8192 predicted from the SMILES by the distilled Mamba model
feat_5057,float,,Chemical Dice embedding dimension 5057 of 8192 predicted from the SMILES by the distilled Mamba model
feat_5058,float,,Chemical Dice embedding dimension 5058 of 8192 predicted from the SMILES by the distilled Mamba model
feat_5059,float,,Chemical Dice embedding dimension 5059 of 8192 predicted from the SMILES by the distilled Mamba model
feat_5060,float,,Chemical Dice embedding dimension 5060 of 8192 predicted from the SMILES by the distilled Mamba model
feat_5061,float,,Chemical Dice embedding dimension 5061 of 8192 predicted from the SMILES by the distilled Mamba model
feat_5062,float,,Chemical Dice embedding dimension 5062 of 8192 predicted from the SMILES by the distilled Mamba model
feat_5063,float,,Chemical Dice embedding dimension 5063 of 8192 predicted from the SMILES by the distilled Mamba model
feat_5064,float,,Chemical Dice embedding dimension 5064 of 8192 predicted from the SMILES by the distilled Mamba model
feat_5065,float,,Chemical Dice embedding dimension 5065 of 8192 predicted from the SMILES by the distilled Mamba model
feat_5066,float,,Chemical Dice embedding dimension 5066 of 8192 predicted from the SMILES by the distilled Mamba model
feat_5067,float,,Chemical Dice embedding dimension 5067 of 8192 predicted from the SMILES by the distilled Mamba model
feat_5068,float,,Chemical Dice embedding dimension 5068 of 8192 predicted from the SMILES by the distilled Mamba model
feat_5069,float,,Chemical Dice embedding dimension 5069 of 8192 predicted from the SMILES by the distilled Mamba model
feat_5070,float,,Chemical Dice embedding dimension 5070 of 8192 predicted from the SMILES by the distilled Mamba model
feat_5071,float,,Chemical Dice embedding dimension 5071 of 8192 predicted from the SMILES by the distilled Mamba model
feat_5072,float,,Chemical Dice embedding dimension 5072 of 8192 predicted from the SMILES by the distilled Mamba model
feat_5073,float,,Chemical Dice embedding dimension 5073 of 8192 predicted from the SMILES by the distilled Mamba model
feat_5074,float,,Chemical Dice embedding dimension 5074 of 8192 predicted from the SMILES by the distilled Mamba model
feat_5075,float,,Chemical Dice embedding dimension 5075 of 8192 predicted from the SMILES by the distilled Mamba model
feat_5076,float,,Chemical Dice embedding dimension 5076 of 8192 predicted from the SMILES by the distilled Mamba model
feat_5077,float,,Chemical Dice embedding dimension 5077 of 8192 predicted from the SMILES by the distilled Mamba model
feat_5078,float,,Chemical Dice embedding dimension 5078 of 8192 predicted from the SMILES by the distilled Mamba model
feat_5079,float,,Chemical Dice embedding dimension 5079 of 8192 predicted from the SMILES by the distilled Mamba model
feat_5080,float,,Chemical Dice embedding dimension 5080 of 8192 predicted from the SMILES by the distilled Mamba model
feat_5081,float,,Chemical Dice embedding dimension 5081 of 8192 predicted from the SMILES by the distilled Mamba model
feat_5082,float,,Chemical Dice embedding dimension 5082 of 8192 predicted from the SMILES by the distilled Mamba model
feat_5083,float,,Chemical Dice embedding dimension 5083 of 8192 predicted from the SMILES by the distilled Mamba model
feat_5084,float,,Chemical Dice embedding dimension 5084 of 8192 predicted from the SMILES by the distilled Mamba model
feat_5085,float,,Chemical Dice embedding dimension 5085 of 8192 predicted from the SMILES by the distilled Mamba model
feat_5086,float,,Chemical Dice embedding dimension 5086 of 8192 predicted from the SMILES by the distilled Mamba model
feat_5087,float,,Chemical Dice embedding dimension 5087 of 8192 predicted from the SMILES by the distilled Mamba model
feat_5088,float,,Chemical Dice embedding dimension 5088 of 8192 predicted from the SMILES by the distilled Mamba model
feat_5089,float,,Chemical Dice embedding dimension 5089 of 8192 predicted from the SMILES by the distilled Mamba model
feat_5090,float,,Chemical Dice embedding dimension 5090 of 8192 predicted from the SMILES by the distilled Mamba model
feat_5091,float,,Chemical Dice embedding dimension 5091 of 8192 predicted from the SMILES by the distilled Mamba model
feat_5092,float,,Chemical Dice embedding dimension 5092 of 8192 predicted from the SMILES by the distilled Mamba model
feat_5093,float,,Chemical Dice embedding dimension 5093 of 8192 predicted from the SMILES by the distilled Mamba model
feat_5094,float,,Chemical Dice embedding dimension 5094 of 8192 predicted from the SMILES by the distilled Mamba model
feat_5095,float,,Chemical Dice embedding dimension 5095 of 8192 predicted from the SMILES by the distilled Mamba model
feat_5096,float,,Chemical Dice embedding dimension 5096 of 8192 predicted from the SMILES by the distilled Mamba model
feat_5097,float,,Chemical Dice embedding dimension 5097 of 8192 predicted from the SMILES by the distilled Mamba model
feat_5098,float,,Chemical Dice embedding dimension 5098 of 8192 predicted from the SMILES by the distilled Mamba model
feat_5099,float,,Chemical Dice embedding dimension 5099 of 8192 predicted from the SMILES by the distilled Mamba model
feat_5100,float,,Chemical Dice embedding dimension 5100 of 8192 predicted from the SMILES by the distilled Mamba model
feat_5101,float,,Chemical Dice embedding dimension 5101 of 8192 predicted from the SMILES by the distilled Mamba model
feat_5102,float,,Chemical Dice embedding dimension 5102 of 8192 predicted from the SMILES by the distilled Mamba model
feat_5103,float,,Chemical Dice embedding dimension 5103 of 8192 predicted from the SMILES by the distilled Mamba model
feat_5104,float,,Chemical Dice embedding dimension 5104 of 8192 predicted from the SMILES by the distilled Mamba model
feat_5105,float,,Chemical Dice embedding dimension 5105 of 8192 predicted from the SMILES by the distilled Mamba model
feat_5106,float,,Chemical Dice embedding dimension 5106 of 8192 predicted from the SMILES by the distilled Mamba model
feat_5107,float,,Chemical Dice embedding dimension 5107 of 8192 predicted from the SMILES by the distilled Mamba model
feat_5108,float,,Chemical Dice embedding dimension 5108 of 8192 predicted from the SMILES by the distilled Mamba model
feat_5109,float,,Chemical Dice embedding dimension 5109 of 8192 predicted from the SMILES by the distilled Mamba model
feat_5110,float,,Chemical Dice embedding dimension 5110 of 8192 predicted from the SMILES by the distilled Mamba model
feat_5111,float,,Chemical Dice embedding dimension 5111 of 8192 predicted from the SMILES by the distilled Mamba model
feat_5112,float,,Chemical Dice embedding dimension 5112 of 8192 predicted from the SMILES by the distilled Mamba model
feat_5113,float,,Chemical Dice embedding dimension 5113 of 8192 predicted from the SMILES by the distilled Mamba model
feat_5114,float,,Chemical Dice embedding dimension 5114 of 8192 predicted from the SMILES by the distilled Mamba model
feat_5115,float,,Chemical Dice embedding dimension 5115 of 8192 predicted from the SMILES by the distilled Mamba model
feat_5116,float,,Chemical Dice embedding dimension 5116 of 8192 predicted from the SMILES by the distilled Mamba model
feat_5117,float,,Chemical Dice embedding dimension 5117 of 8192 predicted from the SMILES by the distilled Mamba model
feat_5118,float,,Chemical Dice embedding dimension 5118 of 8192 predicted from the SMILES by the distilled Mamba model
feat_5119,float,,Chemical Dice embedding dimension 5119 of 8192 predicted from the SMILES by the distilled Mamba model
feat_5120,float,,Chemical Dice embedding dimension 5120 of 8192 predicted from the SMILES by the distilled Mamba model
feat_5121,float,,Chemical Dice embedding dimension 5121 of 8192 predicted from the SMILES by the distilled Mamba model
feat_5122,float,,Chemical Dice embedding dimension 5122 of 8192 predicted from the SMILES by the distilled Mamba model
feat_5123,float,,Chemical Dice embedding dimension 5123 of 8192 predicted from the SMILES by the distilled Mamba model
feat_5124,float,,Chemical Dice embedding dimension 5124 of 8192 predicted from the SMILES by the distilled Mamba model
feat_5125,float,,Chemical Dice embedding dimension 5125 of 8192 predicted from the SMILES by the distilled Mamba model
feat_5126,float,,Chemical Dice embedding dimension 5126 of 8192 predicted from the SMILES by the distilled Mamba model
feat_5127,float,,Chemical Dice embedding dimension 5127 of 8192 predicted from the SMILES by the distilled Mamba model
feat_5128,float,,Chemical Dice embedding dimension 5128 of 8192 predicted from the SMILES by the distilled Mamba model
feat_5129,float,,Chemical Dice embedding dimension 5129 of 8192 predicted from the SMILES by the distilled Mamba model
feat_5130,float,,Chemical Dice embedding dimension 5130 of 8192 predicted from the SMILES by the distilled Mamba model
feat_5131,float,,Chemical Dice embedding dimension 5131 of 8192 predicted from the SMILES by the distilled Mamba model
feat_5132,float,,Chemical Dice embedding dimension 5132 of 8192 predicted from the SMILES by the distilled Mamba model
feat_5133,float,,Chemical Dice embedding dimension 5133 of 8192 predicted from the SMILES by the distilled Mamba model
feat_5134,float,,Chemical Dice embedding dimension 5134 of 8192 predicted from the SMILES by the distilled Mamba model
feat_5135,float,,Chemical Dice embedding dimension 5135 of 8192 predicted from the SMILES by the distilled Mamba model
feat_5136,float,,Chemical Dice embedding dimension 5136 of 8192 predicted from the SMILES by the distilled Mamba model
feat_5137,float,,Chemical Dice embedding dimension 5137 of 8192 predicted from the SMILES by the distilled Mamba model
feat_5138,float,,Chemical Dice embedding dimension 5138 of 8192 predicted from the SMILES by the distilled Mamba model
feat_5139,float,,Chemical Dice embedding dimension 5139 of 8192 predicted from the SMILES by the distilled Mamba model
feat_5140,float,,Chemical Dice embedding dimension 5140 of 8192 predicted from the SMILES by the distilled Mamba model
feat_5141,float,,Chemical Dice embedding dimension 5141 of 8192 predicted from the SMILES by the distilled Mamba model
feat_5142,float,,Chemical Dice embedding dimension 5142 of 8192 predicted from the SMILES by the distilled Mamba model
feat_5143,float,,Chemical Dice embedding dimension 5143 of 8192 predicted from the SMILES by the distilled Mamba model
feat_5144,float,,Chemical Dice embedding dimension 5144 of 8192 predicted from the SMILES by the distilled Mamba model
feat_5145,float,,Chemical Dice embedding dimension 5145 of 8192 predicted from the SMILES by the distilled Mamba model
feat_5146,float,,Chemical Dice embedding dimension 5146 of 8192 predicted from the SMILES by the distilled Mamba model
feat_5147,float,,Chemical Dice embedding dimension 5147 of 8192 predicted from the SMILES by the distilled Mamba model
feat_5148,float,,Chemical Dice embedding dimension 5148 of 8192 predicted from the SMILES by the distilled Mamba model
feat_5149,float,,Chemical Dice embedding dimension 5149 of 8192 predicted from the SMILES by the distilled Mamba model
feat_5150,float,,Chemical Dice embedding dimension 5150 of 8192 predicted from the SMILES by the distilled Mamba model
feat_5151,float,,Chemical Dice embedding dimension 5151 of 8192 predicted from the SMILES by the distilled Mamba model
feat_5152,float,,Chemical Dice embedding dimension 5152 of 8192 predicted from the SMILES by the distilled Mamba model
feat_5153,float,,Chemical Dice embedding dimension 5153 of 8192 predicted from the SMILES by the distilled Mamba model
feat_5154,float,,Chemical Dice embedding dimension 5154 of 8192 predicted from the SMILES by the distilled Mamba model
feat_5155,float,,Chemical Dice embedding dimension 5155 of 8192 predicted from the SMILES by the distilled Mamba model
feat_5156,float,,Chemical Dice embedding dimension 5156 of 8192 predicted from the SMILES by the distilled Mamba model
feat_5157,float,,Chemical Dice embedding dimension 5157 of 8192 predicted from the SMILES by the distilled Mamba model
feat_5158,float,,Chemical Dice embedding dimension 5158 of 8192 predicted from the SMILES by the distilled Mamba model
feat_5159,float,,Chemical Dice embedding dimension 5159 of 8192 predicted from the SMILES by the distilled Mamba model
feat_5160,float,,Chemical Dice embedding dimension 5160 of 8192 predicted from the SMILES by the distilled Mamba model
feat_5161,float,,Chemical Dice embedding dimension 5161 of 8192 predicted from the SMILES by the distilled Mamba model
feat_5162,float,,Chemical Dice embedding dimension 5162 of 8192 predicted from the SMILES by the distilled Mamba model
feat_5163,float,,Chemical Dice embedding dimension 5163 of 8192 predicted from the SMILES by the distilled Mamba model
feat_5164,float,,Chemical Dice embedding dimension 5164 of 8192 predicted from the SMILES by the distilled Mamba model
feat_5165,float,,Chemical Dice embedding dimension 5165 of 8192 predicted from the SMILES by the distilled Mamba model
feat_5166,float,,Chemical Dice embedding dimension 5166 of 8192 predicted from the SMILES by the distilled Mamba model
feat_5167,float,,Chemical Dice embedding dimension 5167 of 8192 predicted from the SMILES by the distilled Mamba model
feat_5168,float,,Chemical Dice embedding dimension 5168 of 8192 predicted from the SMILES by the distilled Mamba model
feat_5169,float,,Chemical Dice embedding dimension 5169 of 8192 predicted from the SMILES by the distilled Mamba model
feat_5170,float,,Chemical Dice embedding dimension 5170 of 8192 predicted from the SMILES by the distilled Mamba model
feat_5171,float,,Chemical Dice embedding dimension 5171 of 8192 predicted from the SMILES by the distilled Mamba model
feat_5172,float,,Chemical Dice embedding dimension 5172 of 8192 predicted from the SMILES by the distilled Mamba model
feat_5173,float,,Chemical Dice embedding dimension 5173 of 8192 predicted from the SMILES by the distilled Mamba model
feat_5174,float,,Chemical Dice embedding dimension 5174 of 8192 predicted from the SMILES by the distilled Mamba model
feat_5175,float,,Chemical Dice embedding dimension 5175 of 8192 predicted from the SMILES by the distilled Mamba model
feat_5176,float,,Chemical Dice embedding dimension 5176 of 8192 predicted from the SMILES by the distilled Mamba model
feat_5177,float,,Chemical Dice embedding dimension 5177 of 8192 predicted from the SMILES by the distilled Mamba model
feat_5178,float,,Chemical Dice embedding dimension 5178 of 8192 predicted from the SMILES by the distilled Mamba model
feat_5179,float,,Chemical Dice embedding dimension 5179 of 8192 predicted from the SMILES by the distilled Mamba model
feat_5180,float,,Chemical Dice embedding dimension 5180 of 8192 predicted from the SMILES by the distilled Mamba model
feat_5181,float,,Chemical Dice embedding dimension 5181 of 8192 predicted from the SMILES by the distilled Mamba model
feat_5182,float,,Chemical Dice embedding dimension 5182 of 8192 predicted from the SMILES by the distilled Mamba model
feat_5183,float,,Chemical Dice embedding dimension 5183 of 8192 predicted from the SMILES by the distilled Mamba model
feat_5184,float,,Chemical Dice embedding dimension 5184 of 8192 predicted from the SMILES by the distilled Mamba model
feat_5185,float,,Chemical Dice embedding dimension 5185 of 8192 predicted from the SMILES by the distilled Mamba model
feat_5186,float,,Chemical Dice embedding dimension 5186 of 8192 predicted from the SMILES by the distilled Mamba model
feat_5187,float,,Chemical Dice embedding dimension 5187 of 8192 predicted from the SMILES by the distilled Mamba model
feat_5188,float,,Chemical Dice embedding dimension 5188 of 8192 predicted from the SMILES by the distilled Mamba model
feat_5189,float,,Chemical Dice embedding dimension 5189 of 8192 predicted from the SMILES by the distilled Mamba model
feat_5190,float,,Chemical Dice embedding dimension 5190 of 8192 predicted from the SMILES by the distilled Mamba model
feat_5191,float,,Chemical Dice embedding dimension 5191 of 8192 predicted from the SMILES by the distilled Mamba model
feat_5192,float,,Chemical Dice embedding dimension 5192 of 8192 predicted from the SMILES by the distilled Mamba model
feat_5193,float,,Chemical Dice embedding dimension 5193 of 8192 predicted from the SMILES by the distilled Mamba model
feat_5194,float,,Chemical Dice embedding dimension 5194 of 8192 predicted from the SMILES by the distilled Mamba model
feat_5195,float,,Chemical Dice embedding dimension 5195 of 8192 predicted from the SMILES by the distilled Mamba model
feat_5196,float,,Chemical Dice embedding dimension 5196 of 8192 predicted from the SMILES by the distilled Mamba model
feat_5197,float,,Chemical Dice embedding dimension 5197 of 8192 predicted from the SMILES by the distilled Mamba model
feat_5198,float,,Chemical Dice embedding dimension 5198 of 8192 predicted from the SMILES by the distilled Mamba model
feat_5199,float,,Chemical Dice embedding dimension 5199 of 8192 predicted from the SMILES by the distilled Mamba model
feat_5200,float,,Chemical Dice embedding dimension 5200 of 8192 predicted from the SMILES by the distilled Mamba model
feat_5201,float,,Chemical Dice embedding dimension 5201 of 8192 predicted from the SMILES by the distilled Mamba model
feat_5202,float,,Chemical Dice embedding dimension 5202 of 8192 predicted from the SMILES by the distilled Mamba model
feat_5203,float,,Chemical Dice embedding dimension 5203 of 8192 predicted from the SMILES by the distilled Mamba model
feat_5204,float,,Chemical Dice embedding dimension 5204 of 8192 predicted from the SMILES by the distilled Mamba model
feat_5205,float,,Chemical Dice embedding dimension 5205 of 8192 predicted from the SMILES by the distilled Mamba model
feat_5206,float,,Chemical Dice embedding dimension 5206 of 8192 predicted from the SMILES by the distilled Mamba model
feat_5207,float,,Chemical Dice embedding dimension 5207 of 8192 predicted from the SMILES by the distilled Mamba model
feat_5208,float,,Chemical Dice embedding dimension 5208 of 8192 predicted from the SMILES by the distilled Mamba model
feat_5209,float,,Chemical Dice embedding dimension 5209 of 8192 predicted from the SMILES by the distilled Mamba model
feat_5210,float,,Chemical Dice embedding dimension 5210 of 8192 predicted from the SMILES by the distilled Mamba model
feat_5211,float,,Chemical Dice embedding dimension 5211 of 8192 predicted from the SMILES by the distilled Mamba model
feat_5212,float,,Chemical Dice embedding dimension 5212 of 8192 predicted from the SMILES by the distilled Mamba model
feat_5213,float,,Chemical Dice embedding dimension 5213 of 8192 predicted from the SMILES by the distilled Mamba model
feat_5214,float,,Chemical Dice embedding dimension 5214 of 8192 predicted from the SMILES by the distilled Mamba model
feat_5215,float,,Chemical Dice embedding dimension 5215 of 8192 predicted from the SMILES by the distilled Mamba model
feat_5216,float,,Chemical Dice embedding dimension 5216 of 8192 predicted from the SMILES by the distilled Mamba model
feat_5217,float,,Chemical Dice embedding dimension 5217 of 8192 predicted from the SMILES by the distilled Mamba model
feat_5218,float,,Chemical Dice embedding dimension 5218 of 8192 predicted from the SMILES by the distilled Mamba model
feat_5219,float,,Chemical Dice embedding dimension 5219 of 8192 predicted from the SMILES by the distilled Mamba model
feat_5220,float,,Chemical Dice embedding dimension 5220 of 8192 predicted from the SMILES by the distilled Mamba model
feat_5221,float,,Chemical Dice embedding dimension 5221 of 8192 predicted from the SMILES by the distilled Mamba model
feat_5222,float,,Chemical Dice embedding dimension 5222 of 8192 predicted from the SMILES by the distilled Mamba model
feat_5223,float,,Chemical Dice embedding dimension 5223 of 8192 predicted from the SMILES by the distilled Mamba model
feat_5224,float,,Chemical Dice embedding dimension 5224 of 8192 predicted from the SMILES by the distilled Mamba model
feat_5225,float,,Chemical Dice embedding dimension 5225 of 8192 predicted from the SMILES by the distilled Mamba model
feat_5226,float,,Chemical Dice embedding dimension 5226 of 8192 predicted from the SMILES by the distilled Mamba model
feat_5227,float,,Chemical Dice embedding dimension 5227 of 8192 predicted from the SMILES by the distilled Mamba model
feat_5228,float,,Chemical Dice embedding dimension 5228 of 8192 predicted from the SMILES by the distilled Mamba model
feat_5229,float,,Chemical Dice embedding dimension 5229 of 8192 predicted from the SMILES by the distilled Mamba model
feat_5230,float,,Chemical Dice embedding dimension 5230 of 8192 predicted from the SMILES by the distilled Mamba model
feat_5231,float,,Chemical Dice embedding dimension 5231 of 8192 predicted from the SMILES by the distilled Mamba model
feat_5232,float,,Chemical Dice embedding dimension 5232 of 8192 predicted from the SMILES by the distilled Mamba model
feat_5233,float,,Chemical Dice embedding dimension 5233 of 8192 predicted from the SMILES by the distilled Mamba model
feat_5234,float,,Chemical Dice embedding dimension 5234 of 8192 predicted from the SMILES by the distilled Mamba model
feat_5235,float,,Chemical Dice embedding dimension 5235 of 8192 predicted from the SMILES by the distilled Mamba model
feat_5236,float,,Chemical Dice embedding dimension 5236 of 8192 predicted from the SMILES by the distilled Mamba model
feat_5237,float,,Chemical Dice embedding dimension 5237 of 8192 predicted from the SMILES by the distilled Mamba model
feat_5238,float,,Chemical Dice embedding dimension 5238 of 8192 predicted from the SMILES by the distilled Mamba model
feat_5239,float,,Chemical Dice embedding dimension 5239 of 8192 predicted from the SMILES by the distilled Mamba model
feat_5240,float,,Chemical Dice embedding dimension 5240 of 8192 predicted from the SMILES by the distilled Mamba model
feat_5241,float,,Chemical Dice embedding dimension 5241 of 8192 predicted from the SMILES by the distilled Mamba model
feat_5242,float,,Chemical Dice embedding dimension 5242 of 8192 predicted from the SMILES by the distilled Mamba model
feat_5243,float,,Chemical Dice embedding dimension 5243 of 8192 predicted from the SMILES by the distilled Mamba model
feat_5244,float,,Chemical Dice embedding dimension 5244 of 8192 predicted from the SMILES by the distilled Mamba model
feat_5245,float,,Chemical Dice embedding dimension 5245 of 8192 predicted from the SMILES by the distilled Mamba model
feat_5246,float,,Chemical Dice embedding dimension 5246 of 8192 predicted from the SMILES by the distilled Mamba model
feat_5247,float,,Chemical Dice embedding dimension 5247 of 8192 predicted from the SMILES by the distilled Mamba model
feat_5248,float,,Chemical Dice embedding dimension 5248 of 8192 predicted from the SMILES by the distilled Mamba model
feat_5249,float,,Chemical Dice embedding dimension 5249 of 8192 predicted from the SMILES by the distilled Mamba model
feat_5250,float,,Chemical Dice embedding dimension 5250 of 8192 predicted from the SMILES by the distilled Mamba model
feat_5251,float,,Chemical Dice embedding dimension 5251 of 8192 predicted from the SMILES by the distilled Mamba model
feat_5252,float,,Chemical Dice embedding dimension 5252 of 8192 predicted from the SMILES by the distilled Mamba model
feat_5253,float,,Chemical Dice embedding dimension 5253 of 8192 predicted from the SMILES by the distilled Mamba model
feat_5254,float,,Chemical Dice embedding dimension 5254 of 8192 predicted from the SMILES by the distilled Mamba model
feat_5255,float,,Chemical Dice embedding dimension 5255 of 8192 predicted from the SMILES by the distilled Mamba model
feat_5256,float,,Chemical Dice embedding dimension 5256 of 8192 predicted from the SMILES by the distilled Mamba model
feat_5257,float,,Chemical Dice embedding dimension 5257 of 8192 predicted from the SMILES by the distilled Mamba model
feat_5258,float,,Chemical Dice embedding dimension 5258 of 8192 predicted from the SMILES by the distilled Mamba model
feat_5259,float,,Chemical Dice embedding dimension 5259 of 8192 predicted from the SMILES by the distilled Mamba model
feat_5260,float,,Chemical Dice embedding dimension 5260 of 8192 predicted from the SMILES by the distilled Mamba model
feat_5261,float,,Chemical Dice embedding dimension 5261 of 8192 predicted from the SMILES by the distilled Mamba model
feat_5262,float,,Chemical Dice embedding dimension 5262 of 8192 predicted from the SMILES by the distilled Mamba model
feat_5263,float,,Chemical Dice embedding dimension 5263 of 8192 predicted from the SMILES by the distilled Mamba model
feat_5264,float,,Chemical Dice embedding dimension 5264 of 8192 predicted from the SMILES by the distilled Mamba model
feat_5265,float,,Chemical Dice embedding dimension 5265 of 8192 predicted from the SMILES by the distilled Mamba model
feat_5266,float,,Chemical Dice embedding dimension 5266 of 8192 predicted from the SMILES by the distilled Mamba model
feat_5267,float,,Chemical Dice embedding dimension 5267 of 8192 predicted from the SMILES by the distilled Mamba model
feat_5268,float,,Chemical Dice embedding dimension 5268 of 8192 predicted from the SMILES by the distilled Mamba model
feat_5269,float,,Chemical Dice embedding dimension 5269 of 8192 predicted from the SMILES by the distilled Mamba model
feat_5270,float,,Chemical Dice embedding dimension 5270 of 8192 predicted from the SMILES by the distilled Mamba model
feat_5271,float,,Chemical Dice embedding dimension 5271 of 8192 predicted from the SMILES by the distilled Mamba model
feat_5272,float,,Chemical Dice embedding dimension 5272 of 8192 predicted from the SMILES by the distilled Mamba model
feat_5273,float,,Chemical Dice embedding dimension 5273 of 8192 predicted from the SMILES by the distilled Mamba model
feat_5274,float,,Chemical Dice embedding dimension 5274 of 8192 predicted from the SMILES by the distilled Mamba model
feat_5275,float,,Chemical Dice embedding dimension 5275 of 8192 predicted from the SMILES by the distilled Mamba model
feat_5276,float,,Chemical Dice embedding dimension 5276 of 8192 predicted from the SMILES by the distilled Mamba model
feat_5277,float,,Chemical Dice embedding dimension 5277 of 8192 predicted from the SMILES by the distilled Mamba model
feat_5278,float,,Chemical Dice embedding dimension 5278 of 8192 predicted from the SMILES by the distilled Mamba model
feat_5279,float,,Chemical Dice embedding dimension 5279 of 8192 predicted from the SMILES by the distilled Mamba model
feat_5280,float,,Chemical Dice embedding dimension 5280 of 8192 predicted from the SMILES by the distilled Mamba model
feat_5281,float,,Chemical Dice embedding dimension 5281 of 8192 predicted from the SMILES by the distilled Mamba model
feat_5282,float,,Chemical Dice embedding dimension 5282 of 8192 predicted from the SMILES by the distilled Mamba model
feat_5283,float,,Chemical Dice embedding dimension 5283 of 8192 predicted from the SMILES by the distilled Mamba model
feat_5284,float,,Chemical Dice embedding dimension 5284 of 8192 predicted from the SMILES by the distilled Mamba model
feat_5285,float,,Chemical Dice embedding dimension 5285 of 8192 predicted from the SMILES by the distilled Mamba model
feat_5286,float,,Chemical Dice embedding dimension 5286 of 8192 predicted from the SMILES by the distilled Mamba model
feat_5287,float,,Chemical Dice embedding dimension 5287 of 8192 predicted from the SMILES by the distilled Mamba model
feat_5288,float,,Chemical Dice embedding dimension 5288 of 8192 predicted from the SMILES by the distilled Mamba model
feat_5289,float,,Chemical Dice embedding dimension 5289 of 8192 predicted from the SMILES by the distilled Mamba model
feat_5290,float,,Chemical Dice embedding dimension 5290 of 8192 predicted from the SMILES by the distilled Mamba model
feat_5291,float,,Chemical Dice embedding dimension 5291 of 8192 predicted from the SMILES by the distilled Mamba model
feat_5292,float,,Chemical Dice embedding dimension 5292 of 8192 predicted from the SMILES by the distilled Mamba model
feat_5293,float,,Chemical Dice embedding dimension 5293 of 8192 predicted from the SMILES by the distilled Mamba model
feat_5294,float,,Chemical Dice embedding dimension 5294 of 8192 predicted from the SMILES by the distilled Mamba model
feat_5295,float,,Chemical Dice embedding dimension 5295 of 8192 predicted from the SMILES by the distilled Mamba model
feat_5296,float,,Chemical Dice embedding dimension 5296 of 8192 predicted from the SMILES by the distilled Mamba model
feat_5297,float,,Chemical Dice embedding dimension 5297 of 8192 predicted from the SMILES by the distilled Mamba model
feat_5298,float,,Chemical Dice embedding dimension 5298 of 8192 predicted from the SMILES by the distilled Mamba model
feat_5299,float,,Chemical Dice embedding dimension 5299 of 8192 predicted from the SMILES by the distilled Mamba model
feat_5300,float,,Chemical Dice embedding dimension 5300 of 8192 predicted from the SMILES by the distilled Mamba model
feat_5301,float,,Chemical Dice embedding dimension 5301 of 8192 predicted from the SMILES by the distilled Mamba model
feat_5302,float,,Chemical Dice embedding dimension 5302 of 8192 predicted from the SMILES by the distilled Mamba model
feat_5303,float,,Chemical Dice embedding dimension 5303 of 8192 predicted from the SMILES by the distilled Mamba model
feat_5304,float,,Chemical Dice embedding dimension 5304 of 8192 predicted from the SMILES by the distilled Mamba model
feat_5305,float,,Chemical Dice embedding dimension 5305 of 8192 predicted from the SMILES by the distilled Mamba model
feat_5306,float,,Chemical Dice embedding dimension 5306 of 8192 predicted from the SMILES by the distilled Mamba model
feat_5307,float,,Chemical Dice embedding dimension 5307 of 8192 predicted from the SMILES by the distilled Mamba model
feat_5308,float,,Chemical Dice embedding dimension 5308 of 8192 predicted from the SMILES by the distilled Mamba model
feat_5309,float,,Chemical Dice embedding dimension 5309 of 8192 predicted from the SMILES by the distilled Mamba model
feat_5310,float,,Chemical Dice embedding dimension 5310 of 8192 predicted from the SMILES by the distilled Mamba model
feat_5311,float,,Chemical Dice embedding dimension 5311 of 8192 predicted from the SMILES by the distilled Mamba model
feat_5312,float,,Chemical Dice embedding dimension 5312 of 8192 predicted from the SMILES by the distilled Mamba model
feat_5313,float,,Chemical Dice embedding dimension 5313 of 8192 predicted from the SMILES by the distilled Mamba model
feat_5314,float,,Chemical Dice embedding dimension 5314 of 8192 predicted from the SMILES by the distilled Mamba model
feat_5315,float,,Chemical Dice embedding dimension 5315 of 8192 predicted from the SMILES by the distilled Mamba model
feat_5316,float,,Chemical Dice embedding dimension 5316 of 8192 predicted from the SMILES by the distilled Mamba model
feat_5317,float,,Chemical Dice embedding dimension 5317 of 8192 predicted from the SMILES by the distilled Mamba model
feat_5318,float,,Chemical Dice embedding dimension 5318 of 8192 predicted from the SMILES by the distilled Mamba model
feat_5319,float,,Chemical Dice embedding dimension 5319 of 8192 predicted from the SMILES by the distilled Mamba model
feat_5320,float,,Chemical Dice embedding dimension 5320 of 8192 predicted from the SMILES by the distilled Mamba model
feat_5321,float,,Chemical Dice embedding dimension 5321 of 8192 predicted from the SMILES by the distilled Mamba model
feat_5322,float,,Chemical Dice embedding dimension 5322 of 8192 predicted from the SMILES by the distilled Mamba model
feat_5323,float,,Chemical Dice embedding dimension 5323 of 8192 predicted from the SMILES by the distilled Mamba model
feat_5324,float,,Chemical Dice embedding dimension 5324 of 8192 predicted from the SMILES by the distilled Mamba model
feat_5325,float,,Chemical Dice embedding dimension 5325 of 8192 predicted from the SMILES by the distilled Mamba model
feat_5326,float,,Chemical Dice embedding dimension 5326 of 8192 predicted from the SMILES by the distilled Mamba model
feat_5327,float,,Chemical Dice embedding dimension 5327 of 8192 predicted from the SMILES by the distilled Mamba model
feat_5328,float,,Chemical Dice embedding dimension 5328 of 8192 predicted from the SMILES by the distilled Mamba model
feat_5329,float,,Chemical Dice embedding dimension 5329 of 8192 predicted from the SMILES by the distilled Mamba model
feat_5330,float,,Chemical Dice embedding dimension 5330 of 8192 predicted from the SMILES by the distilled Mamba model
feat_5331,float,,Chemical Dice embedding dimension 5331 of 8192 predicted from the SMILES by the distilled Mamba model
feat_5332,float,,Chemical Dice embedding dimension 5332 of 8192 predicted from the SMILES by the distilled Mamba model
feat_5333,float,,Chemical Dice embedding dimension 5333 of 8192 predicted from the SMILES by the distilled Mamba model
feat_5334,float,,Chemical Dice embedding dimension 5334 of 8192 predicted from the SMILES by the distilled Mamba model
feat_5335,float,,Chemical Dice embedding dimension 5335 of 8192 predicted from the SMILES by the distilled Mamba model
feat_5336,float,,Chemical Dice embedding dimension 5336 of 8192 predicted from the SMILES by the distilled Mamba model
feat_5337,float,,Chemical Dice embedding dimension 5337 of 8192 predicted from the SMILES by the distilled Mamba model
feat_5338,float,,Chemical Dice embedding dimension 5338 of 8192 predicted from the SMILES by the distilled Mamba model
feat_5339,float,,Chemical Dice embedding dimension 5339 of 8192 predicted from the SMILES by the distilled Mamba model
feat_5340,float,,Chemical Dice embedding dimension 5340 of 8192 predicted from the SMILES by the distilled Mamba model
feat_5341,float,,Chemical Dice embedding dimension 5341 of 8192 predicted from the SMILES by the distilled Mamba model
feat_5342,float,,Chemical Dice embedding dimension 5342 of 8192 predicted from the SMILES by the distilled Mamba model
feat_5343,float,,Chemical Dice embedding dimension 5343 of 8192 predicted from the SMILES by the distilled Mamba model
feat_5344,float,,Chemical Dice embedding dimension 5344 of 8192 predicted from the SMILES by the distilled Mamba model
feat_5345,float,,Chemical Dice embedding dimension 5345 of 8192 predicted from the SMILES by the distilled Mamba model
feat_5346,float,,Chemical Dice embedding dimension 5346 of 8192 predicted from the SMILES by the distilled Mamba model
feat_5347,float,,Chemical Dice embedding dimension 5347 of 8192 predicted from the SMILES by the distilled Mamba model
feat_5348,float,,Chemical Dice embedding dimension 5348 of 8192 predicted from the SMILES by the distilled Mamba model
feat_5349,float,,Chemical Dice embedding dimension 5349 of 8192 predicted from the SMILES by the distilled Mamba model
feat_5350,float,,Chemical Dice embedding dimension 5350 of 8192 predicted from the SMILES by the distilled Mamba model
feat_5351,float,,Chemical Dice embedding dimension 5351 of 8192 predicted from the SMILES by the distilled Mamba model
feat_5352,float,,Chemical Dice embedding dimension 5352 of 8192 predicted from the SMILES by the distilled Mamba model
feat_5353,float,,Chemical Dice embedding dimension 5353 of 8192 predicted from the SMILES by the distilled Mamba model
feat_5354,float,,Chemical Dice embedding dimension 5354 of 8192 predicted from the SMILES by the distilled Mamba model
feat_5355,float,,Chemical Dice embedding dimension 5355 of 8192 predicted from the SMILES by the distilled Mamba model
feat_5356,float,,Chemical Dice embedding dimension 5356 of 8192 predicted from the SMILES by the distilled Mamba model
feat_5357,float,,Chemical Dice embedding dimension 5357 of 8192 predicted from the SMILES by the distilled Mamba model
feat_5358,float,,Chemical Dice embedding dimension 5358 of 8192 predicted from the SMILES by the distilled Mamba model
feat_5359,float,,Chemical Dice embedding dimension 5359 of 8192 predicted from the SMILES by the distilled Mamba model
feat_5360,float,,Chemical Dice embedding dimension 5360 of 8192 predicted from the SMILES by the distilled Mamba model
feat_5361,float,,Chemical Dice embedding dimension 5361 of 8192 predicted from the SMILES by the distilled Mamba model
feat_5362,float,,Chemical Dice embedding dimension 5362 of 8192 predicted from the SMILES by the distilled Mamba model
feat_5363,float,,Chemical Dice embedding dimension 5363 of 8192 predicted from the SMILES by the distilled Mamba model
feat_5364,float,,Chemical Dice embedding dimension 5364 of 8192 predicted from the SMILES by the distilled Mamba model
feat_5365,float,,Chemical Dice embedding dimension 5365 of 8192 predicted from the SMILES by the distilled Mamba model
feat_5366,float,,Chemical Dice embedding dimension 5366 of 8192 predicted from the SMILES by the distilled Mamba model
feat_5367,float,,Chemical Dice embedding dimension 5367 of 8192 predicted from the SMILES by the distilled Mamba model
feat_5368,float,,Chemical Dice embedding dimension 5368 of 8192 predicted from the SMILES by the distilled Mamba model
feat_5369,float,,Chemical Dice embedding dimension 5369 of 8192 predicted from the SMILES by the distilled Mamba model
feat_5370,float,,Chemical Dice embedding dimension 5370 of 8192 predicted from the SMILES by the distilled Mamba model
feat_5371,float,,Chemical Dice embedding dimension 5371 of 8192 predicted from the SMILES by the distilled Mamba model
feat_5372,float,,Chemical Dice embedding dimension 5372 of 8192 predicted from the SMILES by the distilled Mamba model
feat_5373,float,,Chemical Dice embedding dimension 5373 of 8192 predicted from the SMILES by the distilled Mamba model
feat_5374,float,,Chemical Dice embedding dimension 5374 of 8192 predicted from the SMILES by the distilled Mamba model
feat_5375,float,,Chemical Dice embedding dimension 5375 of 8192 predicted from the SMILES by the distilled Mamba model
feat_5376,float,,Chemical Dice embedding dimension 5376 of 8192 predicted from the SMILES by the distilled Mamba model
feat_5377,float,,Chemical Dice embedding dimension 5377 of 8192 predicted from the SMILES by the distilled Mamba model
feat_5378,float,,Chemical Dice embedding dimension 5378 of 8192 predicted from the SMILES by the distilled Mamba model
feat_5379,float,,Chemical Dice embedding dimension 5379 of 8192 predicted from the SMILES by the distilled Mamba model
feat_5380,float,,Chemical Dice embedding dimension 5380 of 8192 predicted from the SMILES by the distilled Mamba model
feat_5381,float,,Chemical Dice embedding dimension 5381 of 8192 predicted from the SMILES by the distilled Mamba model
feat_5382,float,,Chemical Dice embedding dimension 5382 of 8192 predicted from the SMILES by the distilled Mamba model
feat_5383,float,,Chemical Dice embedding dimension 5383 of 8192 predicted from the SMILES by the distilled Mamba model
feat_5384,float,,Chemical Dice embedding dimension 5384 of 8192 predicted from the SMILES by the distilled Mamba model
feat_5385,float,,Chemical Dice embedding dimension 5385 of 8192 predicted from the SMILES by the distilled Mamba model
feat_5386,float,,Chemical Dice embedding dimension 5386 of 8192 predicted from the SMILES by the distilled Mamba model
feat_5387,float,,Chemical Dice embedding dimension 5387 of 8192 predicted from the SMILES by the distilled Mamba model
feat_5388,float,,Chemical Dice embedding dimension 5388 of 8192 predicted from the SMILES by the distilled Mamba model
feat_5389,float,,Chemical Dice embedding dimension 5389 of 8192 predicted from the SMILES by the distilled Mamba model
feat_5390,float,,Chemical Dice embedding dimension 5390 of 8192 predicted from the SMILES by the distilled Mamba model
feat_5391,float,,Chemical Dice embedding dimension 5391 of 8192 predicted from the SMILES by the distilled Mamba model
feat_5392,float,,Chemical Dice embedding dimension 5392 of 8192 predicted from the SMILES by the distilled Mamba model
feat_5393,float,,Chemical Dice embedding dimension 5393 of 8192 predicted from the SMILES by the distilled Mamba model
feat_5394,float,,Chemical Dice embedding dimension 5394 of 8192 predicted from the SMILES by the distilled Mamba model
feat_5395,float,,Chemical Dice embedding dimension 5395 of 8192 predicted from the SMILES by the distilled Mamba model
feat_5396,float,,Chemical Dice embedding dimension 5396 of 8192 predicted from the SMILES by the distilled Mamba model
feat_5397,float,,Chemical Dice embedding dimension 5397 of 8192 predicted from the SMILES by the distilled Mamba model
feat_5398,float,,Chemical Dice embedding dimension 5398 of 8192 predicted from the SMILES by the distilled Mamba model
feat_5399,float,,Chemical Dice embedding dimension 5399 of 8192 predicted from the SMILES by the distilled Mamba model
feat_5400,float,,Chemical Dice embedding dimension 5400 of 8192 predicted from the SMILES by the distilled Mamba model
feat_5401,float,,Chemical Dice embedding dimension 5401 of 8192 predicted from the SMILES by the distilled Mamba model
feat_5402,float,,Chemical Dice embedding dimension 5402 of 8192 predicted from the SMILES by the distilled Mamba model
feat_5403,float,,Chemical Dice embedding dimension 5403 of 8192 predicted from the SMILES by the distilled Mamba model
feat_5404,float,,Chemical Dice embedding dimension 5404 of 8192 predicted from the SMILES by the distilled Mamba model
feat_5405,float,,Chemical Dice embedding dimension 5405 of 8192 predicted from the SMILES by the distilled Mamba model
feat_5406,float,,Chemical Dice embedding dimension 5406 of 8192 predicted from the SMILES by the distilled Mamba model
feat_5407,float,,Chemical Dice embedding dimension 5407 of 8192 predicted from the SMILES by the distilled Mamba model
feat_5408,float,,Chemical Dice embedding dimension 5408 of 8192 predicted from the SMILES by the distilled Mamba model
feat_5409,float,,Chemical Dice embedding dimension 5409 of 8192 predicted from the SMILES by the distilled Mamba model
feat_5410,float,,Chemical Dice embedding dimension 5410 of 8192 predicted from the SMILES by the distilled Mamba model
feat_5411,float,,Chemical Dice embedding dimension 5411 of 8192 predicted from the SMILES by the distilled Mamba model
feat_5412,float,,Chemical Dice embedding dimension 5412 of 8192 predicted from the SMILES by the distilled Mamba model
feat_5413,float,,Chemical Dice embedding dimension 5413 of 8192 predicted from the SMILES by the distilled Mamba model
feat_5414,float,,Chemical Dice embedding dimension 5414 of 8192 predicted from the SMILES by the distilled Mamba model
feat_5415,float,,Chemical Dice embedding dimension 5415 of 8192 predicted from the SMILES by the distilled Mamba model
feat_5416,float,,Chemical Dice embedding dimension 5416 of 8192 predicted from the SMILES by the distilled Mamba model
feat_5417,float,,Chemical Dice embedding dimension 5417 of 8192 predicted from the SMILES by the distilled Mamba model
feat_5418,float,,Chemical Dice embedding dimension 5418 of 8192 predicted from the SMILES by the distilled Mamba model
feat_5419,float,,Chemical Dice embedding dimension 5419 of 8192 predicted from the SMILES by the distilled Mamba model
feat_5420,float,,Chemical Dice embedding dimension 5420 of 8192 predicted from the SMILES by the distilled Mamba model
feat_5421,float,,Chemical Dice embedding dimension 5421 of 8192 predicted from the SMILES by the distilled Mamba model
feat_5422,float,,Chemical Dice embedding dimension 5422 of 8192 predicted from the SMILES by the distilled Mamba model
feat_5423,float,,Chemical Dice embedding dimension 5423 of 8192 predicted from the SMILES by the distilled Mamba model
feat_5424,float,,Chemical Dice embedding dimension 5424 of 8192 predicted from the SMILES by the distilled Mamba model
feat_5425,float,,Chemical Dice embedding dimension 5425 of 8192 predicted from the SMILES by the distilled Mamba model
feat_5426,float,,Chemical Dice embedding dimension 5426 of 8192 predicted from the SMILES by the distilled Mamba model
feat_5427,float,,Chemical Dice embedding dimension 5427 of 8192 predicted from the SMILES by the distilled Mamba model
feat_5428,float,,Chemical Dice embedding dimension 5428 of 8192 predicted from the SMILES by the distilled Mamba model
feat_5429,float,,Chemical Dice embedding dimension 5429 of 8192 predicted from the SMILES by the distilled Mamba model
feat_5430,float,,Chemical Dice embedding dimension 5430 of 8192 predicted from the SMILES by the distilled Mamba model
feat_5431,float,,Chemical Dice embedding dimension 5431 of 8192 predicted from the SMILES by the distilled Mamba model
feat_5432,float,,Chemical Dice embedding dimension 5432 of 8192 predicted from the SMILES by the distilled Mamba model
feat_5433,float,,Chemical Dice embedding dimension 5433 of 8192 predicted from the SMILES by the distilled Mamba model
feat_5434,float,,Chemical Dice embedding dimension 5434 of 8192 predicted from the SMILES by the distilled Mamba model
feat_5435,float,,Chemical Dice embedding dimension 5435 of 8192 predicted from the SMILES by the distilled Mamba model
feat_5436,float,,Chemical Dice embedding dimension 5436 of 8192 predicted from the SMILES by the distilled Mamba model
feat_5437,float,,Chemical Dice embedding dimension 5437 of 8192 predicted from the SMILES by the distilled Mamba model
feat_5438,float,,Chemical Dice embedding dimension 5438 of 8192 predicted from the SMILES by the distilled Mamba model
feat_5439,float,,Chemical Dice embedding dimension 5439 of 8192 predicted from the SMILES by the distilled Mamba model
feat_5440,float,,Chemical Dice embedding dimension 5440 of 8192 predicted from the SMILES by the distilled Mamba model
feat_5441,float,,Chemical Dice embedding dimension 5441 of 8192 predicted from the SMILES by the distilled Mamba model
feat_5442,float,,Chemical Dice embedding dimension 5442 of 8192 predicted from the SMILES by the distilled Mamba model
feat_5443,float,,Chemical Dice embedding dimension 5443 of 8192 predicted from the SMILES by the distilled Mamba model
feat_5444,float,,Chemical Dice embedding dimension 5444 of 8192 predicted from the SMILES by the distilled Mamba model
feat_5445,float,,Chemical Dice embedding dimension 5445 of 8192 predicted from the SMILES by the distilled Mamba model
feat_5446,float,,Chemical Dice embedding dimension 5446 of 8192 predicted from the SMILES by the distilled Mamba model
feat_5447,float,,Chemical Dice embedding dimension 5447 of 8192 predicted from the SMILES by the distilled Mamba model
feat_5448,float,,Chemical Dice embedding dimension 5448 of 8192 predicted from the SMILES by the distilled Mamba model
feat_5449,float,,Chemical Dice embedding dimension 5449 of 8192 predicted from the SMILES by the distilled Mamba model
feat_5450,float,,Chemical Dice embedding dimension 5450 of 8192 predicted from the SMILES by the distilled Mamba model
feat_5451,float,,Chemical Dice embedding dimension 5451 of 8192 predicted from the SMILES by the distilled Mamba model
feat_5452,float,,Chemical Dice embedding dimension 5452 of 8192 predicted from the SMILES by the distilled Mamba model
feat_5453,float,,Chemical Dice embedding dimension 5453 of 8192 predicted from the SMILES by the distilled Mamba model
feat_5454,float,,Chemical Dice embedding dimension 5454 of 8192 predicted from the SMILES by the distilled Mamba model
feat_5455,float,,Chemical Dice embedding dimension 5455 of 8192 predicted from the SMILES by the distilled Mamba model
feat_5456,float,,Chemical Dice embedding dimension 5456 of 8192 predicted from the SMILES by the distilled Mamba model
feat_5457,float,,Chemical Dice embedding dimension 5457 of 8192 predicted from the SMILES by the distilled Mamba model
feat_5458,float,,Chemical Dice embedding dimension 5458 of 8192 predicted from the SMILES by the distilled Mamba model
feat_5459,float,,Chemical Dice embedding dimension 5459 of 8192 predicted from the SMILES by the distilled Mamba model
feat_5460,float,,Chemical Dice embedding dimension 5460 of 8192 predicted from the SMILES by the distilled Mamba model
feat_5461,float,,Chemical Dice embedding dimension 5461 of 8192 predicted from the SMILES by the distilled Mamba model
feat_5462,float,,Chemical Dice embedding dimension 5462 of 8192 predicted from the SMILES by the distilled Mamba model
feat_5463,float,,Chemical Dice embedding dimension 5463 of 8192 predicted from the SMILES by the distilled Mamba model
feat_5464,float,,Chemical Dice embedding dimension 5464 of 8192 predicted from the SMILES by the distilled Mamba model
feat_5465,float,,Chemical Dice embedding dimension 5465 of 8192 predicted from the SMILES by the distilled Mamba model
feat_5466,float,,Chemical Dice embedding dimension 5466 of 8192 predicted from the SMILES by the distilled Mamba model
feat_5467,float,,Chemical Dice embedding dimension 5467 of 8192 predicted from the SMILES by the distilled Mamba model
feat_5468,float,,Chemical Dice embedding dimension 5468 of 8192 predicted from the SMILES by the distilled Mamba model
feat_5469,float,,Chemical Dice embedding dimension 5469 of 8192 predicted from the SMILES by the distilled Mamba model
feat_5470,float,,Chemical Dice embedding dimension 5470 of 8192 predicted from the SMILES by the distilled Mamba model
feat_5471,float,,Chemical Dice embedding dimension 5471 of 8192 predicted from the SMILES by the distilled Mamba model
feat_5472,float,,Chemical Dice embedding dimension 5472 of 8192 predicted from the SMILES by the distilled Mamba model
feat_5473,float,,Chemical Dice embedding dimension 5473 of 8192 predicted from the SMILES by the distilled Mamba model
feat_5474,float,,Chemical Dice embedding dimension 5474 of 8192 predicted from the SMILES by the distilled Mamba model
feat_5475,float,,Chemical Dice embedding dimension 5475 of 8192 predicted from the SMILES by the distilled Mamba model
feat_5476,float,,Chemical Dice embedding dimension 5476 of 8192 predicted from the SMILES by the distilled Mamba model
feat_5477,float,,Chemical Dice embedding dimension 5477 of 8192 predicted from the SMILES by the distilled Mamba model
feat_5478,float,,Chemical Dice embedding dimension 5478 of 8192 predicted from the SMILES by the distilled Mamba model
feat_5479,float,,Chemical Dice embedding dimension 5479 of 8192 predicted from the SMILES by the distilled Mamba model
feat_5480,float,,Chemical Dice embedding dimension 5480 of 8192 predicted from the SMILES by the distilled Mamba model
feat_5481,float,,Chemical Dice embedding dimension 5481 of 8192 predicted from the SMILES by the distilled Mamba model
feat_5482,float,,Chemical Dice embedding dimension 5482 of 8192 predicted from the SMILES by the distilled Mamba model
feat_5483,float,,Chemical Dice embedding dimension 5483 of 8192 predicted from the SMILES by the distilled Mamba model
feat_5484,float,,Chemical Dice embedding dimension 5484 of 8192 predicted from the SMILES by the distilled Mamba model
feat_5485,float,,Chemical Dice embedding dimension 5485 of 8192 predicted from the SMILES by the distilled Mamba model
feat_5486,float,,Chemical Dice embedding dimension 5486 of 8192 predicted from the SMILES by the distilled Mamba model
feat_5487,float,,Chemical Dice embedding dimension 5487 of 8192 predicted from the SMILES by the distilled Mamba model
feat_5488,float,,Chemical Dice embedding dimension 5488 of 8192 predicted from the SMILES by the distilled Mamba model
feat_5489,float,,Chemical Dice embedding dimension 5489 of 8192 predicted from the SMILES by the distilled Mamba model
feat_5490,float,,Chemical Dice embedding dimension 5490 of 8192 predicted from the SMILES by the distilled Mamba model
feat_5491,float,,Chemical Dice embedding dimension 5491 of 8192 predicted from the SMILES by the distilled Mamba model
feat_5492,float,,Chemical Dice embedding dimension 5492 of 8192 predicted from the SMILES by the distilled Mamba model
feat_5493,float,,Chemical Dice embedding dimension 5493 of 8192 predicted from the SMILES by the distilled Mamba model
feat_5494,float,,Chemical Dice embedding dimension 5494 of 8192 predicted from the SMILES by the distilled Mamba model
feat_5495,float,,Chemical Dice embedding dimension 5495 of 8192 predicted from the SMILES by the distilled Mamba model
feat_5496,float,,Chemical Dice embedding dimension 5496 of 8192 predicted from the SMILES by the distilled Mamba model
feat_5497,float,,Chemical Dice embedding dimension 5497 of 8192 predicted from the SMILES by the distilled Mamba model
feat_5498,float,,Chemical Dice embedding dimension 5498 of 8192 predicted from the SMILES by the distilled Mamba model
feat_5499,float,,Chemical Dice embedding dimension 5499 of 8192 predicted from the SMILES by the distilled Mamba model
feat_5500,float,,Chemical Dice embedding dimension 5500 of 8192 predicted from the SMILES by the distilled Mamba model
feat_5501,float,,Chemical Dice embedding dimension 5501 of 8192 predicted from the SMILES by the distilled Mamba model
feat_5502,float,,Chemical Dice embedding dimension 5502 of 8192 predicted from the SMILES by the distilled Mamba model
feat_5503,float,,Chemical Dice embedding dimension 5503 of 8192 predicted from the SMILES by the distilled Mamba model
feat_5504,float,,Chemical Dice embedding dimension 5504 of 8192 predicted from the SMILES by the distilled Mamba model
feat_5505,float,,Chemical Dice embedding dimension 5505 of 8192 predicted from the SMILES by the distilled Mamba model
feat_5506,float,,Chemical Dice embedding dimension 5506 of 8192 predicted from the SMILES by the distilled Mamba model
feat_5507,float,,Chemical Dice embedding dimension 5507 of 8192 predicted from the SMILES by the distilled Mamba model
feat_5508,float,,Chemical Dice embedding dimension 5508 of 8192 predicted from the SMILES by the distilled Mamba model
feat_5509,float,,Chemical Dice embedding dimension 5509 of 8192 predicted from the SMILES by the distilled Mamba model
feat_5510,float,,Chemical Dice embedding dimension 5510 of 8192 predicted from the SMILES by the distilled Mamba model
feat_5511,float,,Chemical Dice embedding dimension 5511 of 8192 predicted from the SMILES by the distilled Mamba model
feat_5512,float,,Chemical Dice embedding dimension 5512 of 8192 predicted from the SMILES by the distilled Mamba model
feat_5513,float,,Chemical Dice embedding dimension 5513 of 8192 predicted from the SMILES by the distilled Mamba model
feat_5514,float,,Chemical Dice embedding dimension 5514 of 8192 predicted from the SMILES by the distilled Mamba model
feat_5515,float,,Chemical Dice embedding dimension 5515 of 8192 predicted from the SMILES by the distilled Mamba model
feat_5516,float,,Chemical Dice embedding dimension 5516 of 8192 predicted from the SMILES by the distilled Mamba model
feat_5517,float,,Chemical Dice embedding dimension 5517 of 8192 predicted from the SMILES by the distilled Mamba model
feat_5518,float,,Chemical Dice embedding dimension 5518 of 8192 predicted from the SMILES by the distilled Mamba model
feat_5519,float,,Chemical Dice embedding dimension 5519 of 8192 predicted from the SMILES by the distilled Mamba model
feat_5520,float,,Chemical Dice embedding dimension 5520 of 8192 predicted from the SMILES by the distilled Mamba model
feat_5521,float,,Chemical Dice embedding dimension 5521 of 8192 predicted from the SMILES by the distilled Mamba model
feat_5522,float,,Chemical Dice embedding dimension 5522 of 8192 predicted from the SMILES by the distilled Mamba model
feat_5523,float,,Chemical Dice embedding dimension 5523 of 8192 predicted from the SMILES by the distilled Mamba model
feat_5524,float,,Chemical Dice embedding dimension 5524 of 8192 predicted from the SMILES by the distilled Mamba model
feat_5525,float,,Chemical Dice embedding dimension 5525 of 8192 predicted from the SMILES by the distilled Mamba model
feat_5526,float,,Chemical Dice embedding dimension 5526 of 8192 predicted from the SMILES by the distilled Mamba model
feat_5527,float,,Chemical Dice embedding dimension 5527 of 8192 predicted from the SMILES by the distilled Mamba model
feat_5528,float,,Chemical Dice embedding dimension 5528 of 8192 predicted from the SMILES by the distilled Mamba model
feat_5529,float,,Chemical Dice embedding dimension 5529 of 8192 predicted from the SMILES by the distilled Mamba model
feat_5530,float,,Chemical Dice embedding dimension 5530 of 8192 predicted from the SMILES by the distilled Mamba model
feat_5531,float,,Chemical Dice embedding dimension 5531 of 8192 predicted from the SMILES by the distilled Mamba model
feat_5532,float,,Chemical Dice embedding dimension 5532 of 8192 predicted from the SMILES by the distilled Mamba model
feat_5533,float,,Chemical Dice embedding dimension 5533 of 8192 predicted from the SMILES by the distilled Mamba model
feat_5534,float,,Chemical Dice embedding dimension 5534 of 8192 predicted from the SMILES by the distilled Mamba model
feat_5535,float,,Chemical Dice embedding dimension 5535 of 8192 predicted from the SMILES by the distilled Mamba model
feat_5536,float,,Chemical Dice embedding dimension 5536 of 8192 predicted from the SMILES by the distilled Mamba model
feat_5537,float,,Chemical Dice embedding dimension 5537 of 8192 predicted from the SMILES by the distilled Mamba model
feat_5538,float,,Chemical Dice embedding dimension 5538 of 8192 predicted from the SMILES by the distilled Mamba model
feat_5539,float,,Chemical Dice embedding dimension 5539 of 8192 predicted from the SMILES by the distilled Mamba model
feat_5540,float,,Chemical Dice embedding dimension 5540 of 8192 predicted from the SMILES by the distilled Mamba model
feat_5541,float,,Chemical Dice embedding dimension 5541 of 8192 predicted from the SMILES by the distilled Mamba model
feat_5542,float,,Chemical Dice embedding dimension 5542 of 8192 predicted from the SMILES by the distilled Mamba model
feat_5543,float,,Chemical Dice embedding dimension 5543 of 8192 predicted from the SMILES by the distilled Mamba model
feat_5544,float,,Chemical Dice embedding dimension 5544 of 8192 predicted from the SMILES by the distilled Mamba model
feat_5545,float,,Chemical Dice embedding dimension 5545 of 8192 predicted from the SMILES by the distilled Mamba model
feat_5546,float,,Chemical Dice embedding dimension 5546 of 8192 predicted from the SMILES by the distilled Mamba model
feat_5547,float,,Chemical Dice embedding dimension 5547 of 8192 predicted from the SMILES by the distilled Mamba model
feat_5548,float,,Chemical Dice embedding dimension 5548 of 8192 predicted from the SMILES by the distilled Mamba model
feat_5549,float,,Chemical Dice embedding dimension 5549 of 8192 predicted from the SMILES by the distilled Mamba model
feat_5550,float,,Chemical Dice embedding dimension 5550 of 8192 predicted from the SMILES by the distilled Mamba model
feat_5551,float,,Chemical Dice embedding dimension 5551 of 8192 predicted from the SMILES by the distilled Mamba model
feat_5552,float,,Chemical Dice embedding dimension 5552 of 8192 predicted from the SMILES by the distilled Mamba model
feat_5553,float,,Chemical Dice embedding dimension 5553 of 8192 predicted from the SMILES by the distilled Mamba model
feat_5554,float,,Chemical Dice embedding dimension 5554 of 8192 predicted from the SMILES by the distilled Mamba model
feat_5555,float,,Chemical Dice embedding dimension 5555 of 8192 predicted from the SMILES by the distilled Mamba model
feat_5556,float,,Chemical Dice embedding dimension 5556 of 8192 predicted from the SMILES by the distilled Mamba model
feat_5557,float,,Chemical Dice embedding dimension 5557 of 8192 predicted from the SMILES by the distilled Mamba model
feat_5558,float,,Chemical Dice embedding dimension 5558 of 8192 predicted from the SMILES by the distilled Mamba model
feat_5559,float,,Chemical Dice embedding dimension 5559 of 8192 predicted from the SMILES by the distilled Mamba model
feat_5560,float,,Chemical Dice embedding dimension 5560 of 8192 predicted from the SMILES by the distilled Mamba model
feat_5561,float,,Chemical Dice embedding dimension 5561 of 8192 predicted from the SMILES by the distilled Mamba model
feat_5562,float,,Chemical Dice embedding dimension 5562 of 8192 predicted from the SMILES by the distilled Mamba model
feat_5563,float,,Chemical Dice embedding dimension 5563 of 8192 predicted from the SMILES by the distilled Mamba model
feat_5564,float,,Chemical Dice embedding dimension 5564 of 8192 predicted from the SMILES by the distilled Mamba model
feat_5565,float,,Chemical Dice embedding dimension 5565 of 8192 predicted from the SMILES by the distilled Mamba model
feat_5566,float,,Chemical Dice embedding dimension 5566 of 8192 predicted from the SMILES by the distilled Mamba model
feat_5567,float,,Chemical Dice embedding dimension 5567 of 8192 predicted from the SMILES by the distilled Mamba model
feat_5568,float,,Chemical Dice embedding dimension 5568 of 8192 predicted from the SMILES by the distilled Mamba model
feat_5569,float,,Chemical Dice embedding dimension 5569 of 8192 predicted from the SMILES by the distilled Mamba model
feat_5570,float,,Chemical Dice embedding dimension 5570 of 8192 predicted from the SMILES by the distilled Mamba model
feat_5571,float,,Chemical Dice embedding dimension 5571 of 8192 predicted from the SMILES by the distilled Mamba model
feat_5572,float,,Chemical Dice embedding dimension 5572 of 8192 predicted from the SMILES by the distilled Mamba model
feat_5573,float,,Chemical Dice embedding dimension 5573 of 8192 predicted from the SMILES by the distilled Mamba model
feat_5574,float,,Chemical Dice embedding dimension 5574 of 8192 predicted from the SMILES by the distilled Mamba model
feat_5575,float,,Chemical Dice embedding dimension 5575 of 8192 predicted from the SMILES by the distilled Mamba model
feat_5576,float,,Chemical Dice embedding dimension 5576 of 8192 predicted from the SMILES by the distilled Mamba model
feat_5577,float,,Chemical Dice embedding dimension 5577 of 8192 predicted from the SMILES by the distilled Mamba model
feat_5578,float,,Chemical Dice embedding dimension 5578 of 8192 predicted from the SMILES by the distilled Mamba model
feat_5579,float,,Chemical Dice embedding dimension 5579 of 8192 predicted from the SMILES by the distilled Mamba model
feat_5580,float,,Chemical Dice embedding dimension 5580 of 8192 predicted from the SMILES by the distilled Mamba model
feat_5581,float,,Chemical Dice embedding dimension 5581 of 8192 predicted from the SMILES by the distilled Mamba model
feat_5582,float,,Chemical Dice embedding dimension 5582 of 8192 predicted from the SMILES by the distilled Mamba model
feat_5583,float,,Chemical Dice embedding dimension 5583 of 8192 predicted from the SMILES by the distilled Mamba model
feat_5584,float,,Chemical Dice embedding dimension 5584 of 8192 predicted from the SMILES by the distilled Mamba model
feat_5585,float,,Chemical Dice embedding dimension 5585 of 8192 predicted from the SMILES by the distilled Mamba model
feat_5586,float,,Chemical Dice embedding dimension 5586 of 8192 predicted from the SMILES by the distilled Mamba model
feat_5587,float,,Chemical Dice embedding dimension 5587 of 8192 predicted from the SMILES by the distilled Mamba model
feat_5588,float,,Chemical Dice embedding dimension 5588 of 8192 predicted from the SMILES by the distilled Mamba model
feat_5589,float,,Chemical Dice embedding dimension 5589 of 8192 predicted from the SMILES by the distilled Mamba model
feat_5590,float,,Chemical Dice embedding dimension 5590 of 8192 predicted from the SMILES by the distilled Mamba model
feat_5591,float,,Chemical Dice embedding dimension 5591 of 8192 predicted from the SMILES by the distilled Mamba model
feat_5592,float,,Chemical Dice embedding dimension 5592 of 8192 predicted from the SMILES by the distilled Mamba model
feat_5593,float,,Chemical Dice embedding dimension 5593 of 8192 predicted from the SMILES by the distilled Mamba model
feat_5594,float,,Chemical Dice embedding dimension 5594 of 8192 predicted from the SMILES by the distilled Mamba model
feat_5595,float,,Chemical Dice embedding dimension 5595 of 8192 predicted from the SMILES by the distilled Mamba model
feat_5596,float,,Chemical Dice embedding dimension 5596 of 8192 predicted from the SMILES by the distilled Mamba model
feat_5597,float,,Chemical Dice embedding dimension 5597 of 8192 predicted from the SMILES by the distilled Mamba model
feat_5598,float,,Chemical Dice embedding dimension 5598 of 8192 predicted from the SMILES by the distilled Mamba model
feat_5599,float,,Chemical Dice embedding dimension 5599 of 8192 predicted from the SMILES by the distilled Mamba model
feat_5600,float,,Chemical Dice embedding dimension 5600 of 8192 predicted from the SMILES by the distilled Mamba model
feat_5601,float,,Chemical Dice embedding dimension 5601 of 8192 predicted from the SMILES by the distilled Mamba model
feat_5602,float,,Chemical Dice embedding dimension 5602 of 8192 predicted from the SMILES by the distilled Mamba model
feat_5603,float,,Chemical Dice embedding dimension 5603 of 8192 predicted from the SMILES by the distilled Mamba model
feat_5604,float,,Chemical Dice embedding dimension 5604 of 8192 predicted from the SMILES by the distilled Mamba model
feat_5605,float,,Chemical Dice embedding dimension 5605 of 8192 predicted from the SMILES by the distilled Mamba model
feat_5606,float,,Chemical Dice embedding dimension 5606 of 8192 predicted from the SMILES by the distilled Mamba model
feat_5607,float,,Chemical Dice embedding dimension 5607 of 8192 predicted from the SMILES by the distilled Mamba model
feat_5608,float,,Chemical Dice embedding dimension 5608 of 8192 predicted from the SMILES by the distilled Mamba model
feat_5609,float,,Chemical Dice embedding dimension 5609 of 8192 predicted from the SMILES by the distilled Mamba model
feat_5610,float,,Chemical Dice embedding dimension 5610 of 8192 predicted from the SMILES by the distilled Mamba model
feat_5611,float,,Chemical Dice embedding dimension 5611 of 8192 predicted from the SMILES by the distilled Mamba model
feat_5612,float,,Chemical Dice embedding dimension 5612 of 8192 predicted from the SMILES by the distilled Mamba model
feat_5613,float,,Chemical Dice embedding dimension 5613 of 8192 predicted from the SMILES by the distilled Mamba model
feat_5614,float,,Chemical Dice embedding dimension 5614 of 8192 predicted from the SMILES by the distilled Mamba model
feat_5615,float,,Chemical Dice embedding dimension 5615 of 8192 predicted from the SMILES by the distilled Mamba model
feat_5616,float,,Chemical Dice embedding dimension 5616 of 8192 predicted from the SMILES by the distilled Mamba model
feat_5617,float,,Chemical Dice embedding dimension 5617 of 8192 predicted from the SMILES by the distilled Mamba model
feat_5618,float,,Chemical Dice embedding dimension 5618 of 8192 predicted from the SMILES by the distilled Mamba model
feat_5619,float,,Chemical Dice embedding dimension 5619 of 8192 predicted from the SMILES by the distilled Mamba model
feat_5620,float,,Chemical Dice embedding dimension 5620 of 8192 predicted from the SMILES by the distilled Mamba model
feat_5621,float,,Chemical Dice embedding dimension 5621 of 8192 predicted from the SMILES by the distilled Mamba model
feat_5622,float,,Chemical Dice embedding dimension 5622 of 8192 predicted from the SMILES by the distilled Mamba model
feat_5623,float,,Chemical Dice embedding dimension 5623 of 8192 predicted from the SMILES by the distilled Mamba model
feat_5624,float,,Chemical Dice embedding dimension 5624 of 8192 predicted from the SMILES by the distilled Mamba model
feat_5625,float,,Chemical Dice embedding dimension 5625 of 8192 predicted from the SMILES by the distilled Mamba model
feat_5626,float,,Chemical Dice embedding dimension 5626 of 8192 predicted from the SMILES by the distilled Mamba model
feat_5627,float,,Chemical Dice embedding dimension 5627 of 8192 predicted from the SMILES by the distilled Mamba model
feat_5628,float,,Chemical Dice embedding dimension 5628 of 8192 predicted from the SMILES by the distilled Mamba model
feat_5629,float,,Chemical Dice embedding dimension 5629 of 8192 predicted from the SMILES by the distilled Mamba model
feat_5630,float,,Chemical Dice embedding dimension 5630 of 8192 predicted from the SMILES by the distilled Mamba model
feat_5631,float,,Chemical Dice embedding dimension 5631 of 8192 predicted from the SMILES by the distilled Mamba model
feat_5632,float,,Chemical Dice embedding dimension 5632 of 8192 predicted from the SMILES by the distilled Mamba model
feat_5633,float,,Chemical Dice embedding dimension 5633 of 8192 predicted from the SMILES by the distilled Mamba model
feat_5634,float,,Chemical Dice embedding dimension 5634 of 8192 predicted from the SMILES by the distilled Mamba model
feat_5635,float,,Chemical Dice embedding dimension 5635 of 8192 predicted from the SMILES by the distilled Mamba model
feat_5636,float,,Chemical Dice embedding dimension 5636 of 8192 predicted from the SMILES by the distilled Mamba model
feat_5637,float,,Chemical Dice embedding dimension 5637 of 8192 predicted from the SMILES by the distilled Mamba model
feat_5638,float,,Chemical Dice embedding dimension 5638 of 8192 predicted from the SMILES by the distilled Mamba model
feat_5639,float,,Chemical Dice embedding dimension 5639 of 8192 predicted from the SMILES by the distilled Mamba model
feat_5640,float,,Chemical Dice embedding dimension 5640 of 8192 predicted from the SMILES by the distilled Mamba model
feat_5641,float,,Chemical Dice embedding dimension 5641 of 8192 predicted from the SMILES by the distilled Mamba model
feat_5642,float,,Chemical Dice embedding dimension 5642 of 8192 predicted from the SMILES by the distilled Mamba model
feat_5643,float,,Chemical Dice embedding dimension 5643 of 8192 predicted from the SMILES by the distilled Mamba model
feat_5644,float,,Chemical Dice embedding dimension 5644 of 8192 predicted from the SMILES by the distilled Mamba model
feat_5645,float,,Chemical Dice embedding dimension 5645 of 8192 predicted from the SMILES by the distilled Mamba model
feat_5646,float,,Chemical Dice embedding dimension 5646 of 8192 predicted from the SMILES by the distilled Mamba model
feat_5647,float,,Chemical Dice embedding dimension 5647 of 8192 predicted from the SMILES by the distilled Mamba model
feat_5648,float,,Chemical Dice embedding dimension 5648 of 8192 predicted from the SMILES by the distilled Mamba model
feat_5649,float,,Chemical Dice embedding dimension 5649 of 8192 predicted from the SMILES by the distilled Mamba model
feat_5650,float,,Chemical Dice embedding dimension 5650 of 8192 predicted from the SMILES by the distilled Mamba model
feat_5651,float,,Chemical Dice embedding dimension 5651 of 8192 predicted from the SMILES by the distilled Mamba model
feat_5652,float,,Chemical Dice embedding dimension 5652 of 8192 predicted from the SMILES by the distilled Mamba model
feat_5653,float,,Chemical Dice embedding dimension 5653 of 8192 predicted from the SMILES by the distilled Mamba model
feat_5654,float,,Chemical Dice embedding dimension 5654 of 8192 predicted from the SMILES by the distilled Mamba model
feat_5655,float,,Chemical Dice embedding dimension 5655 of 8192 predicted from the SMILES by the distilled Mamba model
feat_5656,float,,Chemical Dice embedding dimension 5656 of 8192 predicted from the SMILES by the distilled Mamba model
feat_5657,float,,Chemical Dice embedding dimension 5657 of 8192 predicted from the SMILES by the distilled Mamba model
feat_5658,float,,Chemical Dice embedding dimension 5658 of 8192 predicted from the SMILES by the distilled Mamba model
feat_5659,float,,Chemical Dice embedding dimension 5659 of 8192 predicted from the SMILES by the distilled Mamba model
feat_5660,float,,Chemical Dice embedding dimension 5660 of 8192 predicted from the SMILES by the distilled Mamba model
feat_5661,float,,Chemical Dice embedding dimension 5661 of 8192 predicted from the SMILES by the distilled Mamba model
feat_5662,float,,Chemical Dice embedding dimension 5662 of 8192 predicted from the SMILES by the distilled Mamba model
feat_5663,float,,Chemical Dice embedding dimension 5663 of 8192 predicted from the SMILES by the distilled Mamba model
feat_5664,float,,Chemical Dice embedding dimension 5664 of 8192 predicted from the SMILES by the distilled Mamba model
feat_5665,float,,Chemical Dice embedding dimension 5665 of 8192 predicted from the SMILES by the distilled Mamba model
feat_5666,float,,Chemical Dice embedding dimension 5666 of 8192 predicted from the SMILES by the distilled Mamba model
feat_5667,float,,Chemical Dice embedding dimension 5667 of 8192 predicted from the SMILES by the distilled Mamba model
feat_5668,float,,Chemical Dice embedding dimension 5668 of 8192 predicted from the SMILES by the distilled Mamba model
feat_5669,float,,Chemical Dice embedding dimension 5669 of 8192 predicted from the SMILES by the distilled Mamba model
feat_5670,float,,Chemical Dice embedding dimension 5670 of 8192 predicted from the SMILES by the distilled Mamba model
feat_5671,float,,Chemical Dice embedding dimension 5671 of 8192 predicted from the SMILES by the distilled Mamba model
feat_5672,float,,Chemical Dice embedding dimension 5672 of 8192 predicted from the SMILES by the distilled Mamba model
feat_5673,float,,Chemical Dice embedding dimension 5673 of 8192 predicted from the SMILES by the distilled Mamba model
feat_5674,float,,Chemical Dice embedding dimension 5674 of 8192 predicted from the SMILES by the distilled Mamba model
feat_5675,float,,Chemical Dice embedding dimension 5675 of 8192 predicted from the SMILES by the distilled Mamba model
feat_5676,float,,Chemical Dice embedding dimension 5676 of 8192 predicted from the SMILES by the distilled Mamba model
feat_5677,float,,Chemical Dice embedding dimension 5677 of 8192 predicted from the SMILES by the distilled Mamba model
feat_5678,float,,Chemical Dice embedding dimension 5678 of 8192 predicted from the SMILES by the distilled Mamba model
feat_5679,float,,Chemical Dice embedding dimension 5679 of 8192 predicted from the SMILES by the distilled Mamba model
feat_5680,float,,Chemical Dice embedding dimension 5680 of 8192 predicted from the SMILES by the distilled Mamba model
feat_5681,float,,Chemical Dice embedding dimension 5681 of 8192 predicted from the SMILES by the distilled Mamba model
feat_5682,float,,Chemical Dice embedding dimension 5682 of 8192 predicted from the SMILES by the distilled Mamba model
feat_5683,float,,Chemical Dice embedding dimension 5683 of 8192 predicted from the SMILES by the distilled Mamba model
feat_5684,float,,Chemical Dice embedding dimension 5684 of 8192 predicted from the SMILES by the distilled Mamba model
feat_5685,float,,Chemical Dice embedding dimension 5685 of 8192 predicted from the SMILES by the distilled Mamba model
feat_5686,float,,Chemical Dice embedding dimension 5686 of 8192 predicted from the SMILES by the distilled Mamba model
feat_5687,float,,Chemical Dice embedding dimension 5687 of 8192 predicted from the SMILES by the distilled Mamba model
feat_5688,float,,Chemical Dice embedding dimension 5688 of 8192 predicted from the SMILES by the distilled Mamba model
feat_5689,float,,Chemical Dice embedding dimension 5689 of 8192 predicted from the SMILES by the distilled Mamba model
feat_5690,float,,Chemical Dice embedding dimension 5690 of 8192 predicted from the SMILES by the distilled Mamba model
feat_5691,float,,Chemical Dice embedding dimension 5691 of 8192 predicted from the SMILES by the distilled Mamba model
feat_5692,float,,Chemical Dice embedding dimension 5692 of 8192 predicted from the SMILES by the distilled Mamba model
feat_5693,float,,Chemical Dice embedding dimension 5693 of 8192 predicted from the SMILES by the distilled Mamba model
feat_5694,float,,Chemical Dice embedding dimension 5694 of 8192 predicted from the SMILES by the distilled Mamba model
feat_5695,float,,Chemical Dice embedding dimension 5695 of 8192 predicted from the SMILES by the distilled Mamba model
feat_5696,float,,Chemical Dice embedding dimension 5696 of 8192 predicted from the SMILES by the distilled Mamba model
feat_5697,float,,Chemical Dice embedding dimension 5697 of 8192 predicted from the SMILES by the distilled Mamba model
feat_5698,float,,Chemical Dice embedding dimension 5698 of 8192 predicted from the SMILES by the distilled Mamba model
feat_5699,float,,Chemical Dice embedding dimension 5699 of 8192 predicted from the SMILES by the distilled Mamba model
feat_5700,float,,Chemical Dice embedding dimension 5700 of 8192 predicted from the SMILES by the distilled Mamba model
feat_5701,float,,Chemical Dice embedding dimension 5701 of 8192 predicted from the SMILES by the distilled Mamba model
feat_5702,float,,Chemical Dice embedding dimension 5702 of 8192 predicted from the SMILES by the distilled Mamba model
feat_5703,float,,Chemical Dice embedding dimension 5703 of 8192 predicted from the SMILES by the distilled Mamba model
feat_5704,float,,Chemical Dice embedding dimension 5704 of 8192 predicted from the SMILES by the distilled Mamba model
feat_5705,float,,Chemical Dice embedding dimension 5705 of 8192 predicted from the SMILES by the distilled Mamba model
feat_5706,float,,Chemical Dice embedding dimension 5706 of 8192 predicted from the SMILES by the distilled Mamba model
feat_5707,float,,Chemical Dice embedding dimension 5707 of 8192 predicted from the SMILES by the distilled Mamba model
feat_5708,float,,Chemical Dice embedding dimension 5708 of 8192 predicted from the SMILES by the distilled Mamba model
feat_5709,float,,Chemical Dice embedding dimension 5709 of 8192 predicted from the SMILES by the distilled Mamba model
feat_5710,float,,Chemical Dice embedding dimension 5710 of 8192 predicted from the SMILES by the distilled Mamba model
feat_5711,float,,Chemical Dice embedding dimension 5711 of 8192 predicted from the SMILES by the distilled Mamba model
feat_5712,float,,Chemical Dice embedding dimension 5712 of 8192 predicted from the SMILES by the distilled Mamba model
feat_5713,float,,Chemical Dice embedding dimension 5713 of 8192 predicted from the SMILES by the distilled Mamba model
feat_5714,float,,Chemical Dice embedding dimension 5714 of 8192 predicted from the SMILES by the distilled Mamba model
feat_5715,float,,Chemical Dice embedding dimension 5715 of 8192 predicted from the SMILES by the distilled Mamba model
feat_5716,float,,Chemical Dice embedding dimension 5716 of 8192 predicted from the SMILES by the distilled Mamba model
feat_5717,float,,Chemical Dice embedding dimension 5717 of 8192 predicted from the SMILES by the distilled Mamba model
feat_5718,float,,Chemical Dice embedding dimension 5718 of 8192 predicted from the SMILES by the distilled Mamba model
feat_5719,float,,Chemical Dice embedding dimension 5719 of 8192 predicted from the SMILES by the distilled Mamba model
feat_5720,float,,Chemical Dice embedding dimension 5720 of 8192 predicted from the SMILES by the distilled Mamba model
feat_5721,float,,Chemical Dice embedding dimension 5721 of 8192 predicted from the SMILES by the distilled Mamba model
feat_5722,float,,Chemical Dice embedding dimension 5722 of 8192 predicted from the SMILES by the distilled Mamba model
feat_5723,float,,Chemical Dice embedding dimension 5723 of 8192 predicted from the SMILES by the distilled Mamba model
feat_5724,float,,Chemical Dice embedding dimension 5724 of 8192 predicted from the SMILES by the distilled Mamba model
feat_5725,float,,Chemical Dice embedding dimension 5725 of 8192 predicted from the SMILES by the distilled Mamba model
feat_5726,float,,Chemical Dice embedding dimension 5726 of 8192 predicted from the SMILES by the distilled Mamba model
feat_5727,float,,Chemical Dice embedding dimension 5727 of 8192 predicted from the SMILES by the distilled Mamba model
feat_5728,float,,Chemical Dice embedding dimension 5728 of 8192 predicted from the SMILES by the distilled Mamba model
feat_5729,float,,Chemical Dice embedding dimension 5729 of 8192 predicted from the SMILES by the distilled Mamba model
feat_5730,float,,Chemical Dice embedding dimension 5730 of 8192 predicted from the SMILES by the distilled Mamba model
feat_5731,float,,Chemical Dice embedding dimension 5731 of 8192 predicted from the SMILES by the distilled Mamba model
feat_5732,float,,Chemical Dice embedding dimension 5732 of 8192 predicted from the SMILES by the distilled Mamba model
feat_5733,float,,Chemical Dice embedding dimension 5733 of 8192 predicted from the SMILES by the distilled Mamba model
feat_5734,float,,Chemical Dice embedding dimension 5734 of 8192 predicted from the SMILES by the distilled Mamba model
feat_5735,float,,Chemical Dice embedding dimension 5735 of 8192 predicted from the SMILES by the distilled Mamba model
feat_5736,float,,Chemical Dice embedding dimension 5736 of 8192 predicted from the SMILES by the distilled Mamba model
feat_5737,float,,Chemical Dice embedding dimension 5737 of 8192 predicted from the SMILES by the distilled Mamba model
feat_5738,float,,Chemical Dice embedding dimension 5738 of 8192 predicted from the SMILES by the distilled Mamba model
feat_5739,float,,Chemical Dice embedding dimension 5739 of 8192 predicted from the SMILES by the distilled Mamba model
feat_5740,float,,Chemical Dice embedding dimension 5740 of 8192 predicted from the SMILES by the distilled Mamba model
feat_5741,float,,Chemical Dice embedding dimension 5741 of 8192 predicted from the SMILES by the distilled Mamba model
feat_5742,float,,Chemical Dice embedding dimension 5742 of 8192 predicted from the SMILES by the distilled Mamba model
feat_5743,float,,Chemical Dice embedding dimension 5743 of 8192 predicted from the SMILES by the distilled Mamba model
feat_5744,float,,Chemical Dice embedding dimension 5744 of 8192 predicted from the SMILES by the distilled Mamba model
feat_5745,float,,Chemical Dice embedding dimension 5745 of 8192 predicted from the SMILES by the distilled Mamba model
feat_5746,float,,Chemical Dice embedding dimension 5746 of 8192 predicted from the SMILES by the distilled Mamba model
feat_5747,float,,Chemical Dice embedding dimension 5747 of 8192 predicted from the SMILES by the distilled Mamba model
feat_5748,float,,Chemical Dice embedding dimension 5748 of 8192 predicted from the SMILES by the distilled Mamba model
feat_5749,float,,Chemical Dice embedding dimension 5749 of 8192 predicted from the SMILES by the distilled Mamba model
feat_5750,float,,Chemical Dice embedding dimension 5750 of 8192 predicted from the SMILES by the distilled Mamba model
feat_5751,float,,Chemical Dice embedding dimension 5751 of 8192 predicted from the SMILES by the distilled Mamba model
feat_5752,float,,Chemical Dice embedding dimension 5752 of 8192 predicted from the SMILES by the distilled Mamba model
feat_5753,float,,Chemical Dice embedding dimension 5753 of 8192 predicted from the SMILES by the distilled Mamba model
feat_5754,float,,Chemical Dice embedding dimension 5754 of 8192 predicted from the SMILES by the distilled Mamba model
feat_5755,float,,Chemical Dice embedding dimension 5755 of 8192 predicted from the SMILES by the distilled Mamba model
feat_5756,float,,Chemical Dice embedding dimension 5756 of 8192 predicted from the SMILES by the distilled Mamba model
feat_5757,float,,Chemical Dice embedding dimension 5757 of 8192 predicted from the SMILES by the distilled Mamba model
feat_5758,float,,Chemical Dice embedding dimension 5758 of 8192 predicted from the SMILES by the distilled Mamba model
feat_5759,float,,Chemical Dice embedding dimension 5759 of 8192 predicted from the SMILES by the distilled Mamba model
feat_5760,float,,Chemical Dice embedding dimension 5760 of 8192 predicted from the SMILES by the distilled Mamba model
feat_5761,float,,Chemical Dice embedding dimension 5761 of 8192 predicted from the SMILES by the distilled Mamba model
feat_5762,float,,Chemical Dice embedding dimension 5762 of 8192 predicted from the SMILES by the distilled Mamba model
feat_5763,float,,Chemical Dice embedding dimension 5763 of 8192 predicted from the SMILES by the distilled Mamba model
feat_5764,float,,Chemical Dice embedding dimension 5764 of 8192 predicted from the SMILES by the distilled Mamba model
feat_5765,float,,Chemical Dice embedding dimension 5765 of 8192 predicted from the SMILES by the distilled Mamba model
feat_5766,float,,Chemical Dice embedding dimension 5766 of 8192 predicted from the SMILES by the distilled Mamba model
feat_5767,float,,Chemical Dice embedding dimension 5767 of 8192 predicted from the SMILES by the distilled Mamba model
feat_5768,float,,Chemical Dice embedding dimension 5768 of 8192 predicted from the SMILES by the distilled Mamba model
feat_5769,float,,Chemical Dice embedding dimension 5769 of 8192 predicted from the SMILES by the distilled Mamba model
feat_5770,float,,Chemical Dice embedding dimension 5770 of 8192 predicted from the SMILES by the distilled Mamba model
feat_5771,float,,Chemical Dice embedding dimension 5771 of 8192 predicted from the SMILES by the distilled Mamba model
feat_5772,float,,Chemical Dice embedding dimension 5772 of 8192 predicted from the SMILES by the distilled Mamba model
feat_5773,float,,Chemical Dice embedding dimension 5773 of 8192 predicted from the SMILES by the distilled Mamba model
feat_5774,float,,Chemical Dice embedding dimension 5774 of 8192 predicted from the SMILES by the distilled Mamba model
feat_5775,float,,Chemical Dice embedding dimension 5775 of 8192 predicted from the SMILES by the distilled Mamba model
feat_5776,float,,Chemical Dice embedding dimension 5776 of 8192 predicted from the SMILES by the distilled Mamba model
feat_5777,float,,Chemical Dice embedding dimension 5777 of 8192 predicted from the SMILES by the distilled Mamba model
feat_5778,float,,Chemical Dice embedding dimension 5778 of 8192 predicted from the SMILES by the distilled Mamba model
feat_5779,float,,Chemical Dice embedding dimension 5779 of 8192 predicted from the SMILES by the distilled Mamba model
feat_5780,float,,Chemical Dice embedding dimension 5780 of 8192 predicted from the SMILES by the distilled Mamba model
feat_5781,float,,Chemical Dice embedding dimension 5781 of 8192 predicted from the SMILES by the distilled Mamba model
feat_5782,float,,Chemical Dice embedding dimension 5782 of 8192 predicted from the SMILES by the distilled Mamba model
feat_5783,float,,Chemical Dice embedding dimension 5783 of 8192 predicted from the SMILES by the distilled Mamba model
feat_5784,float,,Chemical Dice embedding dimension 5784 of 8192 predicted from the SMILES by the distilled Mamba model
feat_5785,float,,Chemical Dice embedding dimension 5785 of 8192 predicted from the SMILES by the distilled Mamba model
feat_5786,float,,Chemical Dice embedding dimension 5786 of 8192 predicted from the SMILES by the distilled Mamba model
feat_5787,float,,Chemical Dice embedding dimension 5787 of 8192 predicted from the SMILES by the distilled Mamba model
feat_5788,float,,Chemical Dice embedding dimension 5788 of 8192 predicted from the SMILES by the distilled Mamba model
feat_5789,float,,Chemical Dice embedding dimension 5789 of 8192 predicted from the SMILES by the distilled Mamba model
feat_5790,float,,Chemical Dice embedding dimension 5790 of 8192 predicted from the SMILES by the distilled Mamba model
feat_5791,float,,Chemical Dice embedding dimension 5791 of 8192 predicted from the SMILES by the distilled Mamba model
feat_5792,float,,Chemical Dice embedding dimension 5792 of 8192 predicted from the SMILES by the distilled Mamba model
feat_5793,float,,Chemical Dice embedding dimension 5793 of 8192 predicted from the SMILES by the distilled Mamba model
feat_5794,float,,Chemical Dice embedding dimension 5794 of 8192 predicted from the SMILES by the distilled Mamba model
feat_5795,float,,Chemical Dice embedding dimension 5795 of 8192 predicted from the SMILES by the distilled Mamba model
feat_5796,float,,Chemical Dice embedding dimension 5796 of 8192 predicted from the SMILES by the distilled Mamba model
feat_5797,float,,Chemical Dice embedding dimension 5797 of 8192 predicted from the SMILES by the distilled Mamba model
feat_5798,float,,Chemical Dice embedding dimension 5798 of 8192 predicted from the SMILES by the distilled Mamba model
feat_5799,float,,Chemical Dice embedding dimension 5799 of 8192 predicted from the SMILES by the distilled Mamba model
feat_5800,float,,Chemical Dice embedding dimension 5800 of 8192 predicted from the SMILES by the distilled Mamba model
feat_5801,float,,Chemical Dice embedding dimension 5801 of 8192 predicted from the SMILES by the distilled Mamba model
feat_5802,float,,Chemical Dice embedding dimension 5802 of 8192 predicted from the SMILES by the distilled Mamba model
feat_5803,float,,Chemical Dice embedding dimension 5803 of 8192 predicted from the SMILES by the distilled Mamba model
feat_5804,float,,Chemical Dice embedding dimension 5804 of 8192 predicted from the SMILES by the distilled Mamba model
feat_5805,float,,Chemical Dice embedding dimension 5805 of 8192 predicted from the SMILES by the distilled Mamba model
feat_5806,float,,Chemical Dice embedding dimension 5806 of 8192 predicted from the SMILES by the distilled Mamba model
feat_5807,float,,Chemical Dice embedding dimension 5807 of 8192 predicted from the SMILES by the distilled Mamba model
feat_5808,float,,Chemical Dice embedding dimension 5808 of 8192 predicted from the SMILES by the distilled Mamba model
feat_5809,float,,Chemical Dice embedding dimension 5809 of 8192 predicted from the SMILES by the distilled Mamba model
feat_5810,float,,Chemical Dice embedding dimension 5810 of 8192 predicted from the SMILES by the distilled Mamba model
feat_5811,float,,Chemical Dice embedding dimension 5811 of 8192 predicted from the SMILES by the distilled Mamba model
feat_5812,float,,Chemical Dice embedding dimension 5812 of 8192 predicted from the SMILES by the distilled Mamba model
feat_5813,float,,Chemical Dice embedding dimension 5813 of 8192 predicted from the SMILES by the distilled Mamba model
feat_5814,float,,Chemical Dice embedding dimension 5814 of 8192 predicted from the SMILES by the distilled Mamba model
feat_5815,float,,Chemical Dice embedding dimension 5815 of 8192 predicted from the SMILES by the distilled Mamba model
feat_5816,float,,Chemical Dice embedding dimension 5816 of 8192 predicted from the SMILES by the distilled Mamba model
feat_5817,float,,Chemical Dice embedding dimension 5817 of 8192 predicted from the SMILES by the distilled Mamba model
feat_5818,float,,Chemical Dice embedding dimension 5818 of 8192 predicted from the SMILES by the distilled Mamba model
feat_5819,float,,Chemical Dice embedding dimension 5819 of 8192 predicted from the SMILES by the distilled Mamba model
feat_5820,float,,Chemical Dice embedding dimension 5820 of 8192 predicted from the SMILES by the distilled Mamba model
feat_5821,float,,Chemical Dice embedding dimension 5821 of 8192 predicted from the SMILES by the distilled Mamba model
feat_5822,float,,Chemical Dice embedding dimension 5822 of 8192 predicted from the SMILES by the distilled Mamba model
feat_5823,float,,Chemical Dice embedding dimension 5823 of 8192 predicted from the SMILES by the distilled Mamba model
feat_5824,float,,Chemical Dice embedding dimension 5824 of 8192 predicted from the SMILES by the distilled Mamba model
feat_5825,float,,Chemical Dice embedding dimension 5825 of 8192 predicted from the SMILES by the distilled Mamba model
feat_5826,float,,Chemical Dice embedding dimension 5826 of 8192 predicted from the SMILES by the distilled Mamba model
feat_5827,float,,Chemical Dice embedding dimension 5827 of 8192 predicted from the SMILES by the distilled Mamba model
feat_5828,float,,Chemical Dice embedding dimension 5828 of 8192 predicted from the SMILES by the distilled Mamba model
feat_5829,float,,Chemical Dice embedding dimension 5829 of 8192 predicted from the SMILES by the distilled Mamba model
feat_5830,float,,Chemical Dice embedding dimension 5830 of 8192 predicted from the SMILES by the distilled Mamba model
feat_5831,float,,Chemical Dice embedding dimension 5831 of 8192 predicted from the SMILES by the distilled Mamba model
feat_5832,float,,Chemical Dice embedding dimension 5832 of 8192 predicted from the SMILES by the distilled Mamba model
feat_5833,float,,Chemical Dice embedding dimension 5833 of 8192 predicted from the SMILES by the distilled Mamba model
feat_5834,float,,Chemical Dice embedding dimension 5834 of 8192 predicted from the SMILES by the distilled Mamba model
feat_5835,float,,Chemical Dice embedding dimension 5835 of 8192 predicted from the SMILES by the distilled Mamba model
feat_5836,float,,Chemical Dice embedding dimension 5836 of 8192 predicted from the SMILES by the distilled Mamba model
feat_5837,float,,Chemical Dice embedding dimension 5837 of 8192 predicted from the SMILES by the distilled Mamba model
feat_5838,float,,Chemical Dice embedding dimension 5838 of 8192 predicted from the SMILES by the distilled Mamba model
feat_5839,float,,Chemical Dice embedding dimension 5839 of 8192 predicted from the SMILES by the distilled Mamba model
feat_5840,float,,Chemical Dice embedding dimension 5840 of 8192 predicted from the SMILES by the distilled Mamba model
feat_5841,float,,Chemical Dice embedding dimension 5841 of 8192 predicted from the SMILES by the distilled Mamba model
feat_5842,float,,Chemical Dice embedding dimension 5842 of 8192 predicted from the SMILES by the distilled Mamba model
feat_5843,float,,Chemical Dice embedding dimension 5843 of 8192 predicted from the SMILES by the distilled Mamba model
feat_5844,float,,Chemical Dice embedding dimension 5844 of 8192 predicted from the SMILES by the distilled Mamba model
feat_5845,float,,Chemical Dice embedding dimension 5845 of 8192 predicted from the SMILES by the distilled Mamba model
feat_5846,float,,Chemical Dice embedding dimension 5846 of 8192 predicted from the SMILES by the distilled Mamba model
feat_5847,float,,Chemical Dice embedding dimension 5847 of 8192 predicted from the SMILES by the distilled Mamba model
feat_5848,float,,Chemical Dice embedding dimension 5848 of 8192 predicted from the SMILES by the distilled Mamba model
feat_5849,float,,Chemical Dice embedding dimension 5849 of 8192 predicted from the SMILES by the distilled Mamba model
feat_5850,float,,Chemical Dice embedding dimension 5850 of 8192 predicted from the SMILES by the distilled Mamba model
feat_5851,float,,Chemical Dice embedding dimension 5851 of 8192 predicted from the SMILES by the distilled Mamba model
feat_5852,float,,Chemical Dice embedding dimension 5852 of 8192 predicted from the SMILES by the distilled Mamba model
feat_5853,float,,Chemical Dice embedding dimension 5853 of 8192 predicted from the SMILES by the distilled Mamba model
feat_5854,float,,Chemical Dice embedding dimension 5854 of 8192 predicted from the SMILES by the distilled Mamba model
feat_5855,float,,Chemical Dice embedding dimension 5855 of 8192 predicted from the SMILES by the distilled Mamba model
feat_5856,float,,Chemical Dice embedding dimension 5856 of 8192 predicted from the SMILES by the distilled Mamba model
feat_5857,float,,Chemical Dice embedding dimension 5857 of 8192 predicted from the SMILES by the distilled Mamba model
feat_5858,float,,Chemical Dice embedding dimension 5858 of 8192 predicted from the SMILES by the distilled Mamba model
feat_5859,float,,Chemical Dice embedding dimension 5859 of 8192 predicted from the SMILES by the distilled Mamba model
feat_5860,float,,Chemical Dice embedding dimension 5860 of 8192 predicted from the SMILES by the distilled Mamba model
feat_5861,float,,Chemical Dice embedding dimension 5861 of 8192 predicted from the SMILES by the distilled Mamba model
feat_5862,float,,Chemical Dice embedding dimension 5862 of 8192 predicted from the SMILES by the distilled Mamba model
feat_5863,float,,Chemical Dice embedding dimension 5863 of 8192 predicted from the SMILES by the distilled Mamba model
feat_5864,float,,Chemical Dice embedding dimension 5864 of 8192 predicted from the SMILES by the distilled Mamba model
feat_5865,float,,Chemical Dice embedding dimension 5865 of 8192 predicted from the SMILES by the distilled Mamba model
feat_5866,float,,Chemical Dice embedding dimension 5866 of 8192 predicted from the SMILES by the distilled Mamba model
feat_5867,float,,Chemical Dice embedding dimension 5867 of 8192 predicted from the SMILES by the distilled Mamba model
feat_5868,float,,Chemical Dice embedding dimension 5868 of 8192 predicted from the SMILES by the distilled Mamba model
feat_5869,float,,Chemical Dice embedding dimension 5869 of 8192 predicted from the SMILES by the distilled Mamba model
feat_5870,float,,Chemical Dice embedding dimension 5870 of 8192 predicted from the SMILES by the distilled Mamba model
feat_5871,float,,Chemical Dice embedding dimension 5871 of 8192 predicted from the SMILES by the distilled Mamba model
feat_5872,float,,Chemical Dice embedding dimension 5872 of 8192 predicted from the SMILES by the distilled Mamba model
feat_5873,float,,Chemical Dice embedding dimension 5873 of 8192 predicted from the SMILES by the distilled Mamba model
feat_5874,float,,Chemical Dice embedding dimension 5874 of 8192 predicted from the SMILES by the distilled Mamba model
feat_5875,float,,Chemical Dice embedding dimension 5875 of 8192 predicted from the SMILES by the distilled Mamba model
feat_5876,float,,Chemical Dice embedding dimension 5876 of 8192 predicted from the SMILES by the distilled Mamba model
feat_5877,float,,Chemical Dice embedding dimension 5877 of 8192 predicted from the SMILES by the distilled Mamba model
feat_5878,float,,Chemical Dice embedding dimension 5878 of 8192 predicted from the SMILES by the distilled Mamba model
feat_5879,float,,Chemical Dice embedding dimension 5879 of 8192 predicted from the SMILES by the distilled Mamba model
feat_5880,float,,Chemical Dice embedding dimension 5880 of 8192 predicted from the SMILES by the distilled Mamba model
feat_5881,float,,Chemical Dice embedding dimension 5881 of 8192 predicted from the SMILES by the distilled Mamba model
feat_5882,float,,Chemical Dice embedding dimension 5882 of 8192 predicted from the SMILES by the distilled Mamba model
feat_5883,float,,Chemical Dice embedding dimension 5883 of 8192 predicted from the SMILES by the distilled Mamba model
feat_5884,float,,Chemical Dice embedding dimension 5884 of 8192 predicted from the SMILES by the distilled Mamba model
feat_5885,float,,Chemical Dice embedding dimension 5885 of 8192 predicted from the SMILES by the distilled Mamba model
feat_5886,float,,Chemical Dice embedding dimension 5886 of 8192 predicted from the SMILES by the distilled Mamba model
feat_5887,float,,Chemical Dice embedding dimension 5887 of 8192 predicted from the SMILES by the distilled Mamba model
feat_5888,float,,Chemical Dice embedding dimension 5888 of 8192 predicted from the SMILES by the distilled Mamba model
feat_5889,float,,Chemical Dice embedding dimension 5889 of 8192 predicted from the SMILES by the distilled Mamba model
feat_5890,float,,Chemical Dice embedding dimension 5890 of 8192 predicted from the SMILES by the distilled Mamba model
feat_5891,float,,Chemical Dice embedding dimension 5891 of 8192 predicted from the SMILES by the distilled Mamba model
feat_5892,float,,Chemical Dice embedding dimension 5892 of 8192 predicted from the SMILES by the distilled Mamba model
feat_5893,float,,Chemical Dice embedding dimension 5893 of 8192 predicted from the SMILES by the distilled Mamba model
feat_5894,float,,Chemical Dice embedding dimension 5894 of 8192 predicted from the SMILES by the distilled Mamba model
feat_5895,float,,Chemical Dice embedding dimension 5895 of 8192 predicted from the SMILES by the distilled Mamba model
feat_5896,float,,Chemical Dice embedding dimension 5896 of 8192 predicted from the SMILES by the distilled Mamba model
feat_5897,float,,Chemical Dice embedding dimension 5897 of 8192 predicted from the SMILES by the distilled Mamba model
feat_5898,float,,Chemical Dice embedding dimension 5898 of 8192 predicted from the SMILES by the distilled Mamba model
feat_5899,float,,Chemical Dice embedding dimension 5899 of 8192 predicted from the SMILES by the distilled Mamba model
feat_5900,float,,Chemical Dice embedding dimension 5900 of 8192 predicted from the SMILES by the distilled Mamba model
feat_5901,float,,Chemical Dice embedding dimension 5901 of 8192 predicted from the SMILES by the distilled Mamba model
feat_5902,float,,Chemical Dice embedding dimension 5902 of 8192 predicted from the SMILES by the distilled Mamba model
feat_5903,float,,Chemical Dice embedding dimension 5903 of 8192 predicted from the SMILES by the distilled Mamba model
feat_5904,float,,Chemical Dice embedding dimension 5904 of 8192 predicted from the SMILES by the distilled Mamba model
feat_5905,float,,Chemical Dice embedding dimension 5905 of 8192 predicted from the SMILES by the distilled Mamba model
feat_5906,float,,Chemical Dice embedding dimension 5906 of 8192 predicted from the SMILES by the distilled Mamba model
feat_5907,float,,Chemical Dice embedding dimension 5907 of 8192 predicted from the SMILES by the distilled Mamba model
feat_5908,float,,Chemical Dice embedding dimension 5908 of 8192 predicted from the SMILES by the distilled Mamba model
feat_5909,float,,Chemical Dice embedding dimension 5909 of 8192 predicted from the SMILES by the distilled Mamba model
feat_5910,float,,Chemical Dice embedding dimension 5910 of 8192 predicted from the SMILES by the distilled Mamba model
feat_5911,float,,Chemical Dice embedding dimension 5911 of 8192 predicted from the SMILES by the distilled Mamba model
feat_5912,float,,Chemical Dice embedding dimension 5912 of 8192 predicted from the SMILES by the distilled Mamba model
feat_5913,float,,Chemical Dice embedding dimension 5913 of 8192 predicted from the SMILES by the distilled Mamba model
feat_5914,float,,Chemical Dice embedding dimension 5914 of 8192 predicted from the SMILES by the distilled Mamba model
feat_5915,float,,Chemical Dice embedding dimension 5915 of 8192 predicted from the SMILES by the distilled Mamba model
feat_5916,float,,Chemical Dice embedding dimension 5916 of 8192 predicted from the SMILES by the distilled Mamba model
feat_5917,float,,Chemical Dice embedding dimension 5917 of 8192 predicted from the SMILES by the distilled Mamba model
feat_5918,float,,Chemical Dice embedding dimension 5918 of 8192 predicted from the SMILES by the distilled Mamba model
feat_5919,float,,Chemical Dice embedding dimension 5919 of 8192 predicted from the SMILES by the distilled Mamba model
feat_5920,float,,Chemical Dice embedding dimension 5920 of 8192 predicted from the SMILES by the distilled Mamba model
feat_5921,float,,Chemical Dice embedding dimension 5921 of 8192 predicted from the SMILES by the distilled Mamba model
feat_5922,float,,Chemical Dice embedding dimension 5922 of 8192 predicted from the SMILES by the distilled Mamba model
feat_5923,float,,Chemical Dice embedding dimension 5923 of 8192 predicted from the SMILES by the distilled Mamba model
feat_5924,float,,Chemical Dice embedding dimension 5924 of 8192 predicted from the SMILES by the distilled Mamba model
feat_5925,float,,Chemical Dice embedding dimension 5925 of 8192 predicted from the SMILES by the distilled Mamba model
feat_5926,float,,Chemical Dice embedding dimension 5926 of 8192 predicted from the SMILES by the distilled Mamba model
feat_5927,float,,Chemical Dice embedding dimension 5927 of 8192 predicted from the SMILES by the distilled Mamba model
feat_5928,float,,Chemical Dice embedding dimension 5928 of 8192 predicted from the SMILES by the distilled Mamba model
feat_5929,float,,Chemical Dice embedding dimension 5929 of 8192 predicted from the SMILES by the distilled Mamba model
feat_5930,float,,Chemical Dice embedding dimension 5930 of 8192 predicted from the SMILES by the distilled Mamba model
feat_5931,float,,Chemical Dice embedding dimension 5931 of 8192 predicted from the SMILES by the distilled Mamba model
feat_5932,float,,Chemical Dice embedding dimension 5932 of 8192 predicted from the SMILES by the distilled Mamba model
feat_5933,float,,Chemical Dice embedding dimension 5933 of 8192 predicted from the SMILES by the distilled Mamba model
feat_5934,float,,Chemical Dice embedding dimension 5934 of 8192 predicted from the SMILES by the distilled Mamba model
feat_5935,float,,Chemical Dice embedding dimension 5935 of 8192 predicted from the SMILES by the distilled Mamba model
feat_5936,float,,Chemical Dice embedding dimension 5936 of 8192 predicted from the SMILES by the distilled Mamba model
feat_5937,float,,Chemical Dice embedding dimension 5937 of 8192 predicted from the SMILES by the distilled Mamba model
feat_5938,float,,Chemical Dice embedding dimension 5938 of 8192 predicted from the SMILES by the distilled Mamba model
feat_5939,float,,Chemical Dice embedding dimension 5939 of 8192 predicted from the SMILES by the distilled Mamba model
feat_5940,float,,Chemical Dice embedding dimension 5940 of 8192 predicted from the SMILES by the distilled Mamba model
feat_5941,float,,Chemical Dice embedding dimension 5941 of 8192 predicted from the SMILES by the distilled Mamba model
feat_5942,float,,Chemical Dice embedding dimension 5942 of 8192 predicted from the SMILES by the distilled Mamba model
feat_5943,float,,Chemical Dice embedding dimension 5943 of 8192 predicted from the SMILES by the distilled Mamba model
feat_5944,float,,Chemical Dice embedding dimension 5944 of 8192 predicted from the SMILES by the distilled Mamba model
feat_5945,float,,Chemical Dice embedding dimension 5945 of 8192 predicted from the SMILES by the distilled Mamba model
feat_5946,float,,Chemical Dice embedding dimension 5946 of 8192 predicted from the SMILES by the distilled Mamba model
feat_5947,float,,Chemical Dice embedding dimension 5947 of 8192 predicted from the SMILES by the distilled Mamba model
feat_5948,float,,Chemical Dice embedding dimension 5948 of 8192 predicted from the SMILES by the distilled Mamba model
feat_5949,float,,Chemical Dice embedding dimension 5949 of 8192 predicted from the SMILES by the distilled Mamba model
feat_5950,float,,Chemical Dice embedding dimension 5950 of 8192 predicted from the SMILES by the distilled Mamba model
feat_5951,float,,Chemical Dice embedding dimension 5951 of 8192 predicted from the SMILES by the distilled Mamba model
feat_5952,float,,Chemical Dice embedding dimension 5952 of 8192 predicted from the SMILES by the distilled Mamba model
feat_5953,float,,Chemical Dice embedding dimension 5953 of 8192 predicted from the SMILES by the distilled Mamba model
feat_5954,float,,Chemical Dice embedding dimension 5954 of 8192 predicted from the SMILES by the distilled Mamba model
feat_5955,float,,Chemical Dice embedding dimension 5955 of 8192 predicted from the SMILES by the distilled Mamba model
feat_5956,float,,Chemical Dice embedding dimension 5956 of 8192 predicted from the SMILES by the distilled Mamba model
feat_5957,float,,Chemical Dice embedding dimension 5957 of 8192 predicted from the SMILES by the distilled Mamba model
feat_5958,float,,Chemical Dice embedding dimension 5958 of 8192 predicted from the SMILES by the distilled Mamba model
feat_5959,float,,Chemical Dice embedding dimension 5959 of 8192 predicted from the SMILES by the distilled Mamba model
feat_5960,float,,Chemical Dice embedding dimension 5960 of 8192 predicted from the SMILES by the distilled Mamba model
feat_5961,float,,Chemical Dice embedding dimension 5961 of 8192 predicted from the SMILES by the distilled Mamba model
feat_5962,float,,Chemical Dice embedding dimension 5962 of 8192 predicted from the SMILES by the distilled Mamba model
feat_5963,float,,Chemical Dice embedding dimension 5963 of 8192 predicted from the SMILES by the distilled Mamba model
feat_5964,float,,Chemical Dice embedding dimension 5964 of 8192 predicted from the SMILES by the distilled Mamba model
feat_5965,float,,Chemical Dice embedding dimension 5965 of 8192 predicted from the SMILES by the distilled Mamba model
feat_5966,float,,Chemical Dice embedding dimension 5966 of 8192 predicted from the SMILES by the distilled Mamba model
feat_5967,float,,Chemical Dice embedding dimension 5967 of 8192 predicted from the SMILES by the distilled Mamba model
feat_5968,float,,Chemical Dice embedding dimension 5968 of 8192 predicted from the SMILES by the distilled Mamba model
feat_5969,float,,Chemical Dice embedding dimension 5969 of 8192 predicted from the SMILES by the distilled Mamba model
feat_5970,float,,Chemical Dice embedding dimension 5970 of 8192 predicted from the SMILES by the distilled Mamba model
feat_5971,float,,Chemical Dice embedding dimension 5971 of 8192 predicted from the SMILES by the distilled Mamba model
feat_5972,float,,Chemical Dice embedding dimension 5972 of 8192 predicted from the SMILES by the distilled Mamba model
feat_5973,float,,Chemical Dice embedding dimension 5973 of 8192 predicted from the SMILES by the distilled Mamba model
feat_5974,float,,Chemical Dice embedding dimension 5974 of 8192 predicted from the SMILES by the distilled Mamba model
feat_5975,float,,Chemical Dice embedding dimension 5975 of 8192 predicted from the SMILES by the distilled Mamba model
feat_5976,float,,Chemical Dice embedding dimension 5976 of 8192 predicted from the SMILES by the distilled Mamba model
feat_5977,float,,Chemical Dice embedding dimension 5977 of 8192 predicted from the SMILES by the distilled Mamba model
feat_5978,float,,Chemical Dice embedding dimension 5978 of 8192 predicted from the SMILES by the distilled Mamba model
feat_5979,float,,Chemical Dice embedding dimension 5979 of 8192 predicted from the SMILES by the distilled Mamba model
feat_5980,float,,Chemical Dice embedding dimension 5980 of 8192 predicted from the SMILES by the distilled Mamba model
feat_5981,float,,Chemical Dice embedding dimension 5981 of 8192 predicted from the SMILES by the distilled Mamba model
feat_5982,float,,Chemical Dice embedding dimension 5982 of 8192 predicted from the SMILES by the distilled Mamba model
feat_5983,float,,Chemical Dice embedding dimension 5983 of 8192 predicted from the SMILES by the distilled Mamba model
feat_5984,float,,Chemical Dice embedding dimension 5984 of 8192 predicted from the SMILES by the distilled Mamba model
feat_5985,float,,Chemical Dice embedding dimension 5985 of 8192 predicted from the SMILES by the distilled Mamba model
feat_5986,float,,Chemical Dice embedding dimension 5986 of 8192 predicted from the SMILES by the distilled Mamba model
feat_5987,float,,Chemical Dice embedding dimension 5987 of 8192 predicted from the SMILES by the distilled Mamba model
feat_5988,float,,Chemical Dice embedding dimension 5988 of 8192 predicted from the SMILES by the distilled Mamba model
feat_5989,float,,Chemical Dice embedding dimension 5989 of 8192 predicted from the SMILES by the distilled Mamba model
feat_5990,float,,Chemical Dice embedding dimension 5990 of 8192 predicted from the SMILES by the distilled Mamba model
feat_5991,float,,Chemical Dice embedding dimension 5991 of 8192 predicted from the SMILES by the distilled Mamba model
feat_5992,float,,Chemical Dice embedding dimension 5992 of 8192 predicted from the SMILES by the distilled Mamba model
feat_5993,float,,Chemical Dice embedding dimension 5993 of 8192 predicted from the SMILES by the distilled Mamba model
feat_5994,float,,Chemical Dice embedding dimension 5994 of 8192 predicted from the SMILES by the distilled Mamba model
feat_5995,float,,Chemical Dice embedding dimension 5995 of 8192 predicted from the SMILES by the distilled Mamba model
feat_5996,float,,Chemical Dice embedding dimension 5996 of 8192 predicted from the SMILES by the distilled Mamba model
feat_5997,float,,Chemical Dice embedding dimension 5997 of 8192 predicted from the SMILES by the distilled Mamba model
feat_5998,float,,Chemical Dice embedding dimension 5998 of 8192 predicted from the SMILES by the distilled Mamba model
feat_5999,float,,Chemical Dice embedding dimension 5999 of 8192 predicted from the SMILES by the distilled Mamba model
feat_6000,float,,Chemical Dice embedding dimension 6000 of 8192 predicted from the SMILES by the distilled Mamba model
feat_6001,float,,Chemical Dice embedding dimension 6001 of 8192 predicted from the SMILES by the distilled Mamba model
feat_6002,float,,Chemical Dice embedding dimension 6002 of 8192 predicted from the SMILES by the distilled Mamba model
feat_6003,float,,Chemical Dice embedding dimension 6003 of 8192 predicted from the SMILES by the distilled Mamba model
feat_6004,float,,Chemical Dice embedding dimension 6004 of 8192 predicted from the SMILES by the distilled Mamba model
feat_6005,float,,Chemical Dice embedding dimension 6005 of 8192 predicted from the SMILES by the distilled Mamba model
feat_6006,float,,Chemical Dice embedding dimension 6006 of 8192 predicted from the SMILES by the distilled Mamba model
feat_6007,float,,Chemical Dice embedding dimension 6007 of 8192 predicted from the SMILES by the distilled Mamba model
feat_6008,float,,Chemical Dice embedding dimension 6008 of 8192 predicted from the SMILES by the distilled Mamba model
feat_6009,float,,Chemical Dice embedding dimension 6009 of 8192 predicted from the SMILES by the distilled Mamba model
feat_6010,float,,Chemical Dice embedding dimension 6010 of 8192 predicted from the SMILES by the distilled Mamba model
feat_6011,float,,Chemical Dice embedding dimension 6011 of 8192 predicted from the SMILES by the distilled Mamba model
feat_6012,float,,Chemical Dice embedding dimension 6012 of 8192 predicted from the SMILES by the distilled Mamba model
feat_6013,float,,Chemical Dice embedding dimension 6013 of 8192 predicted from the SMILES by the distilled Mamba model
feat_6014,float,,Chemical Dice embedding dimension 6014 of 8192 predicted from the SMILES by the distilled Mamba model
feat_6015,float,,Chemical Dice embedding dimension 6015 of 8192 predicted from the SMILES by the distilled Mamba model
feat_6016,float,,Chemical Dice embedding dimension 6016 of 8192 predicted from the SMILES by the distilled Mamba model
feat_6017,float,,Chemical Dice embedding dimension 6017 of 8192 predicted from the SMILES by the distilled Mamba model
feat_6018,float,,Chemical Dice embedding dimension 6018 of 8192 predicted from the SMILES by the distilled Mamba model
feat_6019,float,,Chemical Dice embedding dimension 6019 of 8192 predicted from the SMILES by the distilled Mamba model
feat_6020,float,,Chemical Dice embedding dimension 6020 of 8192 predicted from the SMILES by the distilled Mamba model
feat_6021,float,,Chemical Dice embedding dimension 6021 of 8192 predicted from the SMILES by the distilled Mamba model
feat_6022,float,,Chemical Dice embedding dimension 6022 of 8192 predicted from the SMILES by the distilled Mamba model
feat_6023,float,,Chemical Dice embedding dimension 6023 of 8192 predicted from the SMILES by the distilled Mamba model
feat_6024,float,,Chemical Dice embedding dimension 6024 of 8192 predicted from the SMILES by the distilled Mamba model
feat_6025,float,,Chemical Dice embedding dimension 6025 of 8192 predicted from the SMILES by the distilled Mamba model
feat_6026,float,,Chemical Dice embedding dimension 6026 of 8192 predicted from the SMILES by the distilled Mamba model
feat_6027,float,,Chemical Dice embedding dimension 6027 of 8192 predicted from the SMILES by the distilled Mamba model
feat_6028,float,,Chemical Dice embedding dimension 6028 of 8192 predicted from the SMILES by the distilled Mamba model
feat_6029,float,,Chemical Dice embedding dimension 6029 of 8192 predicted from the SMILES by the distilled Mamba model
feat_6030,float,,Chemical Dice embedding dimension 6030 of 8192 predicted from the SMILES by the distilled Mamba model
feat_6031,float,,Chemical Dice embedding dimension 6031 of 8192 predicted from the SMILES by the distilled Mamba model
feat_6032,float,,Chemical Dice embedding dimension 6032 of 8192 predicted from the SMILES by the distilled Mamba model
feat_6033,float,,Chemical Dice embedding dimension 6033 of 8192 predicted from the SMILES by the distilled Mamba model
feat_6034,float,,Chemical Dice embedding dimension 6034 of 8192 predicted from the SMILES by the distilled Mamba model
feat_6035,float,,Chemical Dice embedding dimension 6035 of 8192 predicted from the SMILES by the distilled Mamba model
feat_6036,float,,Chemical Dice embedding dimension 6036 of 8192 predicted from the SMILES by the distilled Mamba model
feat_6037,float,,Chemical Dice embedding dimension 6037 of 8192 predicted from the SMILES by the distilled Mamba model
feat_6038,float,,Chemical Dice embedding dimension 6038 of 8192 predicted from the SMILES by the distilled Mamba model
feat_6039,float,,Chemical Dice embedding dimension 6039 of 8192 predicted from the SMILES by the distilled Mamba model
feat_6040,float,,Chemical Dice embedding dimension 6040 of 8192 predicted from the SMILES by the distilled Mamba model
feat_6041,float,,Chemical Dice embedding dimension 6041 of 8192 predicted from the SMILES by the distilled Mamba model
feat_6042,float,,Chemical Dice embedding dimension 6042 of 8192 predicted from the SMILES by the distilled Mamba model
feat_6043,float,,Chemical Dice embedding dimension 6043 of 8192 predicted from the SMILES by the distilled Mamba model
feat_6044,float,,Chemical Dice embedding dimension 6044 of 8192 predicted from the SMILES by the distilled Mamba model
feat_6045,float,,Chemical Dice embedding dimension 6045 of 8192 predicted from the SMILES by the distilled Mamba model
feat_6046,float,,Chemical Dice embedding dimension 6046 of 8192 predicted from the SMILES by the distilled Mamba model
feat_6047,float,,Chemical Dice embedding dimension 6047 of 8192 predicted from the SMILES by the distilled Mamba model
feat_6048,float,,Chemical Dice embedding dimension 6048 of 8192 predicted from the SMILES by the distilled Mamba model
feat_6049,float,,Chemical Dice embedding dimension 6049 of 8192 predicted from the SMILES by the distilled Mamba model
feat_6050,float,,Chemical Dice embedding dimension 6050 of 8192 predicted from the SMILES by the distilled Mamba model
feat_6051,float,,Chemical Dice embedding dimension 6051 of 8192 predicted from the SMILES by the distilled Mamba model
feat_6052,float,,Chemical Dice embedding dimension 6052 of 8192 predicted from the SMILES by the distilled Mamba model
feat_6053,float,,Chemical Dice embedding dimension 6053 of 8192 predicted from the SMILES by the distilled Mamba model
feat_6054,float,,Chemical Dice embedding dimension 6054 of 8192 predicted from the SMILES by the distilled Mamba model
feat_6055,float,,Chemical Dice embedding dimension 6055 of 8192 predicted from the SMILES by the distilled Mamba model
feat_6056,float,,Chemical Dice embedding dimension 6056 of 8192 predicted from the SMILES by the distilled Mamba model
feat_6057,float,,Chemical Dice embedding dimension 6057 of 8192 predicted from the SMILES by the distilled Mamba model
feat_6058,float,,Chemical Dice embedding dimension 6058 of 8192 predicted from the SMILES by the distilled Mamba model
feat_6059,float,,Chemical Dice embedding dimension 6059 of 8192 predicted from the SMILES by the distilled Mamba model
feat_6060,float,,Chemical Dice embedding dimension 6060 of 8192 predicted from the SMILES by the distilled Mamba model
feat_6061,float,,Chemical Dice embedding dimension 6061 of 8192 predicted from the SMILES by the distilled Mamba model
feat_6062,float,,Chemical Dice embedding dimension 6062 of 8192 predicted from the SMILES by the distilled Mamba model
feat_6063,float,,Chemical Dice embedding dimension 6063 of 8192 predicted from the SMILES by the distilled Mamba model
feat_6064,float,,Chemical Dice embedding dimension 6064 of 8192 predicted from the SMILES by the distilled Mamba model
feat_6065,float,,Chemical Dice embedding dimension 6065 of 8192 predicted from the SMILES by the distilled Mamba model
feat_6066,float,,Chemical Dice embedding dimension 6066 of 8192 predicted from the SMILES by the distilled Mamba model
feat_6067,float,,Chemical Dice embedding dimension 6067 of 8192 predicted from the SMILES by the distilled Mamba model
feat_6068,float,,Chemical Dice embedding dimension 6068 of 8192 predicted from the SMILES by the distilled Mamba model
feat_6069,float,,Chemical Dice embedding dimension 6069 of 8192 predicted from the SMILES by the distilled Mamba model
feat_6070,float,,Chemical Dice embedding dimension 6070 of 8192 predicted from the SMILES by the distilled Mamba model
feat_6071,float,,Chemical Dice embedding dimension 6071 of 8192 predicted from the SMILES by the distilled Mamba model
feat_6072,float,,Chemical Dice embedding dimension 6072 of 8192 predicted from the SMILES by the distilled Mamba model
feat_6073,float,,Chemical Dice embedding dimension 6073 of 8192 predicted from the SMILES by the distilled Mamba model
feat_6074,float,,Chemical Dice embedding dimension 6074 of 8192 predicted from the SMILES by the distilled Mamba model
feat_6075,float,,Chemical Dice embedding dimension 6075 of 8192 predicted from the SMILES by the distilled Mamba model
feat_6076,float,,Chemical Dice embedding dimension 6076 of 8192 predicted from the SMILES by the distilled Mamba model
feat_6077,float,,Chemical Dice embedding dimension 6077 of 8192 predicted from the SMILES by the distilled Mamba model
feat_6078,float,,Chemical Dice embedding dimension 6078 of 8192 predicted from the SMILES by the distilled Mamba model
feat_6079,float,,Chemical Dice embedding dimension 6079 of 8192 predicted from the SMILES by the distilled Mamba model
feat_6080,float,,Chemical Dice embedding dimension 6080 of 8192 predicted from the SMILES by the distilled Mamba model
feat_6081,float,,Chemical Dice embedding dimension 6081 of 8192 predicted from the SMILES by the distilled Mamba model
feat_6082,float,,Chemical Dice embedding dimension 6082 of 8192 predicted from the SMILES by the distilled Mamba model
feat_6083,float,,Chemical Dice embedding dimension 6083 of 8192 predicted from the SMILES by the distilled Mamba model
feat_6084,float,,Chemical Dice embedding dimension 6084 of 8192 predicted from the SMILES by the distilled Mamba model
feat_6085,float,,Chemical Dice embedding dimension 6085 of 8192 predicted from the SMILES by the distilled Mamba model
feat_6086,float,,Chemical Dice embedding dimension 6086 of 8192 predicted from the SMILES by the distilled Mamba model
feat_6087,float,,Chemical Dice embedding dimension 6087 of 8192 predicted from the SMILES by the distilled Mamba model
feat_6088,float,,Chemical Dice embedding dimension 6088 of 8192 predicted from the SMILES by the distilled Mamba model
feat_6089,float,,Chemical Dice embedding dimension 6089 of 8192 predicted from the SMILES by the distilled Mamba model
feat_6090,float,,Chemical Dice embedding dimension 6090 of 8192 predicted from the SMILES by the distilled Mamba model
feat_6091,float,,Chemical Dice embedding dimension 6091 of 8192 predicted from the SMILES by the distilled Mamba model
feat_6092,float,,Chemical Dice embedding dimension 6092 of 8192 predicted from the SMILES by the distilled Mamba model
feat_6093,float,,Chemical Dice embedding dimension 6093 of 8192 predicted from the SMILES by the distilled Mamba model
feat_6094,float,,Chemical Dice embedding dimension 6094 of 8192 predicted from the SMILES by the distilled Mamba model
feat_6095,float,,Chemical Dice embedding dimension 6095 of 8192 predicted from the SMILES by the distilled Mamba model
feat_6096,float,,Chemical Dice embedding dimension 6096 of 8192 predicted from the SMILES by the distilled Mamba model
feat_6097,float,,Chemical Dice embedding dimension 6097 of 8192 predicted from the SMILES by the distilled Mamba model
feat_6098,float,,Chemical Dice embedding dimension 6098 of 8192 predicted from the SMILES by the distilled Mamba model
feat_6099,float,,Chemical Dice embedding dimension 6099 of 8192 predicted from the SMILES by the distilled Mamba model
feat_6100,float,,Chemical Dice embedding dimension 6100 of 8192 predicted from the SMILES by the distilled Mamba model
feat_6101,float,,Chemical Dice embedding dimension 6101 of 8192 predicted from the SMILES by the distilled Mamba model
feat_6102,float,,Chemical Dice embedding dimension 6102 of 8192 predicted from the SMILES by the distilled Mamba model
feat_6103,float,,Chemical Dice embedding dimension 6103 of 8192 predicted from the SMILES by the distilled Mamba model
feat_6104,float,,Chemical Dice embedding dimension 6104 of 8192 predicted from the SMILES by the distilled Mamba model
feat_6105,float,,Chemical Dice embedding dimension 6105 of 8192 predicted from the SMILES by the distilled Mamba model
feat_6106,float,,Chemical Dice embedding dimension 6106 of 8192 predicted from the SMILES by the distilled Mamba model
feat_6107,float,,Chemical Dice embedding dimension 6107 of 8192 predicted from the SMILES by the distilled Mamba model
feat_6108,float,,Chemical Dice embedding dimension 6108 of 8192 predicted from the SMILES by the distilled Mamba model
feat_6109,float,,Chemical Dice embedding dimension 6109 of 8192 predicted from the SMILES by the distilled Mamba model
feat_6110,float,,Chemical Dice embedding dimension 6110 of 8192 predicted from the SMILES by the distilled Mamba model
feat_6111,float,,Chemical Dice embedding dimension 6111 of 8192 predicted from the SMILES by the distilled Mamba model
feat_6112,float,,Chemical Dice embedding dimension 6112 of 8192 predicted from the SMILES by the distilled Mamba model
feat_6113,float,,Chemical Dice embedding dimension 6113 of 8192 predicted from the SMILES by the distilled Mamba model
feat_6114,float,,Chemical Dice embedding dimension 6114 of 8192 predicted from the SMILES by the distilled Mamba model
feat_6115,float,,Chemical Dice embedding dimension 6115 of 8192 predicted from the SMILES by the distilled Mamba model
feat_6116,float,,Chemical Dice embedding dimension 6116 of 8192 predicted from the SMILES by the distilled Mamba model
feat_6117,float,,Chemical Dice embedding dimension 6117 of 8192 predicted from the SMILES by the distilled Mamba model
feat_6118,float,,Chemical Dice embedding dimension 6118 of 8192 predicted from the SMILES by the distilled Mamba model
feat_6119,float,,Chemical Dice embedding dimension 6119 of 8192 predicted from the SMILES by the distilled Mamba model
feat_6120,float,,Chemical Dice embedding dimension 6120 of 8192 predicted from the SMILES by the distilled Mamba model
feat_6121,float,,Chemical Dice embedding dimension 6121 of 8192 predicted from the SMILES by the distilled Mamba model
feat_6122,float,,Chemical Dice embedding dimension 6122 of 8192 predicted from the SMILES by the distilled Mamba model
feat_6123,float,,Chemical Dice embedding dimension 6123 of 8192 predicted from the SMILES by the distilled Mamba model
feat_6124,float,,Chemical Dice embedding dimension 6124 of 8192 predicted from the SMILES by the distilled Mamba model
feat_6125,float,,Chemical Dice embedding dimension 6125 of 8192 predicted from the SMILES by the distilled Mamba model
feat_6126,float,,Chemical Dice embedding dimension 6126 of 8192 predicted from the SMILES by the distilled Mamba model
feat_6127,float,,Chemical Dice embedding dimension 6127 of 8192 predicted from the SMILES by the distilled Mamba model
feat_6128,float,,Chemical Dice embedding dimension 6128 of 8192 predicted from the SMILES by the distilled Mamba model
feat_6129,float,,Chemical Dice embedding dimension 6129 of 8192 predicted from the SMILES by the distilled Mamba model
feat_6130,float,,Chemical Dice embedding dimension 6130 of 8192 predicted from the SMILES by the distilled Mamba model
feat_6131,float,,Chemical Dice embedding dimension 6131 of 8192 predicted from the SMILES by the distilled Mamba model
feat_6132,float,,Chemical Dice embedding dimension 6132 of 8192 predicted from the SMILES by the distilled Mamba model
feat_6133,float,,Chemical Dice embedding dimension 6133 of 8192 predicted from the SMILES by the distilled Mamba model
feat_6134,float,,Chemical Dice embedding dimension 6134 of 8192 predicted from the SMILES by the distilled Mamba model
feat_6135,float,,Chemical Dice embedding dimension 6135 of 8192 predicted from the SMILES by the distilled Mamba model
feat_6136,float,,Chemical Dice embedding dimension 6136 of 8192 predicted from the SMILES by the distilled Mamba model
feat_6137,float,,Chemical Dice embedding dimension 6137 of 8192 predicted from the SMILES by the distilled Mamba model
feat_6138,float,,Chemical Dice embedding dimension 6138 of 8192 predicted from the SMILES by the distilled Mamba model
feat_6139,float,,Chemical Dice embedding dimension 6139 of 8192 predicted from the SMILES by the distilled Mamba model
feat_6140,float,,Chemical Dice embedding dimension 6140 of 8192 predicted from the SMILES by the distilled Mamba model
feat_6141,float,,Chemical Dice embedding dimension 6141 of 8192 predicted from the SMILES by the distilled Mamba model
feat_6142,float,,Chemical Dice embedding dimension 6142 of 8192 predicted from the SMILES by the distilled Mamba model
feat_6143,float,,Chemical Dice embedding dimension 6143 of 8192 predicted from the SMILES by the distilled Mamba model
feat_6144,float,,Chemical Dice embedding dimension 6144 of 8192 predicted from the SMILES by the distilled Mamba model
feat_6145,float,,Chemical Dice embedding dimension 6145 of 8192 predicted from the SMILES by the distilled Mamba model
feat_6146,float,,Chemical Dice embedding dimension 6146 of 8192 predicted from the SMILES by the distilled Mamba model
feat_6147,float,,Chemical Dice embedding dimension 6147 of 8192 predicted from the SMILES by the distilled Mamba model
feat_6148,float,,Chemical Dice embedding dimension 6148 of 8192 predicted from the SMILES by the distilled Mamba model
feat_6149,float,,Chemical Dice embedding dimension 6149 of 8192 predicted from the SMILES by the distilled Mamba model
feat_6150,float,,Chemical Dice embedding dimension 6150 of 8192 predicted from the SMILES by the distilled Mamba model
feat_6151,float,,Chemical Dice embedding dimension 6151 of 8192 predicted from the SMILES by the distilled Mamba model
feat_6152,float,,Chemical Dice embedding dimension 6152 of 8192 predicted from the SMILES by the distilled Mamba model
feat_6153,float,,Chemical Dice embedding dimension 6153 of 8192 predicted from the SMILES by the distilled Mamba model
feat_6154,float,,Chemical Dice embedding dimension 6154 of 8192 predicted from the SMILES by the distilled Mamba model
feat_6155,float,,Chemical Dice embedding dimension 6155 of 8192 predicted from the SMILES by the distilled Mamba model
feat_6156,float,,Chemical Dice embedding dimension 6156 of 8192 predicted from the SMILES by the distilled Mamba model
feat_6157,float,,Chemical Dice embedding dimension 6157 of 8192 predicted from the SMILES by the distilled Mamba model
feat_6158,float,,Chemical Dice embedding dimension 6158 of 8192 predicted from the SMILES by the distilled Mamba model
feat_6159,float,,Chemical Dice embedding dimension 6159 of 8192 predicted from the SMILES by the distilled Mamba model
feat_6160,float,,Chemical Dice embedding dimension 6160 of 8192 predicted from the SMILES by the distilled Mamba model
feat_6161,float,,Chemical Dice embedding dimension 6161 of 8192 predicted from the SMILES by the distilled Mamba model
feat_6162,float,,Chemical Dice embedding dimension 6162 of 8192 predicted from the SMILES by the distilled Mamba model
feat_6163,float,,Chemical Dice embedding dimension 6163 of 8192 predicted from the SMILES by the distilled Mamba model
feat_6164,float,,Chemical Dice embedding dimension 6164 of 8192 predicted from the SMILES by the distilled Mamba model
feat_6165,float,,Chemical Dice embedding dimension 6165 of 8192 predicted from the SMILES by the distilled Mamba model
feat_6166,float,,Chemical Dice embedding dimension 6166 of 8192 predicted from the SMILES by the distilled Mamba model
feat_6167,float,,Chemical Dice embedding dimension 6167 of 8192 predicted from the SMILES by the distilled Mamba model
feat_6168,float,,Chemical Dice embedding dimension 6168 of 8192 predicted from the SMILES by the distilled Mamba model
feat_6169,float,,Chemical Dice embedding dimension 6169 of 8192 predicted from the SMILES by the distilled Mamba model
feat_6170,float,,Chemical Dice embedding dimension 6170 of 8192 predicted from the SMILES by the distilled Mamba model
feat_6171,float,,Chemical Dice embedding dimension 6171 of 8192 predicted from the SMILES by the distilled Mamba model
feat_6172,float,,Chemical Dice embedding dimension 6172 of 8192 predicted from the SMILES by the distilled Mamba model
feat_6173,float,,Chemical Dice embedding dimension 6173 of 8192 predicted from the SMILES by the distilled Mamba model
feat_6174,float,,Chemical Dice embedding dimension 6174 of 8192 predicted from the SMILES by the distilled Mamba model
feat_6175,float,,Chemical Dice embedding dimension 6175 of 8192 predicted from the SMILES by the distilled Mamba model
feat_6176,float,,Chemical Dice embedding dimension 6176 of 8192 predicted from the SMILES by the distilled Mamba model
feat_6177,float,,Chemical Dice embedding dimension 6177 of 8192 predicted from the SMILES by the distilled Mamba model
feat_6178,float,,Chemical Dice embedding dimension 6178 of 8192 predicted from the SMILES by the distilled Mamba model
feat_6179,float,,Chemical Dice embedding dimension 6179 of 8192 predicted from the SMILES by the distilled Mamba model
feat_6180,float,,Chemical Dice embedding dimension 6180 of 8192 predicted from the SMILES by the distilled Mamba model
feat_6181,float,,Chemical Dice embedding dimension 6181 of 8192 predicted from the SMILES by the distilled Mamba model
feat_6182,float,,Chemical Dice embedding dimension 6182 of 8192 predicted from the SMILES by the distilled Mamba model
feat_6183,float,,Chemical Dice embedding dimension 6183 of 8192 predicted from the SMILES by the distilled Mamba model
feat_6184,float,,Chemical Dice embedding dimension 6184 of 8192 predicted from the SMILES by the distilled Mamba model
feat_6185,float,,Chemical Dice embedding dimension 6185 of 8192 predicted from the SMILES by the distilled Mamba model
feat_6186,float,,Chemical Dice embedding dimension 6186 of 8192 predicted from the SMILES by the distilled Mamba model
feat_6187,float,,Chemical Dice embedding dimension 6187 of 8192 predicted from the SMILES by the distilled Mamba model
feat_6188,float,,Chemical Dice embedding dimension 6188 of 8192 predicted from the SMILES by the distilled Mamba model
feat_6189,float,,Chemical Dice embedding dimension 6189 of 8192 predicted from the SMILES by the distilled Mamba model
feat_6190,float,,Chemical Dice embedding dimension 6190 of 8192 predicted from the SMILES by the distilled Mamba model
feat_6191,float,,Chemical Dice embedding dimension 6191 of 8192 predicted from the SMILES by the distilled Mamba model
feat_6192,float,,Chemical Dice embedding dimension 6192 of 8192 predicted from the SMILES by the distilled Mamba model
feat_6193,float,,Chemical Dice embedding dimension 6193 of 8192 predicted from the SMILES by the distilled Mamba model
feat_6194,float,,Chemical Dice embedding dimension 6194 of 8192 predicted from the SMILES by the distilled Mamba model
feat_6195,float,,Chemical Dice embedding dimension 6195 of 8192 predicted from the SMILES by the distilled Mamba model
feat_6196,float,,Chemical Dice embedding dimension 6196 of 8192 predicted from the SMILES by the distilled Mamba model
feat_6197,float,,Chemical Dice embedding dimension 6197 of 8192 predicted from the SMILES by the distilled Mamba model
feat_6198,float,,Chemical Dice embedding dimension 6198 of 8192 predicted from the SMILES by the distilled Mamba model
feat_6199,float,,Chemical Dice embedding dimension 6199 of 8192 predicted from the SMILES by the distilled Mamba model
feat_6200,float,,Chemical Dice embedding dimension 6200 of 8192 predicted from the SMILES by the distilled Mamba model
feat_6201,float,,Chemical Dice embedding dimension 6201 of 8192 predicted from the SMILES by the distilled Mamba model
feat_6202,float,,Chemical Dice embedding dimension 6202 of 8192 predicted from the SMILES by the distilled Mamba model
feat_6203,float,,Chemical Dice embedding dimension 6203 of 8192 predicted from the SMILES by the distilled Mamba model
feat_6204,float,,Chemical Dice embedding dimension 6204 of 8192 predicted from the SMILES by the distilled Mamba model
feat_6205,float,,Chemical Dice embedding dimension 6205 of 8192 predicted from the SMILES by the distilled Mamba model
feat_6206,float,,Chemical Dice embedding dimension 6206 of 8192 predicted from the SMILES by the distilled Mamba model
feat_6207,float,,Chemical Dice embedding dimension 6207 of 8192 predicted from the SMILES by the distilled Mamba model
feat_6208,float,,Chemical Dice embedding dimension 6208 of 8192 predicted from the SMILES by the distilled Mamba model
feat_6209,float,,Chemical Dice embedding dimension 6209 of 8192 predicted from the SMILES by the distilled Mamba model
feat_6210,float,,Chemical Dice embedding dimension 6210 of 8192 predicted from the SMILES by the distilled Mamba model
feat_6211,float,,Chemical Dice embedding dimension 6211 of 8192 predicted from the SMILES by the distilled Mamba model
feat_6212,float,,Chemical Dice embedding dimension 6212 of 8192 predicted from the SMILES by the distilled Mamba model
feat_6213,float,,Chemical Dice embedding dimension 6213 of 8192 predicted from the SMILES by the distilled Mamba model
feat_6214,float,,Chemical Dice embedding dimension 6214 of 8192 predicted from the SMILES by the distilled Mamba model
feat_6215,float,,Chemical Dice embedding dimension 6215 of 8192 predicted from the SMILES by the distilled Mamba model
feat_6216,float,,Chemical Dice embedding dimension 6216 of 8192 predicted from the SMILES by the distilled Mamba model
feat_6217,float,,Chemical Dice embedding dimension 6217 of 8192 predicted from the SMILES by the distilled Mamba model
feat_6218,float,,Chemical Dice embedding dimension 6218 of 8192 predicted from the SMILES by the distilled Mamba model
feat_6219,float,,Chemical Dice embedding dimension 6219 of 8192 predicted from the SMILES by the distilled Mamba model
feat_6220,float,,Chemical Dice embedding dimension 6220 of 8192 predicted from the SMILES by the distilled Mamba model
feat_6221,float,,Chemical Dice embedding dimension 6221 of 8192 predicted from the SMILES by the distilled Mamba model
feat_6222,float,,Chemical Dice embedding dimension 6222 of 8192 predicted from the SMILES by the distilled Mamba model
feat_6223,float,,Chemical Dice embedding dimension 6223 of 8192 predicted from the SMILES by the distilled Mamba model
feat_6224,float,,Chemical Dice embedding dimension 6224 of 8192 predicted from the SMILES by the distilled Mamba model
feat_6225,float,,Chemical Dice embedding dimension 6225 of 8192 predicted from the SMILES by the distilled Mamba model
feat_6226,float,,Chemical Dice embedding dimension 6226 of 8192 predicted from the SMILES by the distilled Mamba model
feat_6227,float,,Chemical Dice embedding dimension 6227 of 8192 predicted from the SMILES by the distilled Mamba model
feat_6228,float,,Chemical Dice embedding dimension 6228 of 8192 predicted from the SMILES by the distilled Mamba model
feat_6229,float,,Chemical Dice embedding dimension 6229 of 8192 predicted from the SMILES by the distilled Mamba model
feat_6230,float,,Chemical Dice embedding dimension 6230 of 8192 predicted from the SMILES by the distilled Mamba model
feat_6231,float,,Chemical Dice embedding dimension 6231 of 8192 predicted from the SMILES by the distilled Mamba model
feat_6232,float,,Chemical Dice embedding dimension 6232 of 8192 predicted from the SMILES by the distilled Mamba model
feat_6233,float,,Chemical Dice embedding dimension 6233 of 8192 predicted from the SMILES by the distilled Mamba model
feat_6234,float,,Chemical Dice embedding dimension 6234 of 8192 predicted from the SMILES by the distilled Mamba model
feat_6235,float,,Chemical Dice embedding dimension 6235 of 8192 predicted from the SMILES by the distilled Mamba model
feat_6236,float,,Chemical Dice embedding dimension 6236 of 8192 predicted from the SMILES by the distilled Mamba model
feat_6237,float,,Chemical Dice embedding dimension 6237 of 8192 predicted from the SMILES by the distilled Mamba model
feat_6238,float,,Chemical Dice embedding dimension 6238 of 8192 predicted from the SMILES by the distilled Mamba model
feat_6239,float,,Chemical Dice embedding dimension 6239 of 8192 predicted from the SMILES by the distilled Mamba model
feat_6240,float,,Chemical Dice embedding dimension 6240 of 8192 predicted from the SMILES by the distilled Mamba model
feat_6241,float,,Chemical Dice embedding dimension 6241 of 8192 predicted from the SMILES by the distilled Mamba model
feat_6242,float,,Chemical Dice embedding dimension 6242 of 8192 predicted from the SMILES by the distilled Mamba model
feat_6243,float,,Chemical Dice embedding dimension 6243 of 8192 predicted from the SMILES by the distilled Mamba model
feat_6244,float,,Chemical Dice embedding dimension 6244 of 8192 predicted from the SMILES by the distilled Mamba model
feat_6245,float,,Chemical Dice embedding dimension 6245 of 8192 predicted from the SMILES by the distilled Mamba model
feat_6246,float,,Chemical Dice embedding dimension 6246 of 8192 predicted from the SMILES by the distilled Mamba model
feat_6247,float,,Chemical Dice embedding dimension 6247 of 8192 predicted from the SMILES by the distilled Mamba model
feat_6248,float,,Chemical Dice embedding dimension 6248 of 8192 predicted from the SMILES by the distilled Mamba model
feat_6249,float,,Chemical Dice embedding dimension 6249 of 8192 predicted from the SMILES by the distilled Mamba model
feat_6250,float,,Chemical Dice embedding dimension 6250 of 8192 predicted from the SMILES by the distilled Mamba model
feat_6251,float,,Chemical Dice embedding dimension 6251 of 8192 predicted from the SMILES by the distilled Mamba model
feat_6252,float,,Chemical Dice embedding dimension 6252 of 8192 predicted from the SMILES by the distilled Mamba model
feat_6253,float,,Chemical Dice embedding dimension 6253 of 8192 predicted from the SMILES by the distilled Mamba model
feat_6254,float,,Chemical Dice embedding dimension 6254 of 8192 predicted from the SMILES by the distilled Mamba model
feat_6255,float,,Chemical Dice embedding dimension 6255 of 8192 predicted from the SMILES by the distilled Mamba model
feat_6256,float,,Chemical Dice embedding dimension 6256 of 8192 predicted from the SMILES by the distilled Mamba model
feat_6257,float,,Chemical Dice embedding dimension 6257 of 8192 predicted from the SMILES by the distilled Mamba model
feat_6258,float,,Chemical Dice embedding dimension 6258 of 8192 predicted from the SMILES by the distilled Mamba model
feat_6259,float,,Chemical Dice embedding dimension 6259 of 8192 predicted from the SMILES by the distilled Mamba model
feat_6260,float,,Chemical Dice embedding dimension 6260 of 8192 predicted from the SMILES by the distilled Mamba model
feat_6261,float,,Chemical Dice embedding dimension 6261 of 8192 predicted from the SMILES by the distilled Mamba model
feat_6262,float,,Chemical Dice embedding dimension 6262 of 8192 predicted from the SMILES by the distilled Mamba model
feat_6263,float,,Chemical Dice embedding dimension 6263 of 8192 predicted from the SMILES by the distilled Mamba model
feat_6264,float,,Chemical Dice embedding dimension 6264 of 8192 predicted from the SMILES by the distilled Mamba model
feat_6265,float,,Chemical Dice embedding dimension 6265 of 8192 predicted from the SMILES by the distilled Mamba model
feat_6266,float,,Chemical Dice embedding dimension 6266 of 8192 predicted from the SMILES by the distilled Mamba model
feat_6267,float,,Chemical Dice embedding dimension 6267 of 8192 predicted from the SMILES by the distilled Mamba model
feat_6268,float,,Chemical Dice embedding dimension 6268 of 8192 predicted from the SMILES by the distilled Mamba model
feat_6269,float,,Chemical Dice embedding dimension 6269 of 8192 predicted from the SMILES by the distilled Mamba model
feat_6270,float,,Chemical Dice embedding dimension 6270 of 8192 predicted from the SMILES by the distilled Mamba model
feat_6271,float,,Chemical Dice embedding dimension 6271 of 8192 predicted from the SMILES by the distilled Mamba model
feat_6272,float,,Chemical Dice embedding dimension 6272 of 8192 predicted from the SMILES by the distilled Mamba model
feat_6273,float,,Chemical Dice embedding dimension 6273 of 8192 predicted from the SMILES by the distilled Mamba model
feat_6274,float,,Chemical Dice embedding dimension 6274 of 8192 predicted from the SMILES by the distilled Mamba model
feat_6275,float,,Chemical Dice embedding dimension 6275 of 8192 predicted from the SMILES by the distilled Mamba model
feat_6276,float,,Chemical Dice embedding dimension 6276 of 8192 predicted from the SMILES by the distilled Mamba model
feat_6277,float,,Chemical Dice embedding dimension 6277 of 8192 predicted from the SMILES by the distilled Mamba model
feat_6278,float,,Chemical Dice embedding dimension 6278 of 8192 predicted from the SMILES by the distilled Mamba model
feat_6279,float,,Chemical Dice embedding dimension 6279 of 8192 predicted from the SMILES by the distilled Mamba model
feat_6280,float,,Chemical Dice embedding dimension 6280 of 8192 predicted from the SMILES by the distilled Mamba model
feat_6281,float,,Chemical Dice embedding dimension 6281 of 8192 predicted from the SMILES by the distilled Mamba model
feat_6282,float,,Chemical Dice embedding dimension 6282 of 8192 predicted from the SMILES by the distilled Mamba model
feat_6283,float,,Chemical Dice embedding dimension 6283 of 8192 predicted from the SMILES by the distilled Mamba model
feat_6284,float,,Chemical Dice embedding dimension 6284 of 8192 predicted from the SMILES by the distilled Mamba model
feat_6285,float,,Chemical Dice embedding dimension 6285 of 8192 predicted from the SMILES by the distilled Mamba model
feat_6286,float,,Chemical Dice embedding dimension 6286 of 8192 predicted from the SMILES by the distilled Mamba model
feat_6287,float,,Chemical Dice embedding dimension 6287 of 8192 predicted from the SMILES by the distilled Mamba model
feat_6288,float,,Chemical Dice embedding dimension 6288 of 8192 predicted from the SMILES by the distilled Mamba model
feat_6289,float,,Chemical Dice embedding dimension 6289 of 8192 predicted from the SMILES by the distilled Mamba model
feat_6290,float,,Chemical Dice embedding dimension 6290 of 8192 predicted from the SMILES by the distilled Mamba model
feat_6291,float,,Chemical Dice embedding dimension 6291 of 8192 predicted from the SMILES by the distilled Mamba model
feat_6292,float,,Chemical Dice embedding dimension 6292 of 8192 predicted from the SMILES by the distilled Mamba model
feat_6293,float,,Chemical Dice embedding dimension 6293 of 8192 predicted from the SMILES by the distilled Mamba model
feat_6294,float,,Chemical Dice embedding dimension 6294 of 8192 predicted from the SMILES by the distilled Mamba model
feat_6295,float,,Chemical Dice embedding dimension 6295 of 8192 predicted from the SMILES by the distilled Mamba model
feat_6296,float,,Chemical Dice embedding dimension 6296 of 8192 predicted from the SMILES by the distilled Mamba model
feat_6297,float,,Chemical Dice embedding dimension 6297 of 8192 predicted from the SMILES by the distilled Mamba model
feat_6298,float,,Chemical Dice embedding dimension 6298 of 8192 predicted from the SMILES by the distilled Mamba model
feat_6299,float,,Chemical Dice embedding dimension 6299 of 8192 predicted from the SMILES by the distilled Mamba model
feat_6300,float,,Chemical Dice embedding dimension 6300 of 8192 predicted from the SMILES by the distilled Mamba model
feat_6301,float,,Chemical Dice embedding dimension 6301 of 8192 predicted from the SMILES by the distilled Mamba model
feat_6302,float,,Chemical Dice embedding dimension 6302 of 8192 predicted from the SMILES by the distilled Mamba model
feat_6303,float,,Chemical Dice embedding dimension 6303 of 8192 predicted from the SMILES by the distilled Mamba model
feat_6304,float,,Chemical Dice embedding dimension 6304 of 8192 predicted from the SMILES by the distilled Mamba model
feat_6305,float,,Chemical Dice embedding dimension 6305 of 8192 predicted from the SMILES by the distilled Mamba model
feat_6306,float,,Chemical Dice embedding dimension 6306 of 8192 predicted from the SMILES by the distilled Mamba model
feat_6307,float,,Chemical Dice embedding dimension 6307 of 8192 predicted from the SMILES by the distilled Mamba model
feat_6308,float,,Chemical Dice embedding dimension 6308 of 8192 predicted from the SMILES by the distilled Mamba model
feat_6309,float,,Chemical Dice embedding dimension 6309 of 8192 predicted from the SMILES by the distilled Mamba model
feat_6310,float,,Chemical Dice embedding dimension 6310 of 8192 predicted from the SMILES by the distilled Mamba model
feat_6311,float,,Chemical Dice embedding dimension 6311 of 8192 predicted from the SMILES by the distilled Mamba model
feat_6312,float,,Chemical Dice embedding dimension 6312 of 8192 predicted from the SMILES by the distilled Mamba model
feat_6313,float,,Chemical Dice embedding dimension 6313 of 8192 predicted from the SMILES by the distilled Mamba model
feat_6314,float,,Chemical Dice embedding dimension 6314 of 8192 predicted from the SMILES by the distilled Mamba model
feat_6315,float,,Chemical Dice embedding dimension 6315 of 8192 predicted from the SMILES by the distilled Mamba model
feat_6316,float,,Chemical Dice embedding dimension 6316 of 8192 predicted from the SMILES by the distilled Mamba model
feat_6317,float,,Chemical Dice embedding dimension 6317 of 8192 predicted from the SMILES by the distilled Mamba model
feat_6318,float,,Chemical Dice embedding dimension 6318 of 8192 predicted from the SMILES by the distilled Mamba model
feat_6319,float,,Chemical Dice embedding dimension 6319 of 8192 predicted from the SMILES by the distilled Mamba model
feat_6320,float,,Chemical Dice embedding dimension 6320 of 8192 predicted from the SMILES by the distilled Mamba model
feat_6321,float,,Chemical Dice embedding dimension 6321 of 8192 predicted from the SMILES by the distilled Mamba model
feat_6322,float,,Chemical Dice embedding dimension 6322 of 8192 predicted from the SMILES by the distilled Mamba model
feat_6323,float,,Chemical Dice embedding dimension 6323 of 8192 predicted from the SMILES by the distilled Mamba model
feat_6324,float,,Chemical Dice embedding dimension 6324 of 8192 predicted from the SMILES by the distilled Mamba model
feat_6325,float,,Chemical Dice embedding dimension 6325 of 8192 predicted from the SMILES by the distilled Mamba model
feat_6326,float,,Chemical Dice embedding dimension 6326 of 8192 predicted from the SMILES by the distilled Mamba model
feat_6327,float,,Chemical Dice embedding dimension 6327 of 8192 predicted from the SMILES by the distilled Mamba model
feat_6328,float,,Chemical Dice embedding dimension 6328 of 8192 predicted from the SMILES by the distilled Mamba model
feat_6329,float,,Chemical Dice embedding dimension 6329 of 8192 predicted from the SMILES by the distilled Mamba model
feat_6330,float,,Chemical Dice embedding dimension 6330 of 8192 predicted from the SMILES by the distilled Mamba model
feat_6331,float,,Chemical Dice embedding dimension 6331 of 8192 predicted from the SMILES by the distilled Mamba model
feat_6332,float,,Chemical Dice embedding dimension 6332 of 8192 predicted from the SMILES by the distilled Mamba model
feat_6333,float,,Chemical Dice embedding dimension 6333 of 8192 predicted from the SMILES by the distilled Mamba model
feat_6334,float,,Chemical Dice embedding dimension 6334 of 8192 predicted from the SMILES by the distilled Mamba model
feat_6335,float,,Chemical Dice embedding dimension 6335 of 8192 predicted from the SMILES by the distilled Mamba model
feat_6336,float,,Chemical Dice embedding dimension 6336 of 8192 predicted from the SMILES by the distilled Mamba model
feat_6337,float,,Chemical Dice embedding dimension 6337 of 8192 predicted from the SMILES by the distilled Mamba model
feat_6338,float,,Chemical Dice embedding dimension 6338 of 8192 predicted from the SMILES by the distilled Mamba model
feat_6339,float,,Chemical Dice embedding dimension 6339 of 8192 predicted from the SMILES by the distilled Mamba model
feat_6340,float,,Chemical Dice embedding dimension 6340 of 8192 predicted from the SMILES by the distilled Mamba model
feat_6341,float,,Chemical Dice embedding dimension 6341 of 8192 predicted from the SMILES by the distilled Mamba model
feat_6342,float,,Chemical Dice embedding dimension 6342 of 8192 predicted from the SMILES by the distilled Mamba model
feat_6343,float,,Chemical Dice embedding dimension 6343 of 8192 predicted from the SMILES by the distilled Mamba model
feat_6344,float,,Chemical Dice embedding dimension 6344 of 8192 predicted from the SMILES by the distilled Mamba model
feat_6345,float,,Chemical Dice embedding dimension 6345 of 8192 predicted from the SMILES by the distilled Mamba model
feat_6346,float,,Chemical Dice embedding dimension 6346 of 8192 predicted from the SMILES by the distilled Mamba model
feat_6347,float,,Chemical Dice embedding dimension 6347 of 8192 predicted from the SMILES by the distilled Mamba model
feat_6348,float,,Chemical Dice embedding dimension 6348 of 8192 predicted from the SMILES by the distilled Mamba model
feat_6349,float,,Chemical Dice embedding dimension 6349 of 8192 predicted from the SMILES by the distilled Mamba model
feat_6350,float,,Chemical Dice embedding dimension 6350 of 8192 predicted from the SMILES by the distilled Mamba model
feat_6351,float,,Chemical Dice embedding dimension 6351 of 8192 predicted from the SMILES by the distilled Mamba model
feat_6352,float,,Chemical Dice embedding dimension 6352 of 8192 predicted from the SMILES by the distilled Mamba model
feat_6353,float,,Chemical Dice embedding dimension 6353 of 8192 predicted from the SMILES by the distilled Mamba model
feat_6354,float,,Chemical Dice embedding dimension 6354 of 8192 predicted from the SMILES by the distilled Mamba model
feat_6355,float,,Chemical Dice embedding dimension 6355 of 8192 predicted from the SMILES by the distilled Mamba model
feat_6356,float,,Chemical Dice embedding dimension 6356 of 8192 predicted from the SMILES by the distilled Mamba model
feat_6357,float,,Chemical Dice embedding dimension 6357 of 8192 predicted from the SMILES by the distilled Mamba model
feat_6358,float,,Chemical Dice embedding dimension 6358 of 8192 predicted from the SMILES by the distilled Mamba model
feat_6359,float,,Chemical Dice embedding dimension 6359 of 8192 predicted from the SMILES by the distilled Mamba model
feat_6360,float,,Chemical Dice embedding dimension 6360 of 8192 predicted from the SMILES by the distilled Mamba model
feat_6361,float,,Chemical Dice embedding dimension 6361 of 8192 predicted from the SMILES by the distilled Mamba model
feat_6362,float,,Chemical Dice embedding dimension 6362 of 8192 predicted from the SMILES by the distilled Mamba model
feat_6363,float,,Chemical Dice embedding dimension 6363 of 8192 predicted from the SMILES by the distilled Mamba model
feat_6364,float,,Chemical Dice embedding dimension 6364 of 8192 predicted from the SMILES by the distilled Mamba model
feat_6365,float,,Chemical Dice embedding dimension 6365 of 8192 predicted from the SMILES by the distilled Mamba model
feat_6366,float,,Chemical Dice embedding dimension 6366 of 8192 predicted from the SMILES by the distilled Mamba model
feat_6367,float,,Chemical Dice embedding dimension 6367 of 8192 predicted from the SMILES by the distilled Mamba model
feat_6368,float,,Chemical Dice embedding dimension 6368 of 8192 predicted from the SMILES by the distilled Mamba model
feat_6369,float,,Chemical Dice embedding dimension 6369 of 8192 predicted from the SMILES by the distilled Mamba model
feat_6370,float,,Chemical Dice embedding dimension 6370 of 8192 predicted from the SMILES by the distilled Mamba model
feat_6371,float,,Chemical Dice embedding dimension 6371 of 8192 predicted from the SMILES by the distilled Mamba model
feat_6372,float,,Chemical Dice embedding dimension 6372 of 8192 predicted from the SMILES by the distilled Mamba model
feat_6373,float,,Chemical Dice embedding dimension 6373 of 8192 predicted from the SMILES by the distilled Mamba model
feat_6374,float,,Chemical Dice embedding dimension 6374 of 8192 predicted from the SMILES by the distilled Mamba model
feat_6375,float,,Chemical Dice embedding dimension 6375 of 8192 predicted from the SMILES by the distilled Mamba model
feat_6376,float,,Chemical Dice embedding dimension 6376 of 8192 predicted from the SMILES by the distilled Mamba model
feat_6377,float,,Chemical Dice embedding dimension 6377 of 8192 predicted from the SMILES by the distilled Mamba model
feat_6378,float,,Chemical Dice embedding dimension 6378 of 8192 predicted from the SMILES by the distilled Mamba model
feat_6379,float,,Chemical Dice embedding dimension 6379 of 8192 predicted from the SMILES by the distilled Mamba model
feat_6380,float,,Chemical Dice embedding dimension 6380 of 8192 predicted from the SMILES by the distilled Mamba model
feat_6381,float,,Chemical Dice embedding dimension 6381 of 8192 predicted from the SMILES by the distilled Mamba model
feat_6382,float,,Chemical Dice embedding dimension 6382 of 8192 predicted from the SMILES by the distilled Mamba model
feat_6383,float,,Chemical Dice embedding dimension 6383 of 8192 predicted from the SMILES by the distilled Mamba model
feat_6384,float,,Chemical Dice embedding dimension 6384 of 8192 predicted from the SMILES by the distilled Mamba model
feat_6385,float,,Chemical Dice embedding dimension 6385 of 8192 predicted from the SMILES by the distilled Mamba model
feat_6386,float,,Chemical Dice embedding dimension 6386 of 8192 predicted from the SMILES by the distilled Mamba model
feat_6387,float,,Chemical Dice embedding dimension 6387 of 8192 predicted from the SMILES by the distilled Mamba model
feat_6388,float,,Chemical Dice embedding dimension 6388 of 8192 predicted from the SMILES by the distilled Mamba model
feat_6389,float,,Chemical Dice embedding dimension 6389 of 8192 predicted from the SMILES by the distilled Mamba model
feat_6390,float,,Chemical Dice embedding dimension 6390 of 8192 predicted from the SMILES by the distilled Mamba model
feat_6391,float,,Chemical Dice embedding dimension 6391 of 8192 predicted from the SMILES by the distilled Mamba model
feat_6392,float,,Chemical Dice embedding dimension 6392 of 8192 predicted from the SMILES by the distilled Mamba model
feat_6393,float,,Chemical Dice embedding dimension 6393 of 8192 predicted from the SMILES by the distilled Mamba model
feat_6394,float,,Chemical Dice embedding dimension 6394 of 8192 predicted from the SMILES by the distilled Mamba model
feat_6395,float,,Chemical Dice embedding dimension 6395 of 8192 predicted from the SMILES by the distilled Mamba model
feat_6396,float,,Chemical Dice embedding dimension 6396 of 8192 predicted from the SMILES by the distilled Mamba model
feat_6397,float,,Chemical Dice embedding dimension 6397 of 8192 predicted from the SMILES by the distilled Mamba model
feat_6398,float,,Chemical Dice embedding dimension 6398 of 8192 predicted from the SMILES by the distilled Mamba model
feat_6399,float,,Chemical Dice embedding dimension 6399 of 8192 predicted from the SMILES by the distilled Mamba model
feat_6400,float,,Chemical Dice embedding dimension 6400 of 8192 predicted from the SMILES by the distilled Mamba model
feat_6401,float,,Chemical Dice embedding dimension 6401 of 8192 predicted from the SMILES by the distilled Mamba model
feat_6402,float,,Chemical Dice embedding dimension 6402 of 8192 predicted from the SMILES by the distilled Mamba model
feat_6403,float,,Chemical Dice embedding dimension 6403 of 8192 predicted from the SMILES by the distilled Mamba model
feat_6404,float,,Chemical Dice embedding dimension 6404 of 8192 predicted from the SMILES by the distilled Mamba model
feat_6405,float,,Chemical Dice embedding dimension 6405 of 8192 predicted from the SMILES by the distilled Mamba model
feat_6406,float,,Chemical Dice embedding dimension 6406 of 8192 predicted from the SMILES by the distilled Mamba model
feat_6407,float,,Chemical Dice embedding dimension 6407 of 8192 predicted from the SMILES by the distilled Mamba model
feat_6408,float,,Chemical Dice embedding dimension 6408 of 8192 predicted from the SMILES by the distilled Mamba model
feat_6409,float,,Chemical Dice embedding dimension 6409 of 8192 predicted from the SMILES by the distilled Mamba model
feat_6410,float,,Chemical Dice embedding dimension 6410 of 8192 predicted from the SMILES by the distilled Mamba model
feat_6411,float,,Chemical Dice embedding dimension 6411 of 8192 predicted from the SMILES by the distilled Mamba model
feat_6412,float,,Chemical Dice embedding dimension 6412 of 8192 predicted from the SMILES by the distilled Mamba model
feat_6413,float,,Chemical Dice embedding dimension 6413 of 8192 predicted from the SMILES by the distilled Mamba model
feat_6414,float,,Chemical Dice embedding dimension 6414 of 8192 predicted from the SMILES by the distilled Mamba model
feat_6415,float,,Chemical Dice embedding dimension 6415 of 8192 predicted from the SMILES by the distilled Mamba model
feat_6416,float,,Chemical Dice embedding dimension 6416 of 8192 predicted from the SMILES by the distilled Mamba model
feat_6417,float,,Chemical Dice embedding dimension 6417 of 8192 predicted from the SMILES by the distilled Mamba model
feat_6418,float,,Chemical Dice embedding dimension 6418 of 8192 predicted from the SMILES by the distilled Mamba model
feat_6419,float,,Chemical Dice embedding dimension 6419 of 8192 predicted from the SMILES by the distilled Mamba model
feat_6420,float,,Chemical Dice embedding dimension 6420 of 8192 predicted from the SMILES by the distilled Mamba model
feat_6421,float,,Chemical Dice embedding dimension 6421 of 8192 predicted from the SMILES by the distilled Mamba model
feat_6422,float,,Chemical Dice embedding dimension 6422 of 8192 predicted from the SMILES by the distilled Mamba model
feat_6423,float,,Chemical Dice embedding dimension 6423 of 8192 predicted from the SMILES by the distilled Mamba model
feat_6424,float,,Chemical Dice embedding dimension 6424 of 8192 predicted from the SMILES by the distilled Mamba model
feat_6425,float,,Chemical Dice embedding dimension 6425 of 8192 predicted from the SMILES by the distilled Mamba model
feat_6426,float,,Chemical Dice embedding dimension 6426 of 8192 predicted from the SMILES by the distilled Mamba model
feat_6427,float,,Chemical Dice embedding dimension 6427 of 8192 predicted from the SMILES by the distilled Mamba model
feat_6428,float,,Chemical Dice embedding dimension 6428 of 8192 predicted from the SMILES by the distilled Mamba model
feat_6429,float,,Chemical Dice embedding dimension 6429 of 8192 predicted from the SMILES by the distilled Mamba model
feat_6430,float,,Chemical Dice embedding dimension 6430 of 8192 predicted from the SMILES by the distilled Mamba model
feat_6431,float,,Chemical Dice embedding dimension 6431 of 8192 predicted from the SMILES by the distilled Mamba model
feat_6432,float,,Chemical Dice embedding dimension 6432 of 8192 predicted from the SMILES by the distilled Mamba model
feat_6433,float,,Chemical Dice embedding dimension 6433 of 8192 predicted from the SMILES by the distilled Mamba model
feat_6434,float,,Chemical Dice embedding dimension 6434 of 8192 predicted from the SMILES by the distilled Mamba model
feat_6435,float,,Chemical Dice embedding dimension 6435 of 8192 predicted from the SMILES by the distilled Mamba model
feat_6436,float,,Chemical Dice embedding dimension 6436 of 8192 predicted from the SMILES by the distilled Mamba model
feat_6437,float,,Chemical Dice embedding dimension 6437 of 8192 predicted from the SMILES by the distilled Mamba model
feat_6438,float,,Chemical Dice embedding dimension 6438 of 8192 predicted from the SMILES by the distilled Mamba model
feat_6439,float,,Chemical Dice embedding dimension 6439 of 8192 predicted from the SMILES by the distilled Mamba model
feat_6440,float,,Chemical Dice embedding dimension 6440 of 8192 predicted from the SMILES by the distilled Mamba model
feat_6441,float,,Chemical Dice embedding dimension 6441 of 8192 predicted from the SMILES by the distilled Mamba model
feat_6442,float,,Chemical Dice embedding dimension 6442 of 8192 predicted from the SMILES by the distilled Mamba model
feat_6443,float,,Chemical Dice embedding dimension 6443 of 8192 predicted from the SMILES by the distilled Mamba model
feat_6444,float,,Chemical Dice embedding dimension 6444 of 8192 predicted from the SMILES by the distilled Mamba model
feat_6445,float,,Chemical Dice embedding dimension 6445 of 8192 predicted from the SMILES by the distilled Mamba model
feat_6446,float,,Chemical Dice embedding dimension 6446 of 8192 predicted from the SMILES by the distilled Mamba model
feat_6447,float,,Chemical Dice embedding dimension 6447 of 8192 predicted from the SMILES by the distilled Mamba model
feat_6448,float,,Chemical Dice embedding dimension 6448 of 8192 predicted from the SMILES by the distilled Mamba model
feat_6449,float,,Chemical Dice embedding dimension 6449 of 8192 predicted from the SMILES by the distilled Mamba model
feat_6450,float,,Chemical Dice embedding dimension 6450 of 8192 predicted from the SMILES by the distilled Mamba model
feat_6451,float,,Chemical Dice embedding dimension 6451 of 8192 predicted from the SMILES by the distilled Mamba model
feat_6452,float,,Chemical Dice embedding dimension 6452 of 8192 predicted from the SMILES by the distilled Mamba model
feat_6453,float,,Chemical Dice embedding dimension 6453 of 8192 predicted from the SMILES by the distilled Mamba model
feat_6454,float,,Chemical Dice embedding dimension 6454 of 8192 predicted from the SMILES by the distilled Mamba model
feat_6455,float,,Chemical Dice embedding dimension 6455 of 8192 predicted from the SMILES by the distilled Mamba model
feat_6456,float,,Chemical Dice embedding dimension 6456 of 8192 predicted from the SMILES by the distilled Mamba model
feat_6457,float,,Chemical Dice embedding dimension 6457 of 8192 predicted from the SMILES by the distilled Mamba model
feat_6458,float,,Chemical Dice embedding dimension 6458 of 8192 predicted from the SMILES by the distilled Mamba model
feat_6459,float,,Chemical Dice embedding dimension 6459 of 8192 predicted from the SMILES by the distilled Mamba model
feat_6460,float,,Chemical Dice embedding dimension 6460 of 8192 predicted from the SMILES by the distilled Mamba model
feat_6461,float,,Chemical Dice embedding dimension 6461 of 8192 predicted from the SMILES by the distilled Mamba model
feat_6462,float,,Chemical Dice embedding dimension 6462 of 8192 predicted from the SMILES by the distilled Mamba model
feat_6463,float,,Chemical Dice embedding dimension 6463 of 8192 predicted from the SMILES by the distilled Mamba model
feat_6464,float,,Chemical Dice embedding dimension 6464 of 8192 predicted from the SMILES by the distilled Mamba model
feat_6465,float,,Chemical Dice embedding dimension 6465 of 8192 predicted from the SMILES by the distilled Mamba model
feat_6466,float,,Chemical Dice embedding dimension 6466 of 8192 predicted from the SMILES by the distilled Mamba model
feat_6467,float,,Chemical Dice embedding dimension 6467 of 8192 predicted from the SMILES by the distilled Mamba model
feat_6468,float,,Chemical Dice embedding dimension 6468 of 8192 predicted from the SMILES by the distilled Mamba model
feat_6469,float,,Chemical Dice embedding dimension 6469 of 8192 predicted from the SMILES by the distilled Mamba model
feat_6470,float,,Chemical Dice embedding dimension 6470 of 8192 predicted from the SMILES by the distilled Mamba model
feat_6471,float,,Chemical Dice embedding dimension 6471 of 8192 predicted from the SMILES by the distilled Mamba model
feat_6472,float,,Chemical Dice embedding dimension 6472 of 8192 predicted from the SMILES by the distilled Mamba model
feat_6473,float,,Chemical Dice embedding dimension 6473 of 8192 predicted from the SMILES by the distilled Mamba model
feat_6474,float,,Chemical Dice embedding dimension 6474 of 8192 predicted from the SMILES by the distilled Mamba model
feat_6475,float,,Chemical Dice embedding dimension 6475 of 8192 predicted from the SMILES by the distilled Mamba model
feat_6476,float,,Chemical Dice embedding dimension 6476 of 8192 predicted from the SMILES by the distilled Mamba model
feat_6477,float,,Chemical Dice embedding dimension 6477 of 8192 predicted from the SMILES by the distilled Mamba model
feat_6478,float,,Chemical Dice embedding dimension 6478 of 8192 predicted from the SMILES by the distilled Mamba model
feat_6479,float,,Chemical Dice embedding dimension 6479 of 8192 predicted from the SMILES by the distilled Mamba model
feat_6480,float,,Chemical Dice embedding dimension 6480 of 8192 predicted from the SMILES by the distilled Mamba model
feat_6481,float,,Chemical Dice embedding dimension 6481 of 8192 predicted from the SMILES by the distilled Mamba model
feat_6482,float,,Chemical Dice embedding dimension 6482 of 8192 predicted from the SMILES by the distilled Mamba model
feat_6483,float,,Chemical Dice embedding dimension 6483 of 8192 predicted from the SMILES by the distilled Mamba model
feat_6484,float,,Chemical Dice embedding dimension 6484 of 8192 predicted from the SMILES by the distilled Mamba model
feat_6485,float,,Chemical Dice embedding dimension 6485 of 8192 predicted from the SMILES by the distilled Mamba model
feat_6486,float,,Chemical Dice embedding dimension 6486 of 8192 predicted from the SMILES by the distilled Mamba model
feat_6487,float,,Chemical Dice embedding dimension 6487 of 8192 predicted from the SMILES by the distilled Mamba model
feat_6488,float,,Chemical Dice embedding dimension 6488 of 8192 predicted from the SMILES by the distilled Mamba model
feat_6489,float,,Chemical Dice embedding dimension 6489 of 8192 predicted from the SMILES by the distilled Mamba model
feat_6490,float,,Chemical Dice embedding dimension 6490 of 8192 predicted from the SMILES by the distilled Mamba model
feat_6491,float,,Chemical Dice embedding dimension 6491 of 8192 predicted from the SMILES by the distilled Mamba model
feat_6492,float,,Chemical Dice embedding dimension 6492 of 8192 predicted from the SMILES by the distilled Mamba model
feat_6493,float,,Chemical Dice embedding dimension 6493 of 8192 predicted from the SMILES by the distilled Mamba model
feat_6494,float,,Chemical Dice embedding dimension 6494 of 8192 predicted from the SMILES by the distilled Mamba model
feat_6495,float,,Chemical Dice embedding dimension 6495 of 8192 predicted from the SMILES by the distilled Mamba model
feat_6496,float,,Chemical Dice embedding dimension 6496 of 8192 predicted from the SMILES by the distilled Mamba model
feat_6497,float,,Chemical Dice embedding dimension 6497 of 8192 predicted from the SMILES by the distilled Mamba model
feat_6498,float,,Chemical Dice embedding dimension 6498 of 8192 predicted from the SMILES by the distilled Mamba model
feat_6499,float,,Chemical Dice embedding dimension 6499 of 8192 predicted from the SMILES by the distilled Mamba model
feat_6500,float,,Chemical Dice embedding dimension 6500 of 8192 predicted from the SMILES by the distilled Mamba model
feat_6501,float,,Chemical Dice embedding dimension 6501 of 8192 predicted from the SMILES by the distilled Mamba model
feat_6502,float,,Chemical Dice embedding dimension 6502 of 8192 predicted from the SMILES by the distilled Mamba model
feat_6503,float,,Chemical Dice embedding dimension 6503 of 8192 predicted from the SMILES by the distilled Mamba model
feat_6504,float,,Chemical Dice embedding dimension 6504 of 8192 predicted from the SMILES by the distilled Mamba model
feat_6505,float,,Chemical Dice embedding dimension 6505 of 8192 predicted from the SMILES by the distilled Mamba model
feat_6506,float,,Chemical Dice embedding dimension 6506 of 8192 predicted from the SMILES by the distilled Mamba model
feat_6507,float,,Chemical Dice embedding dimension 6507 of 8192 predicted from the SMILES by the distilled Mamba model
feat_6508,float,,Chemical Dice embedding dimension 6508 of 8192 predicted from the SMILES by the distilled Mamba model
feat_6509,float,,Chemical Dice embedding dimension 6509 of 8192 predicted from the SMILES by the distilled Mamba model
feat_6510,float,,Chemical Dice embedding dimension 6510 of 8192 predicted from the SMILES by the distilled Mamba model
feat_6511,float,,Chemical Dice embedding dimension 6511 of 8192 predicted from the SMILES by the distilled Mamba model
feat_6512,float,,Chemical Dice embedding dimension 6512 of 8192 predicted from the SMILES by the distilled Mamba model
feat_6513,float,,Chemical Dice embedding dimension 6513 of 8192 predicted from the SMILES by the distilled Mamba model
feat_6514,float,,Chemical Dice embedding dimension 6514 of 8192 predicted from the SMILES by the distilled Mamba model
feat_6515,float,,Chemical Dice embedding dimension 6515 of 8192 predicted from the SMILES by the distilled Mamba model
feat_6516,float,,Chemical Dice embedding dimension 6516 of 8192 predicted from the SMILES by the distilled Mamba model
feat_6517,float,,Chemical Dice embedding dimension 6517 of 8192 predicted from the SMILES by the distilled Mamba model
feat_6518,float,,Chemical Dice embedding dimension 6518 of 8192 predicted from the SMILES by the distilled Mamba model
feat_6519,float,,Chemical Dice embedding dimension 6519 of 8192 predicted from the SMILES by the distilled Mamba model
feat_6520,float,,Chemical Dice embedding dimension 6520 of 8192 predicted from the SMILES by the distilled Mamba model
feat_6521,float,,Chemical Dice embedding dimension 6521 of 8192 predicted from the SMILES by the distilled Mamba model
feat_6522,float,,Chemical Dice embedding dimension 6522 of 8192 predicted from the SMILES by the distilled Mamba model
feat_6523,float,,Chemical Dice embedding dimension 6523 of 8192 predicted from the SMILES by the distilled Mamba model
feat_6524,float,,Chemical Dice embedding dimension 6524 of 8192 predicted from the SMILES by the distilled Mamba model
feat_6525,float,,Chemical Dice embedding dimension 6525 of 8192 predicted from the SMILES by the distilled Mamba model
feat_6526,float,,Chemical Dice embedding dimension 6526 of 8192 predicted from the SMILES by the distilled Mamba model
feat_6527,float,,Chemical Dice embedding dimension 6527 of 8192 predicted from the SMILES by the distilled Mamba model
feat_6528,float,,Chemical Dice embedding dimension 6528 of 8192 predicted from the SMILES by the distilled Mamba model
feat_6529,float,,Chemical Dice embedding dimension 6529 of 8192 predicted from the SMILES by the distilled Mamba model
feat_6530,float,,Chemical Dice embedding dimension 6530 of 8192 predicted from the SMILES by the distilled Mamba model
feat_6531,float,,Chemical Dice embedding dimension 6531 of 8192 predicted from the SMILES by the distilled Mamba model
feat_6532,float,,Chemical Dice embedding dimension 6532 of 8192 predicted from the SMILES by the distilled Mamba model
feat_6533,float,,Chemical Dice embedding dimension 6533 of 8192 predicted from the SMILES by the distilled Mamba model
feat_6534,float,,Chemical Dice embedding dimension 6534 of 8192 predicted from the SMILES by the distilled Mamba model
feat_6535,float,,Chemical Dice embedding dimension 6535 of 8192 predicted from the SMILES by the distilled Mamba model
feat_6536,float,,Chemical Dice embedding dimension 6536 of 8192 predicted from the SMILES by the distilled Mamba model
feat_6537,float,,Chemical Dice embedding dimension 6537 of 8192 predicted from the SMILES by the distilled Mamba model
feat_6538,float,,Chemical Dice embedding dimension 6538 of 8192 predicted from the SMILES by the distilled Mamba model
feat_6539,float,,Chemical Dice embedding dimension 6539 of 8192 predicted from the SMILES by the distilled Mamba model
feat_6540,float,,Chemical Dice embedding dimension 6540 of 8192 predicted from the SMILES by the distilled Mamba model
feat_6541,float,,Chemical Dice embedding dimension 6541 of 8192 predicted from the SMILES by the distilled Mamba model
feat_6542,float,,Chemical Dice embedding dimension 6542 of 8192 predicted from the SMILES by the distilled Mamba model
feat_6543,float,,Chemical Dice embedding dimension 6543 of 8192 predicted from the SMILES by the distilled Mamba model
feat_6544,float,,Chemical Dice embedding dimension 6544 of 8192 predicted from the SMILES by the distilled Mamba model
feat_6545,float,,Chemical Dice embedding dimension 6545 of 8192 predicted from the SMILES by the distilled Mamba model
feat_6546,float,,Chemical Dice embedding dimension 6546 of 8192 predicted from the SMILES by the distilled Mamba model
feat_6547,float,,Chemical Dice embedding dimension 6547 of 8192 predicted from the SMILES by the distilled Mamba model
feat_6548,float,,Chemical Dice embedding dimension 6548 of 8192 predicted from the SMILES by the distilled Mamba model
feat_6549,float,,Chemical Dice embedding dimension 6549 of 8192 predicted from the SMILES by the distilled Mamba model
feat_6550,float,,Chemical Dice embedding dimension 6550 of 8192 predicted from the SMILES by the distilled Mamba model
feat_6551,float,,Chemical Dice embedding dimension 6551 of 8192 predicted from the SMILES by the distilled Mamba model
feat_6552,float,,Chemical Dice embedding dimension 6552 of 8192 predicted from the SMILES by the distilled Mamba model
feat_6553,float,,Chemical Dice embedding dimension 6553 of 8192 predicted from the SMILES by the distilled Mamba model
feat_6554,float,,Chemical Dice embedding dimension 6554 of 8192 predicted from the SMILES by the distilled Mamba model
feat_6555,float,,Chemical Dice embedding dimension 6555 of 8192 predicted from the SMILES by the distilled Mamba model
feat_6556,float,,Chemical Dice embedding dimension 6556 of 8192 predicted from the SMILES by the distilled Mamba model
feat_6557,float,,Chemical Dice embedding dimension 6557 of 8192 predicted from the SMILES by the distilled Mamba model
feat_6558,float,,Chemical Dice embedding dimension 6558 of 8192 predicted from the SMILES by the distilled Mamba model
feat_6559,float,,Chemical Dice embedding dimension 6559 of 8192 predicted from the SMILES by the distilled Mamba model
feat_6560,float,,Chemical Dice embedding dimension 6560 of 8192 predicted from the SMILES by the distilled Mamba model
feat_6561,float,,Chemical Dice embedding dimension 6561 of 8192 predicted from the SMILES by the distilled Mamba model
feat_6562,float,,Chemical Dice embedding dimension 6562 of 8192 predicted from the SMILES by the distilled Mamba model
feat_6563,float,,Chemical Dice embedding dimension 6563 of 8192 predicted from the SMILES by the distilled Mamba model
feat_6564,float,,Chemical Dice embedding dimension 6564 of 8192 predicted from the SMILES by the distilled Mamba model
feat_6565,float,,Chemical Dice embedding dimension 6565 of 8192 predicted from the SMILES by the distilled Mamba model
feat_6566,float,,Chemical Dice embedding dimension 6566 of 8192 predicted from the SMILES by the distilled Mamba model
feat_6567,float,,Chemical Dice embedding dimension 6567 of 8192 predicted from the SMILES by the distilled Mamba model
feat_6568,float,,Chemical Dice embedding dimension 6568 of 8192 predicted from the SMILES by the distilled Mamba model
feat_6569,float,,Chemical Dice embedding dimension 6569 of 8192 predicted from the SMILES by the distilled Mamba model
feat_6570,float,,Chemical Dice embedding dimension 6570 of 8192 predicted from the SMILES by the distilled Mamba model
feat_6571,float,,Chemical Dice embedding dimension 6571 of 8192 predicted from the SMILES by the distilled Mamba model
feat_6572,float,,Chemical Dice embedding dimension 6572 of 8192 predicted from the SMILES by the distilled Mamba model
feat_6573,float,,Chemical Dice embedding dimension 6573 of 8192 predicted from the SMILES by the distilled Mamba model
feat_6574,float,,Chemical Dice embedding dimension 6574 of 8192 predicted from the SMILES by the distilled Mamba model
feat_6575,float,,Chemical Dice embedding dimension 6575 of 8192 predicted from the SMILES by the distilled Mamba model
feat_6576,float,,Chemical Dice embedding dimension 6576 of 8192 predicted from the SMILES by the distilled Mamba model
feat_6577,float,,Chemical Dice embedding dimension 6577 of 8192 predicted from the SMILES by the distilled Mamba model
feat_6578,float,,Chemical Dice embedding dimension 6578 of 8192 predicted from the SMILES by the distilled Mamba model
feat_6579,float,,Chemical Dice embedding dimension 6579 of 8192 predicted from the SMILES by the distilled Mamba model
feat_6580,float,,Chemical Dice embedding dimension 6580 of 8192 predicted from the SMILES by the distilled Mamba model
feat_6581,float,,Chemical Dice embedding dimension 6581 of 8192 predicted from the SMILES by the distilled Mamba model
feat_6582,float,,Chemical Dice embedding dimension 6582 of 8192 predicted from the SMILES by the distilled Mamba model
feat_6583,float,,Chemical Dice embedding dimension 6583 of 8192 predicted from the SMILES by the distilled Mamba model
feat_6584,float,,Chemical Dice embedding dimension 6584 of 8192 predicted from the SMILES by the distilled Mamba model
feat_6585,float,,Chemical Dice embedding dimension 6585 of 8192 predicted from the SMILES by the distilled Mamba model
feat_6586,float,,Chemical Dice embedding dimension 6586 of 8192 predicted from the SMILES by the distilled Mamba model
feat_6587,float,,Chemical Dice embedding dimension 6587 of 8192 predicted from the SMILES by the distilled Mamba model
feat_6588,float,,Chemical Dice embedding dimension 6588 of 8192 predicted from the SMILES by the distilled Mamba model
feat_6589,float,,Chemical Dice embedding dimension 6589 of 8192 predicted from the SMILES by the distilled Mamba model
feat_6590,float,,Chemical Dice embedding dimension 6590 of 8192 predicted from the SMILES by the distilled Mamba model
feat_6591,float,,Chemical Dice embedding dimension 6591 of 8192 predicted from the SMILES by the distilled Mamba model
feat_6592,float,,Chemical Dice embedding dimension 6592 of 8192 predicted from the SMILES by the distilled Mamba model
feat_6593,float,,Chemical Dice embedding dimension 6593 of 8192 predicted from the SMILES by the distilled Mamba model
feat_6594,float,,Chemical Dice embedding dimension 6594 of 8192 predicted from the SMILES by the distilled Mamba model
feat_6595,float,,Chemical Dice embedding dimension 6595 of 8192 predicted from the SMILES by the distilled Mamba model
feat_6596,float,,Chemical Dice embedding dimension 6596 of 8192 predicted from the SMILES by the distilled Mamba model
feat_6597,float,,Chemical Dice embedding dimension 6597 of 8192 predicted from the SMILES by the distilled Mamba model
feat_6598,float,,Chemical Dice embedding dimension 6598 of 8192 predicted from the SMILES by the distilled Mamba model
feat_6599,float,,Chemical Dice embedding dimension 6599 of 8192 predicted from the SMILES by the distilled Mamba model
feat_6600,float,,Chemical Dice embedding dimension 6600 of 8192 predicted from the SMILES by the distilled Mamba model
feat_6601,float,,Chemical Dice embedding dimension 6601 of 8192 predicted from the SMILES by the distilled Mamba model
feat_6602,float,,Chemical Dice embedding dimension 6602 of 8192 predicted from the SMILES by the distilled Mamba model
feat_6603,float,,Chemical Dice embedding dimension 6603 of 8192 predicted from the SMILES by the distilled Mamba model
feat_6604,float,,Chemical Dice embedding dimension 6604 of 8192 predicted from the SMILES by the distilled Mamba model
feat_6605,float,,Chemical Dice embedding dimension 6605 of 8192 predicted from the SMILES by the distilled Mamba model
feat_6606,float,,Chemical Dice embedding dimension 6606 of 8192 predicted from the SMILES by the distilled Mamba model
feat_6607,float,,Chemical Dice embedding dimension 6607 of 8192 predicted from the SMILES by the distilled Mamba model
feat_6608,float,,Chemical Dice embedding dimension 6608 of 8192 predicted from the SMILES by the distilled Mamba model
feat_6609,float,,Chemical Dice embedding dimension 6609 of 8192 predicted from the SMILES by the distilled Mamba model
feat_6610,float,,Chemical Dice embedding dimension 6610 of 8192 predicted from the SMILES by the distilled Mamba model
feat_6611,float,,Chemical Dice embedding dimension 6611 of 8192 predicted from the SMILES by the distilled Mamba model
feat_6612,float,,Chemical Dice embedding dimension 6612 of 8192 predicted from the SMILES by the distilled Mamba model
feat_6613,float,,Chemical Dice embedding dimension 6613 of 8192 predicted from the SMILES by the distilled Mamba model
feat_6614,float,,Chemical Dice embedding dimension 6614 of 8192 predicted from the SMILES by the distilled Mamba model
feat_6615,float,,Chemical Dice embedding dimension 6615 of 8192 predicted from the SMILES by the distilled Mamba model
feat_6616,float,,Chemical Dice embedding dimension 6616 of 8192 predicted from the SMILES by the distilled Mamba model
feat_6617,float,,Chemical Dice embedding dimension 6617 of 8192 predicted from the SMILES by the distilled Mamba model
feat_6618,float,,Chemical Dice embedding dimension 6618 of 8192 predicted from the SMILES by the distilled Mamba model
feat_6619,float,,Chemical Dice embedding dimension 6619 of 8192 predicted from the SMILES by the distilled Mamba model
feat_6620,float,,Chemical Dice embedding dimension 6620 of 8192 predicted from the SMILES by the distilled Mamba model
feat_6621,float,,Chemical Dice embedding dimension 6621 of 8192 predicted from the SMILES by the distilled Mamba model
feat_6622,float,,Chemical Dice embedding dimension 6622 of 8192 predicted from the SMILES by the distilled Mamba model
feat_6623,float,,Chemical Dice embedding dimension 6623 of 8192 predicted from the SMILES by the distilled Mamba model
feat_6624,float,,Chemical Dice embedding dimension 6624 of 8192 predicted from the SMILES by the distilled Mamba model
feat_6625,float,,Chemical Dice embedding dimension 6625 of 8192 predicted from the SMILES by the distilled Mamba model
feat_6626,float,,Chemical Dice embedding dimension 6626 of 8192 predicted from the SMILES by the distilled Mamba model
feat_6627,float,,Chemical Dice embedding dimension 6627 of 8192 predicted from the SMILES by the distilled Mamba model
feat_6628,float,,Chemical Dice embedding dimension 6628 of 8192 predicted from the SMILES by the distilled Mamba model
feat_6629,float,,Chemical Dice embedding dimension 6629 of 8192 predicted from the SMILES by the distilled Mamba model
feat_6630,float,,Chemical Dice embedding dimension 6630 of 8192 predicted from the SMILES by the distilled Mamba model
feat_6631,float,,Chemical Dice embedding dimension 6631 of 8192 predicted from the SMILES by the distilled Mamba model
feat_6632,float,,Chemical Dice embedding dimension 6632 of 8192 predicted from the SMILES by the distilled Mamba model
feat_6633,float,,Chemical Dice embedding dimension 6633 of 8192 predicted from the SMILES by the distilled Mamba model
feat_6634,float,,Chemical Dice embedding dimension 6634 of 8192 predicted from the SMILES by the distilled Mamba model
feat_6635,float,,Chemical Dice embedding dimension 6635 of 8192 predicted from the SMILES by the distilled Mamba model
feat_6636,float,,Chemical Dice embedding dimension 6636 of 8192 predicted from the SMILES by the distilled Mamba model
feat_6637,float,,Chemical Dice embedding dimension 6637 of 8192 predicted from the SMILES by the distilled Mamba model
feat_6638,float,,Chemical Dice embedding dimension 6638 of 8192 predicted from the SMILES by the distilled Mamba model
feat_6639,float,,Chemical Dice embedding dimension 6639 of 8192 predicted from the SMILES by the distilled Mamba model
feat_6640,float,,Chemical Dice embedding dimension 6640 of 8192 predicted from the SMILES by the distilled Mamba model
feat_6641,float,,Chemical Dice embedding dimension 6641 of 8192 predicted from the SMILES by the distilled Mamba model
feat_6642,float,,Chemical Dice embedding dimension 6642 of 8192 predicted from the SMILES by the distilled Mamba model
feat_6643,float,,Chemical Dice embedding dimension 6643 of 8192 predicted from the SMILES by the distilled Mamba model
feat_6644,float,,Chemical Dice embedding dimension 6644 of 8192 predicted from the SMILES by the distilled Mamba model
feat_6645,float,,Chemical Dice embedding dimension 6645 of 8192 predicted from the SMILES by the distilled Mamba model
feat_6646,float,,Chemical Dice embedding dimension 6646 of 8192 predicted from the SMILES by the distilled Mamba model
feat_6647,float,,Chemical Dice embedding dimension 6647 of 8192 predicted from the SMILES by the distilled Mamba model
feat_6648,float,,Chemical Dice embedding dimension 6648 of 8192 predicted from the SMILES by the distilled Mamba model
feat_6649,float,,Chemical Dice embedding dimension 6649 of 8192 predicted from the SMILES by the distilled Mamba model
feat_6650,float,,Chemical Dice embedding dimension 6650 of 8192 predicted from the SMILES by the distilled Mamba model
feat_6651,float,,Chemical Dice embedding dimension 6651 of 8192 predicted from the SMILES by the distilled Mamba model
feat_6652,float,,Chemical Dice embedding dimension 6652 of 8192 predicted from the SMILES by the distilled Mamba model
feat_6653,float,,Chemical Dice embedding dimension 6653 of 8192 predicted from the SMILES by the distilled Mamba model
feat_6654,float,,Chemical Dice embedding dimension 6654 of 8192 predicted from the SMILES by the distilled Mamba model
feat_6655,float,,Chemical Dice embedding dimension 6655 of 8192 predicted from the SMILES by the distilled Mamba model
feat_6656,float,,Chemical Dice embedding dimension 6656 of 8192 predicted from the SMILES by the distilled Mamba model
feat_6657,float,,Chemical Dice embedding dimension 6657 of 8192 predicted from the SMILES by the distilled Mamba model
feat_6658,float,,Chemical Dice embedding dimension 6658 of 8192 predicted from the SMILES by the distilled Mamba model
feat_6659,float,,Chemical Dice embedding dimension 6659 of 8192 predicted from the SMILES by the distilled Mamba model
feat_6660,float,,Chemical Dice embedding dimension 6660 of 8192 predicted from the SMILES by the distilled Mamba model
feat_6661,float,,Chemical Dice embedding dimension 6661 of 8192 predicted from the SMILES by the distilled Mamba model
feat_6662,float,,Chemical Dice embedding dimension 6662 of 8192 predicted from the SMILES by the distilled Mamba model
feat_6663,float,,Chemical Dice embedding dimension 6663 of 8192 predicted from the SMILES by the distilled Mamba model
feat_6664,float,,Chemical Dice embedding dimension 6664 of 8192 predicted from the SMILES by the distilled Mamba model
feat_6665,float,,Chemical Dice embedding dimension 6665 of 8192 predicted from the SMILES by the distilled Mamba model
feat_6666,float,,Chemical Dice embedding dimension 6666 of 8192 predicted from the SMILES by the distilled Mamba model
feat_6667,float,,Chemical Dice embedding dimension 6667 of 8192 predicted from the SMILES by the distilled Mamba model
feat_6668,float,,Chemical Dice embedding dimension 6668 of 8192 predicted from the SMILES by the distilled Mamba model
feat_6669,float,,Chemical Dice embedding dimension 6669 of 8192 predicted from the SMILES by the distilled Mamba model
feat_6670,float,,Chemical Dice embedding dimension 6670 of 8192 predicted from the SMILES by the distilled Mamba model
feat_6671,float,,Chemical Dice embedding dimension 6671 of 8192 predicted from the SMILES by the distilled Mamba model
feat_6672,float,,Chemical Dice embedding dimension 6672 of 8192 predicted from the SMILES by the distilled Mamba model
feat_6673,float,,Chemical Dice embedding dimension 6673 of 8192 predicted from the SMILES by the distilled Mamba model
feat_6674,float,,Chemical Dice embedding dimension 6674 of 8192 predicted from the SMILES by the distilled Mamba model
feat_6675,float,,Chemical Dice embedding dimension 6675 of 8192 predicted from the SMILES by the distilled Mamba model
feat_6676,float,,Chemical Dice embedding dimension 6676 of 8192 predicted from the SMILES by the distilled Mamba model
feat_6677,float,,Chemical Dice embedding dimension 6677 of 8192 predicted from the SMILES by the distilled Mamba model
feat_6678,float,,Chemical Dice embedding dimension 6678 of 8192 predicted from the SMILES by the distilled Mamba model
feat_6679,float,,Chemical Dice embedding dimension 6679 of 8192 predicted from the SMILES by the distilled Mamba model
feat_6680,float,,Chemical Dice embedding dimension 6680 of 8192 predicted from the SMILES by the distilled Mamba model
feat_6681,float,,Chemical Dice embedding dimension 6681 of 8192 predicted from the SMILES by the distilled Mamba model
feat_6682,float,,Chemical Dice embedding dimension 6682 of 8192 predicted from the SMILES by the distilled Mamba model
feat_6683,float,,Chemical Dice embedding dimension 6683 of 8192 predicted from the SMILES by the distilled Mamba model
feat_6684,float,,Chemical Dice embedding dimension 6684 of 8192 predicted from the SMILES by the distilled Mamba model
feat_6685,float,,Chemical Dice embedding dimension 6685 of 8192 predicted from the SMILES by the distilled Mamba model
feat_6686,float,,Chemical Dice embedding dimension 6686 of 8192 predicted from the SMILES by the distilled Mamba model
feat_6687,float,,Chemical Dice embedding dimension 6687 of 8192 predicted from the SMILES by the distilled Mamba model
feat_6688,float,,Chemical Dice embedding dimension 6688 of 8192 predicted from the SMILES by the distilled Mamba model
feat_6689,float,,Chemical Dice embedding dimension 6689 of 8192 predicted from the SMILES by the distilled Mamba model
feat_6690,float,,Chemical Dice embedding dimension 6690 of 8192 predicted from the SMILES by the distilled Mamba model
feat_6691,float,,Chemical Dice embedding dimension 6691 of 8192 predicted from the SMILES by the distilled Mamba model
feat_6692,float,,Chemical Dice embedding dimension 6692 of 8192 predicted from the SMILES by the distilled Mamba model
feat_6693,float,,Chemical Dice embedding dimension 6693 of 8192 predicted from the SMILES by the distilled Mamba model
feat_6694,float,,Chemical Dice embedding dimension 6694 of 8192 predicted from the SMILES by the distilled Mamba model
feat_6695,float,,Chemical Dice embedding dimension 6695 of 8192 predicted from the SMILES by the distilled Mamba model
feat_6696,float,,Chemical Dice embedding dimension 6696 of 8192 predicted from the SMILES by the distilled Mamba model
feat_6697,float,,Chemical Dice embedding dimension 6697 of 8192 predicted from the SMILES by the distilled Mamba model
feat_6698,float,,Chemical Dice embedding dimension 6698 of 8192 predicted from the SMILES by the distilled Mamba model
feat_6699,float,,Chemical Dice embedding dimension 6699 of 8192 predicted from the SMILES by the distilled Mamba model
feat_6700,float,,Chemical Dice embedding dimension 6700 of 8192 predicted from the SMILES by the distilled Mamba model
feat_6701,float,,Chemical Dice embedding dimension 6701 of 8192 predicted from the SMILES by the distilled Mamba model
feat_6702,float,,Chemical Dice embedding dimension 6702 of 8192 predicted from the SMILES by the distilled Mamba model
feat_6703,float,,Chemical Dice embedding dimension 6703 of 8192 predicted from the SMILES by the distilled Mamba model
feat_6704,float,,Chemical Dice embedding dimension 6704 of 8192 predicted from the SMILES by the distilled Mamba model
feat_6705,float,,Chemical Dice embedding dimension 6705 of 8192 predicted from the SMILES by the distilled Mamba model
feat_6706,float,,Chemical Dice embedding dimension 6706 of 8192 predicted from the SMILES by the distilled Mamba model
feat_6707,float,,Chemical Dice embedding dimension 6707 of 8192 predicted from the SMILES by the distilled Mamba model
feat_6708,float,,Chemical Dice embedding dimension 6708 of 8192 predicted from the SMILES by the distilled Mamba model
feat_6709,float,,Chemical Dice embedding dimension 6709 of 8192 predicted from the SMILES by the distilled Mamba model
feat_6710,float,,Chemical Dice embedding dimension 6710 of 8192 predicted from the SMILES by the distilled Mamba model
feat_6711,float,,Chemical Dice embedding dimension 6711 of 8192 predicted from the SMILES by the distilled Mamba model
feat_6712,float,,Chemical Dice embedding dimension 6712 of 8192 predicted from the SMILES by the distilled Mamba model
feat_6713,float,,Chemical Dice embedding dimension 6713 of 8192 predicted from the SMILES by the distilled Mamba model
feat_6714,float,,Chemical Dice embedding dimension 6714 of 8192 predicted from the SMILES by the distilled Mamba model
feat_6715,float,,Chemical Dice embedding dimension 6715 of 8192 predicted from the SMILES by the distilled Mamba model
feat_6716,float,,Chemical Dice embedding dimension 6716 of 8192 predicted from the SMILES by the distilled Mamba model
feat_6717,float,,Chemical Dice embedding dimension 6717 of 8192 predicted from the SMILES by the distilled Mamba model
feat_6718,float,,Chemical Dice embedding dimension 6718 of 8192 predicted from the SMILES by the distilled Mamba model
feat_6719,float,,Chemical Dice embedding dimension 6719 of 8192 predicted from the SMILES by the distilled Mamba model
feat_6720,float,,Chemical Dice embedding dimension 6720 of 8192 predicted from the SMILES by the distilled Mamba model
feat_6721,float,,Chemical Dice embedding dimension 6721 of 8192 predicted from the SMILES by the distilled Mamba model
feat_6722,float,,Chemical Dice embedding dimension 6722 of 8192 predicted from the SMILES by the distilled Mamba model
feat_6723,float,,Chemical Dice embedding dimension 6723 of 8192 predicted from the SMILES by the distilled Mamba model
feat_6724,float,,Chemical Dice embedding dimension 6724 of 8192 predicted from the SMILES by the distilled Mamba model
feat_6725,float,,Chemical Dice embedding dimension 6725 of 8192 predicted from the SMILES by the distilled Mamba model
feat_6726,float,,Chemical Dice embedding dimension 6726 of 8192 predicted from the SMILES by the distilled Mamba model
feat_6727,float,,Chemical Dice embedding dimension 6727 of 8192 predicted from the SMILES by the distilled Mamba model
feat_6728,float,,Chemical Dice embedding dimension 6728 of 8192 predicted from the SMILES by the distilled Mamba model
feat_6729,float,,Chemical Dice embedding dimension 6729 of 8192 predicted from the SMILES by the distilled Mamba model
feat_6730,float,,Chemical Dice embedding dimension 6730 of 8192 predicted from the SMILES by the distilled Mamba model
feat_6731,float,,Chemical Dice embedding dimension 6731 of 8192 predicted from the SMILES by the distilled Mamba model
feat_6732,float,,Chemical Dice embedding dimension 6732 of 8192 predicted from the SMILES by the distilled Mamba model
feat_6733,float,,Chemical Dice embedding dimension 6733 of 8192 predicted from the SMILES by the distilled Mamba model
feat_6734,float,,Chemical Dice embedding dimension 6734 of 8192 predicted from the SMILES by the distilled Mamba model
feat_6735,float,,Chemical Dice embedding dimension 6735 of 8192 predicted from the SMILES by the distilled Mamba model
feat_6736,float,,Chemical Dice embedding dimension 6736 of 8192 predicted from the SMILES by the distilled Mamba model
feat_6737,float,,Chemical Dice embedding dimension 6737 of 8192 predicted from the SMILES by the distilled Mamba model
feat_6738,float,,Chemical Dice embedding dimension 6738 of 8192 predicted from the SMILES by the distilled Mamba model
feat_6739,float,,Chemical Dice embedding dimension 6739 of 8192 predicted from the SMILES by the distilled Mamba model
feat_6740,float,,Chemical Dice embedding dimension 6740 of 8192 predicted from the SMILES by the distilled Mamba model
feat_6741,float,,Chemical Dice embedding dimension 6741 of 8192 predicted from the SMILES by the distilled Mamba model
feat_6742,float,,Chemical Dice embedding dimension 6742 of 8192 predicted from the SMILES by the distilled Mamba model
feat_6743,float,,Chemical Dice embedding dimension 6743 of 8192 predicted from the SMILES by the distilled Mamba model
feat_6744,float,,Chemical Dice embedding dimension 6744 of 8192 predicted from the SMILES by the distilled Mamba model
feat_6745,float,,Chemical Dice embedding dimension 6745 of 8192 predicted from the SMILES by the distilled Mamba model
feat_6746,float,,Chemical Dice embedding dimension 6746 of 8192 predicted from the SMILES by the distilled Mamba model
feat_6747,float,,Chemical Dice embedding dimension 6747 of 8192 predicted from the SMILES by the distilled Mamba model
feat_6748,float,,Chemical Dice embedding dimension 6748 of 8192 predicted from the SMILES by the distilled Mamba model
feat_6749,float,,Chemical Dice embedding dimension 6749 of 8192 predicted from the SMILES by the distilled Mamba model
feat_6750,float,,Chemical Dice embedding dimension 6750 of 8192 predicted from the SMILES by the distilled Mamba model
feat_6751,float,,Chemical Dice embedding dimension 6751 of 8192 predicted from the SMILES by the distilled Mamba model
feat_6752,float,,Chemical Dice embedding dimension 6752 of 8192 predicted from the SMILES by the distilled Mamba model
feat_6753,float,,Chemical Dice embedding dimension 6753 of 8192 predicted from the SMILES by the distilled Mamba model
feat_6754,float,,Chemical Dice embedding dimension 6754 of 8192 predicted from the SMILES by the distilled Mamba model
feat_6755,float,,Chemical Dice embedding dimension 6755 of 8192 predicted from the SMILES by the distilled Mamba model
feat_6756,float,,Chemical Dice embedding dimension 6756 of 8192 predicted from the SMILES by the distilled Mamba model
feat_6757,float,,Chemical Dice embedding dimension 6757 of 8192 predicted from the SMILES by the distilled Mamba model
feat_6758,float,,Chemical Dice embedding dimension 6758 of 8192 predicted from the SMILES by the distilled Mamba model
feat_6759,float,,Chemical Dice embedding dimension 6759 of 8192 predicted from the SMILES by the distilled Mamba model
feat_6760,float,,Chemical Dice embedding dimension 6760 of 8192 predicted from the SMILES by the distilled Mamba model
feat_6761,float,,Chemical Dice embedding dimension 6761 of 8192 predicted from the SMILES by the distilled Mamba model
feat_6762,float,,Chemical Dice embedding dimension 6762 of 8192 predicted from the SMILES by the distilled Mamba model
feat_6763,float,,Chemical Dice embedding dimension 6763 of 8192 predicted from the SMILES by the distilled Mamba model
feat_6764,float,,Chemical Dice embedding dimension 6764 of 8192 predicted from the SMILES by the distilled Mamba model
feat_6765,float,,Chemical Dice embedding dimension 6765 of 8192 predicted from the SMILES by the distilled Mamba model
feat_6766,float,,Chemical Dice embedding dimension 6766 of 8192 predicted from the SMILES by the distilled Mamba model
feat_6767,float,,Chemical Dice embedding dimension 6767 of 8192 predicted from the SMILES by the distilled Mamba model
feat_6768,float,,Chemical Dice embedding dimension 6768 of 8192 predicted from the SMILES by the distilled Mamba model
feat_6769,float,,Chemical Dice embedding dimension 6769 of 8192 predicted from the SMILES by the distilled Mamba model
feat_6770,float,,Chemical Dice embedding dimension 6770 of 8192 predicted from the SMILES by the distilled Mamba model
feat_6771,float,,Chemical Dice embedding dimension 6771 of 8192 predicted from the SMILES by the distilled Mamba model
feat_6772,float,,Chemical Dice embedding dimension 6772 of 8192 predicted from the SMILES by the distilled Mamba model
feat_6773,float,,Chemical Dice embedding dimension 6773 of 8192 predicted from the SMILES by the distilled Mamba model
feat_6774,float,,Chemical Dice embedding dimension 6774 of 8192 predicted from the SMILES by the distilled Mamba model
feat_6775,float,,Chemical Dice embedding dimension 6775 of 8192 predicted from the SMILES by the distilled Mamba model
feat_6776,float,,Chemical Dice embedding dimension 6776 of 8192 predicted from the SMILES by the distilled Mamba model
feat_6777,float,,Chemical Dice embedding dimension 6777 of 8192 predicted from the SMILES by the distilled Mamba model
feat_6778,float,,Chemical Dice embedding dimension 6778 of 8192 predicted from the SMILES by the distilled Mamba model
feat_6779,float,,Chemical Dice embedding dimension 6779 of 8192 predicted from the SMILES by the distilled Mamba model
feat_6780,float,,Chemical Dice embedding dimension 6780 of 8192 predicted from the SMILES by the distilled Mamba model
feat_6781,float,,Chemical Dice embedding dimension 6781 of 8192 predicted from the SMILES by the distilled Mamba model
feat_6782,float,,Chemical Dice embedding dimension 6782 of 8192 predicted from the SMILES by the distilled Mamba model
feat_6783,float,,Chemical Dice embedding dimension 6783 of 8192 predicted from the SMILES by the distilled Mamba model
feat_6784,float,,Chemical Dice embedding dimension 6784 of 8192 predicted from the SMILES by the distilled Mamba model
feat_6785,float,,Chemical Dice embedding dimension 6785 of 8192 predicted from the SMILES by the distilled Mamba model
feat_6786,float,,Chemical Dice embedding dimension 6786 of 8192 predicted from the SMILES by the distilled Mamba model
feat_6787,float,,Chemical Dice embedding dimension 6787 of 8192 predicted from the SMILES by the distilled Mamba model
feat_6788,float,,Chemical Dice embedding dimension 6788 of 8192 predicted from the SMILES by the distilled Mamba model
feat_6789,float,,Chemical Dice embedding dimension 6789 of 8192 predicted from the SMILES by the distilled Mamba model
feat_6790,float,,Chemical Dice embedding dimension 6790 of 8192 predicted from the SMILES by the distilled Mamba model
feat_6791,float,,Chemical Dice embedding dimension 6791 of 8192 predicted from the SMILES by the distilled Mamba model
feat_6792,float,,Chemical Dice embedding dimension 6792 of 8192 predicted from the SMILES by the distilled Mamba model
feat_6793,float,,Chemical Dice embedding dimension 6793 of 8192 predicted from the SMILES by the distilled Mamba model
feat_6794,float,,Chemical Dice embedding dimension 6794 of 8192 predicted from the SMILES by the distilled Mamba model
feat_6795,float,,Chemical Dice embedding dimension 6795 of 8192 predicted from the SMILES by the distilled Mamba model
feat_6796,float,,Chemical Dice embedding dimension 6796 of 8192 predicted from the SMILES by the distilled Mamba model
feat_6797,float,,Chemical Dice embedding dimension 6797 of 8192 predicted from the SMILES by the distilled Mamba model
feat_6798,float,,Chemical Dice embedding dimension 6798 of 8192 predicted from the SMILES by the distilled Mamba model
feat_6799,float,,Chemical Dice embedding dimension 6799 of 8192 predicted from the SMILES by the distilled Mamba model
feat_6800,float,,Chemical Dice embedding dimension 6800 of 8192 predicted from the SMILES by the distilled Mamba model
feat_6801,float,,Chemical Dice embedding dimension 6801 of 8192 predicted from the SMILES by the distilled Mamba model
feat_6802,float,,Chemical Dice embedding dimension 6802 of 8192 predicted from the SMILES by the distilled Mamba model
feat_6803,float,,Chemical Dice embedding dimension 6803 of 8192 predicted from the SMILES by the distilled Mamba model
feat_6804,float,,Chemical Dice embedding dimension 6804 of 8192 predicted from the SMILES by the distilled Mamba model
feat_6805,float,,Chemical Dice embedding dimension 6805 of 8192 predicted from the SMILES by the distilled Mamba model
feat_6806,float,,Chemical Dice embedding dimension 6806 of 8192 predicted from the SMILES by the distilled Mamba model
feat_6807,float,,Chemical Dice embedding dimension 6807 of 8192 predicted from the SMILES by the distilled Mamba model
feat_6808,float,,Chemical Dice embedding dimension 6808 of 8192 predicted from the SMILES by the distilled Mamba model
feat_6809,float,,Chemical Dice embedding dimension 6809 of 8192 predicted from the SMILES by the distilled Mamba model
feat_6810,float,,Chemical Dice embedding dimension 6810 of 8192 predicted from the SMILES by the distilled Mamba model
feat_6811,float,,Chemical Dice embedding dimension 6811 of 8192 predicted from the SMILES by the distilled Mamba model
feat_6812,float,,Chemical Dice embedding dimension 6812 of 8192 predicted from the SMILES by the distilled Mamba model
feat_6813,float,,Chemical Dice embedding dimension 6813 of 8192 predicted from the SMILES by the distilled Mamba model
feat_6814,float,,Chemical Dice embedding dimension 6814 of 8192 predicted from the SMILES by the distilled Mamba model
feat_6815,float,,Chemical Dice embedding dimension 6815 of 8192 predicted from the SMILES by the distilled Mamba model
feat_6816,float,,Chemical Dice embedding dimension 6816 of 8192 predicted from the SMILES by the distilled Mamba model
feat_6817,float,,Chemical Dice embedding dimension 6817 of 8192 predicted from the SMILES by the distilled Mamba model
feat_6818,float,,Chemical Dice embedding dimension 6818 of 8192 predicted from the SMILES by the distilled Mamba model
feat_6819,float,,Chemical Dice embedding dimension 6819 of 8192 predicted from the SMILES by the distilled Mamba model
feat_6820,float,,Chemical Dice embedding dimension 6820 of 8192 predicted from the SMILES by the distilled Mamba model
feat_6821,float,,Chemical Dice embedding dimension 6821 of 8192 predicted from the SMILES by the distilled Mamba model
feat_6822,float,,Chemical Dice embedding dimension 6822 of 8192 predicted from the SMILES by the distilled Mamba model
feat_6823,float,,Chemical Dice embedding dimension 6823 of 8192 predicted from the SMILES by the distilled Mamba model
feat_6824,float,,Chemical Dice embedding dimension 6824 of 8192 predicted from the SMILES by the distilled Mamba model
feat_6825,float,,Chemical Dice embedding dimension 6825 of 8192 predicted from the SMILES by the distilled Mamba model
feat_6826,float,,Chemical Dice embedding dimension 6826 of 8192 predicted from the SMILES by the distilled Mamba model
feat_6827,float,,Chemical Dice embedding dimension 6827 of 8192 predicted from the SMILES by the distilled Mamba model
feat_6828,float,,Chemical Dice embedding dimension 6828 of 8192 predicted from the SMILES by the distilled Mamba model
feat_6829,float,,Chemical Dice embedding dimension 6829 of 8192 predicted from the SMILES by the distilled Mamba model
feat_6830,float,,Chemical Dice embedding dimension 6830 of 8192 predicted from the SMILES by the distilled Mamba model
feat_6831,float,,Chemical Dice embedding dimension 6831 of 8192 predicted from the SMILES by the distilled Mamba model
feat_6832,float,,Chemical Dice embedding dimension 6832 of 8192 predicted from the SMILES by the distilled Mamba model
feat_6833,float,,Chemical Dice embedding dimension 6833 of 8192 predicted from the SMILES by the distilled Mamba model
feat_6834,float,,Chemical Dice embedding dimension 6834 of 8192 predicted from the SMILES by the distilled Mamba model
feat_6835,float,,Chemical Dice embedding dimension 6835 of 8192 predicted from the SMILES by the distilled Mamba model
feat_6836,float,,Chemical Dice embedding dimension 6836 of 8192 predicted from the SMILES by the distilled Mamba model
feat_6837,float,,Chemical Dice embedding dimension 6837 of 8192 predicted from the SMILES by the distilled Mamba model
feat_6838,float,,Chemical Dice embedding dimension 6838 of 8192 predicted from the SMILES by the distilled Mamba model
feat_6839,float,,Chemical Dice embedding dimension 6839 of 8192 predicted from the SMILES by the distilled Mamba model
feat_6840,float,,Chemical Dice embedding dimension 6840 of 8192 predicted from the SMILES by the distilled Mamba model
feat_6841,float,,Chemical Dice embedding dimension 6841 of 8192 predicted from the SMILES by the distilled Mamba model
feat_6842,float,,Chemical Dice embedding dimension 6842 of 8192 predicted from the SMILES by the distilled Mamba model
feat_6843,float,,Chemical Dice embedding dimension 6843 of 8192 predicted from the SMILES by the distilled Mamba model
feat_6844,float,,Chemical Dice embedding dimension 6844 of 8192 predicted from the SMILES by the distilled Mamba model
feat_6845,float,,Chemical Dice embedding dimension 6845 of 8192 predicted from the SMILES by the distilled Mamba model
feat_6846,float,,Chemical Dice embedding dimension 6846 of 8192 predicted from the SMILES by the distilled Mamba model
feat_6847,float,,Chemical Dice embedding dimension 6847 of 8192 predicted from the SMILES by the distilled Mamba model
feat_6848,float,,Chemical Dice embedding dimension 6848 of 8192 predicted from the SMILES by the distilled Mamba model
feat_6849,float,,Chemical Dice embedding dimension 6849 of 8192 predicted from the SMILES by the distilled Mamba model
feat_6850,float,,Chemical Dice embedding dimension 6850 of 8192 predicted from the SMILES by the distilled Mamba model
feat_6851,float,,Chemical Dice embedding dimension 6851 of 8192 predicted from the SMILES by the distilled Mamba model
feat_6852,float,,Chemical Dice embedding dimension 6852 of 8192 predicted from the SMILES by the distilled Mamba model
feat_6853,float,,Chemical Dice embedding dimension 6853 of 8192 predicted from the SMILES by the distilled Mamba model
feat_6854,float,,Chemical Dice embedding dimension 6854 of 8192 predicted from the SMILES by the distilled Mamba model
feat_6855,float,,Chemical Dice embedding dimension 6855 of 8192 predicted from the SMILES by the distilled Mamba model
feat_6856,float,,Chemical Dice embedding dimension 6856 of 8192 predicted from the SMILES by the distilled Mamba model
feat_6857,float,,Chemical Dice embedding dimension 6857 of 8192 predicted from the SMILES by the distilled Mamba model
feat_6858,float,,Chemical Dice embedding dimension 6858 of 8192 predicted from the SMILES by the distilled Mamba model
feat_6859,float,,Chemical Dice embedding dimension 6859 of 8192 predicted from the SMILES by the distilled Mamba model
feat_6860,float,,Chemical Dice embedding dimension 6860 of 8192 predicted from the SMILES by the distilled Mamba model
feat_6861,float,,Chemical Dice embedding dimension 6861 of 8192 predicted from the SMILES by the distilled Mamba model
feat_6862,float,,Chemical Dice embedding dimension 6862 of 8192 predicted from the SMILES by the distilled Mamba model
feat_6863,float,,Chemical Dice embedding dimension 6863 of 8192 predicted from the SMILES by the distilled Mamba model
feat_6864,float,,Chemical Dice embedding dimension 6864 of 8192 predicted from the SMILES by the distilled Mamba model
feat_6865,float,,Chemical Dice embedding dimension 6865 of 8192 predicted from the SMILES by the distilled Mamba model
feat_6866,float,,Chemical Dice embedding dimension 6866 of 8192 predicted from the SMILES by the distilled Mamba model
feat_6867,float,,Chemical Dice embedding dimension 6867 of 8192 predicted from the SMILES by the distilled Mamba model
feat_6868,float,,Chemical Dice embedding dimension 6868 of 8192 predicted from the SMILES by the distilled Mamba model
feat_6869,float,,Chemical Dice embedding dimension 6869 of 8192 predicted from the SMILES by the distilled Mamba model
feat_6870,float,,Chemical Dice embedding dimension 6870 of 8192 predicted from the SMILES by the distilled Mamba model
feat_6871,float,,Chemical Dice embedding dimension 6871 of 8192 predicted from the SMILES by the distilled Mamba model
feat_6872,float,,Chemical Dice embedding dimension 6872 of 8192 predicted from the SMILES by the distilled Mamba model
feat_6873,float,,Chemical Dice embedding dimension 6873 of 8192 predicted from the SMILES by the distilled Mamba model
feat_6874,float,,Chemical Dice embedding dimension 6874 of 8192 predicted from the SMILES by the distilled Mamba model
feat_6875,float,,Chemical Dice embedding dimension 6875 of 8192 predicted from the SMILES by the distilled Mamba model
feat_6876,float,,Chemical Dice embedding dimension 6876 of 8192 predicted from the SMILES by the distilled Mamba model
feat_6877,float,,Chemical Dice embedding dimension 6877 of 8192 predicted from the SMILES by the distilled Mamba model
feat_6878,float,,Chemical Dice embedding dimension 6878 of 8192 predicted from the SMILES by the distilled Mamba model
feat_6879,float,,Chemical Dice embedding dimension 6879 of 8192 predicted from the SMILES by the distilled Mamba model
feat_6880,float,,Chemical Dice embedding dimension 6880 of 8192 predicted from the SMILES by the distilled Mamba model
feat_6881,float,,Chemical Dice embedding dimension 6881 of 8192 predicted from the SMILES by the distilled Mamba model
feat_6882,float,,Chemical Dice embedding dimension 6882 of 8192 predicted from the SMILES by the distilled Mamba model
feat_6883,float,,Chemical Dice embedding dimension 6883 of 8192 predicted from the SMILES by the distilled Mamba model
feat_6884,float,,Chemical Dice embedding dimension 6884 of 8192 predicted from the SMILES by the distilled Mamba model
feat_6885,float,,Chemical Dice embedding dimension 6885 of 8192 predicted from the SMILES by the distilled Mamba model
feat_6886,float,,Chemical Dice embedding dimension 6886 of 8192 predicted from the SMILES by the distilled Mamba model
feat_6887,float,,Chemical Dice embedding dimension 6887 of 8192 predicted from the SMILES by the distilled Mamba model
feat_6888,float,,Chemical Dice embedding dimension 6888 of 8192 predicted from the SMILES by the distilled Mamba model
feat_6889,float,,Chemical Dice embedding dimension 6889 of 8192 predicted from the SMILES by the distilled Mamba model
feat_6890,float,,Chemical Dice embedding dimension 6890 of 8192 predicted from the SMILES by the distilled Mamba model
feat_6891,float,,Chemical Dice embedding dimension 6891 of 8192 predicted from the SMILES by the distilled Mamba model
feat_6892,float,,Chemical Dice embedding dimension 6892 of 8192 predicted from the SMILES by the distilled Mamba model
feat_6893,float,,Chemical Dice embedding dimension 6893 of 8192 predicted from the SMILES by the distilled Mamba model
feat_6894,float,,Chemical Dice embedding dimension 6894 of 8192 predicted from the SMILES by the distilled Mamba model
feat_6895,float,,Chemical Dice embedding dimension 6895 of 8192 predicted from the SMILES by the distilled Mamba model
feat_6896,float,,Chemical Dice embedding dimension 6896 of 8192 predicted from the SMILES by the distilled Mamba model
feat_6897,float,,Chemical Dice embedding dimension 6897 of 8192 predicted from the SMILES by the distilled Mamba model
feat_6898,float,,Chemical Dice embedding dimension 6898 of 8192 predicted from the SMILES by the distilled Mamba model
feat_6899,float,,Chemical Dice embedding dimension 6899 of 8192 predicted from the SMILES by the distilled Mamba model
feat_6900,float,,Chemical Dice embedding dimension 6900 of 8192 predicted from the SMILES by the distilled Mamba model
feat_6901,float,,Chemical Dice embedding dimension 6901 of 8192 predicted from the SMILES by the distilled Mamba model
feat_6902,float,,Chemical Dice embedding dimension 6902 of 8192 predicted from the SMILES by the distilled Mamba model
feat_6903,float,,Chemical Dice embedding dimension 6903 of 8192 predicted from the SMILES by the distilled Mamba model
feat_6904,float,,Chemical Dice embedding dimension 6904 of 8192 predicted from the SMILES by the distilled Mamba model
feat_6905,float,,Chemical Dice embedding dimension 6905 of 8192 predicted from the SMILES by the distilled Mamba model
feat_6906,float,,Chemical Dice embedding dimension 6906 of 8192 predicted from the SMILES by the distilled Mamba model
feat_6907,float,,Chemical Dice embedding dimension 6907 of 8192 predicted from the SMILES by the distilled Mamba model
feat_6908,float,,Chemical Dice embedding dimension 6908 of 8192 predicted from the SMILES by the distilled Mamba model
feat_6909,float,,Chemical Dice embedding dimension 6909 of 8192 predicted from the SMILES by the distilled Mamba model
feat_6910,float,,Chemical Dice embedding dimension 6910 of 8192 predicted from the SMILES by the distilled Mamba model
feat_6911,float,,Chemical Dice embedding dimension 6911 of 8192 predicted from the SMILES by the distilled Mamba model
feat_6912,float,,Chemical Dice embedding dimension 6912 of 8192 predicted from the SMILES by the distilled Mamba model
feat_6913,float,,Chemical Dice embedding dimension 6913 of 8192 predicted from the SMILES by the distilled Mamba model
feat_6914,float,,Chemical Dice embedding dimension 6914 of 8192 predicted from the SMILES by the distilled Mamba model
feat_6915,float,,Chemical Dice embedding dimension 6915 of 8192 predicted from the SMILES by the distilled Mamba model
feat_6916,float,,Chemical Dice embedding dimension 6916 of 8192 predicted from the SMILES by the distilled Mamba model
feat_6917,float,,Chemical Dice embedding dimension 6917 of 8192 predicted from the SMILES by the distilled Mamba model
feat_6918,float,,Chemical Dice embedding dimension 6918 of 8192 predicted from the SMILES by the distilled Mamba model
feat_6919,float,,Chemical Dice embedding dimension 6919 of 8192 predicted from the SMILES by the distilled Mamba model
feat_6920,float,,Chemical Dice embedding dimension 6920 of 8192 predicted from the SMILES by the distilled Mamba model
feat_6921,float,,Chemical Dice embedding dimension 6921 of 8192 predicted from the SMILES by the distilled Mamba model
feat_6922,float,,Chemical Dice embedding dimension 6922 of 8192 predicted from the SMILES by the distilled Mamba model
feat_6923,float,,Chemical Dice embedding dimension 6923 of 8192 predicted from the SMILES by the distilled Mamba model
feat_6924,float,,Chemical Dice embedding dimension 6924 of 8192 predicted from the SMILES by the distilled Mamba model
feat_6925,float,,Chemical Dice embedding dimension 6925 of 8192 predicted from the SMILES by the distilled Mamba model
feat_6926,float,,Chemical Dice embedding dimension 6926 of 8192 predicted from the SMILES by the distilled Mamba model
feat_6927,float,,Chemical Dice embedding dimension 6927 of 8192 predicted from the SMILES by the distilled Mamba model
feat_6928,float,,Chemical Dice embedding dimension 6928 of 8192 predicted from the SMILES by the distilled Mamba model
feat_6929,float,,Chemical Dice embedding dimension 6929 of 8192 predicted from the SMILES by the distilled Mamba model
feat_6930,float,,Chemical Dice embedding dimension 6930 of 8192 predicted from the SMILES by the distilled Mamba model
feat_6931,float,,Chemical Dice embedding dimension 6931 of 8192 predicted from the SMILES by the distilled Mamba model
feat_6932,float,,Chemical Dice embedding dimension 6932 of 8192 predicted from the SMILES by the distilled Mamba model
feat_6933,float,,Chemical Dice embedding dimension 6933 of 8192 predicted from the SMILES by the distilled Mamba model
feat_6934,float,,Chemical Dice embedding dimension 6934 of 8192 predicted from the SMILES by the distilled Mamba model
feat_6935,float,,Chemical Dice embedding dimension 6935 of 8192 predicted from the SMILES by the distilled Mamba model
feat_6936,float,,Chemical Dice embedding dimension 6936 of 8192 predicted from the SMILES by the distilled Mamba model
feat_6937,float,,Chemical Dice embedding dimension 6937 of 8192 predicted from the SMILES by the distilled Mamba model
feat_6938,float,,Chemical Dice embedding dimension 6938 of 8192 predicted from the SMILES by the distilled Mamba model
feat_6939,float,,Chemical Dice embedding dimension 6939 of 8192 predicted from the SMILES by the distilled Mamba model
feat_6940,float,,Chemical Dice embedding dimension 6940 of 8192 predicted from the SMILES by the distilled Mamba model
feat_6941,float,,Chemical Dice embedding dimension 6941 of 8192 predicted from the SMILES by the distilled Mamba model
feat_6942,float,,Chemical Dice embedding dimension 6942 of 8192 predicted from the SMILES by the distilled Mamba model
feat_6943,float,,Chemical Dice embedding dimension 6943 of 8192 predicted from the SMILES by the distilled Mamba model
feat_6944,float,,Chemical Dice embedding dimension 6944 of 8192 predicted from the SMILES by the distilled Mamba model
feat_6945,float,,Chemical Dice embedding dimension 6945 of 8192 predicted from the SMILES by the distilled Mamba model
feat_6946,float,,Chemical Dice embedding dimension 6946 of 8192 predicted from the SMILES by the distilled Mamba model
feat_6947,float,,Chemical Dice embedding dimension 6947 of 8192 predicted from the SMILES by the distilled Mamba model
feat_6948,float,,Chemical Dice embedding dimension 6948 of 8192 predicted from the SMILES by the distilled Mamba model
feat_6949,float,,Chemical Dice embedding dimension 6949 of 8192 predicted from the SMILES by the distilled Mamba model
feat_6950,float,,Chemical Dice embedding dimension 6950 of 8192 predicted from the SMILES by the distilled Mamba model
feat_6951,float,,Chemical Dice embedding dimension 6951 of 8192 predicted from the SMILES by the distilled Mamba model
feat_6952,float,,Chemical Dice embedding dimension 6952 of 8192 predicted from the SMILES by the distilled Mamba model
feat_6953,float,,Chemical Dice embedding dimension 6953 of 8192 predicted from the SMILES by the distilled Mamba model
feat_6954,float,,Chemical Dice embedding dimension 6954 of 8192 predicted from the SMILES by the distilled Mamba model
feat_6955,float,,Chemical Dice embedding dimension 6955 of 8192 predicted from the SMILES by the distilled Mamba model
feat_6956,float,,Chemical Dice embedding dimension 6956 of 8192 predicted from the SMILES by the distilled Mamba model
feat_6957,float,,Chemical Dice embedding dimension 6957 of 8192 predicted from the SMILES by the distilled Mamba model
feat_6958,float,,Chemical Dice embedding dimension 6958 of 8192 predicted from the SMILES by the distilled Mamba model
feat_6959,float,,Chemical Dice embedding dimension 6959 of 8192 predicted from the SMILES by the distilled Mamba model
feat_6960,float,,Chemical Dice embedding dimension 6960 of 8192 predicted from the SMILES by the distilled Mamba model
feat_6961,float,,Chemical Dice embedding dimension 6961 of 8192 predicted from the SMILES by the distilled Mamba model
feat_6962,float,,Chemical Dice embedding dimension 6962 of 8192 predicted from the SMILES by the distilled Mamba model
feat_6963,float,,Chemical Dice embedding dimension 6963 of 8192 predicted from the SMILES by the distilled Mamba model
feat_6964,float,,Chemical Dice embedding dimension 6964 of 8192 predicted from the SMILES by the distilled Mamba model
feat_6965,float,,Chemical Dice embedding dimension 6965 of 8192 predicted from the SMILES by the distilled Mamba model
feat_6966,float,,Chemical Dice embedding dimension 6966 of 8192 predicted from the SMILES by the distilled Mamba model
feat_6967,float,,Chemical Dice embedding dimension 6967 of 8192 predicted from the SMILES by the distilled Mamba model
feat_6968,float,,Chemical Dice embedding dimension 6968 of 8192 predicted from the SMILES by the distilled Mamba model
feat_6969,float,,Chemical Dice embedding dimension 6969 of 8192 predicted from the SMILES by the distilled Mamba model
feat_6970,float,,Chemical Dice embedding dimension 6970 of 8192 predicted from the SMILES by the distilled Mamba model
feat_6971,float,,Chemical Dice embedding dimension 6971 of 8192 predicted from the SMILES by the distilled Mamba model
feat_6972,float,,Chemical Dice embedding dimension 6972 of 8192 predicted from the SMILES by the distilled Mamba model
feat_6973,float,,Chemical Dice embedding dimension 6973 of 8192 predicted from the SMILES by the distilled Mamba model
feat_6974,float,,Chemical Dice embedding dimension 6974 of 8192 predicted from the SMILES by the distilled Mamba model
feat_6975,float,,Chemical Dice embedding dimension 6975 of 8192 predicted from the SMILES by the distilled Mamba model
feat_6976,float,,Chemical Dice embedding dimension 6976 of 8192 predicted from the SMILES by the distilled Mamba model
feat_6977,float,,Chemical Dice embedding dimension 6977 of 8192 predicted from the SMILES by the distilled Mamba model
feat_6978,float,,Chemical Dice embedding dimension 6978 of 8192 predicted from the SMILES by the distilled Mamba model
feat_6979,float,,Chemical Dice embedding dimension 6979 of 8192 predicted from the SMILES by the distilled Mamba model
feat_6980,float,,Chemical Dice embedding dimension 6980 of 8192 predicted from the SMILES by the distilled Mamba model
feat_6981,float,,Chemical Dice embedding dimension 6981 of 8192 predicted from the SMILES by the distilled Mamba model
feat_6982,float,,Chemical Dice embedding dimension 6982 of 8192 predicted from the SMILES by the distilled Mamba model
feat_6983,float,,Chemical Dice embedding dimension 6983 of 8192 predicted from the SMILES by the distilled Mamba model
feat_6984,float,,Chemical Dice embedding dimension 6984 of 8192 predicted from the SMILES by the distilled Mamba model
feat_6985,float,,Chemical Dice embedding dimension 6985 of 8192 predicted from the SMILES by the distilled Mamba model
feat_6986,float,,Chemical Dice embedding dimension 6986 of 8192 predicted from the SMILES by the distilled Mamba model
feat_6987,float,,Chemical Dice embedding dimension 6987 of 8192 predicted from the SMILES by the distilled Mamba model
feat_6988,float,,Chemical Dice embedding dimension 6988 of 8192 predicted from the SMILES by the distilled Mamba model
feat_6989,float,,Chemical Dice embedding dimension 6989 of 8192 predicted from the SMILES by the distilled Mamba model
feat_6990,float,,Chemical Dice embedding dimension 6990 of 8192 predicted from the SMILES by the distilled Mamba model
feat_6991,float,,Chemical Dice embedding dimension 6991 of 8192 predicted from the SMILES by the distilled Mamba model
feat_6992,float,,Chemical Dice embedding dimension 6992 of 8192 predicted from the SMILES by the distilled Mamba model
feat_6993,float,,Chemical Dice embedding dimension 6993 of 8192 predicted from the SMILES by the distilled Mamba model
feat_6994,float,,Chemical Dice embedding dimension 6994 of 8192 predicted from the SMILES by the distilled Mamba model
feat_6995,float,,Chemical Dice embedding dimension 6995 of 8192 predicted from the SMILES by the distilled Mamba model
feat_6996,float,,Chemical Dice embedding dimension 6996 of 8192 predicted from the SMILES by the distilled Mamba model
feat_6997,float,,Chemical Dice embedding dimension 6997 of 8192 predicted from the SMILES by the distilled Mamba model
feat_6998,float,,Chemical Dice embedding dimension 6998 of 8192 predicted from the SMILES by the distilled Mamba model
feat_6999,float,,Chemical Dice embedding dimension 6999 of 8192 predicted from the SMILES by the distilled Mamba model
feat_7000,float,,Chemical Dice embedding dimension 7000 of 8192 predicted from the SMILES by the distilled Mamba model
feat_7001,float,,Chemical Dice embedding dimension 7001 of 8192 predicted from the SMILES by the distilled Mamba model
feat_7002,float,,Chemical Dice embedding dimension 7002 of 8192 predicted from the SMILES by the distilled Mamba model
feat_7003,float,,Chemical Dice embedding dimension 7003 of 8192 predicted from the SMILES by the distilled Mamba model
feat_7004,float,,Chemical Dice embedding dimension 7004 of 8192 predicted from the SMILES by the distilled Mamba model
feat_7005,float,,Chemical Dice embedding dimension 7005 of 8192 predicted from the SMILES by the distilled Mamba model
feat_7006,float,,Chemical Dice embedding dimension 7006 of 8192 predicted from the SMILES by the distilled Mamba model
feat_7007,float,,Chemical Dice embedding dimension 7007 of 8192 predicted from the SMILES by the distilled Mamba model
feat_7008,float,,Chemical Dice embedding dimension 7008 of 8192 predicted from the SMILES by the distilled Mamba model
feat_7009,float,,Chemical Dice embedding dimension 7009 of 8192 predicted from the SMILES by the distilled Mamba model
feat_7010,float,,Chemical Dice embedding dimension 7010 of 8192 predicted from the SMILES by the distilled Mamba model
feat_7011,float,,Chemical Dice embedding dimension 7011 of 8192 predicted from the SMILES by the distilled Mamba model
feat_7012,float,,Chemical Dice embedding dimension 7012 of 8192 predicted from the SMILES by the distilled Mamba model
feat_7013,float,,Chemical Dice embedding dimension 7013 of 8192 predicted from the SMILES by the distilled Mamba model
feat_7014,float,,Chemical Dice embedding dimension 7014 of 8192 predicted from the SMILES by the distilled Mamba model
feat_7015,float,,Chemical Dice embedding dimension 7015 of 8192 predicted from the SMILES by the distilled Mamba model
feat_7016,float,,Chemical Dice embedding dimension 7016 of 8192 predicted from the SMILES by the distilled Mamba model
feat_7017,float,,Chemical Dice embedding dimension 7017 of 8192 predicted from the SMILES by the distilled Mamba model
feat_7018,float,,Chemical Dice embedding dimension 7018 of 8192 predicted from the SMILES by the distilled Mamba model
feat_7019,float,,Chemical Dice embedding dimension 7019 of 8192 predicted from the SMILES by the distilled Mamba model
feat_7020,float,,Chemical Dice embedding dimension 7020 of 8192 predicted from the SMILES by the distilled Mamba model
feat_7021,float,,Chemical Dice embedding dimension 7021 of 8192 predicted from the SMILES by the distilled Mamba model
feat_7022,float,,Chemical Dice embedding dimension 7022 of 8192 predicted from the SMILES by the distilled Mamba model
feat_7023,float,,Chemical Dice embedding dimension 7023 of 8192 predicted from the SMILES by the distilled Mamba model
feat_7024,float,,Chemical Dice embedding dimension 7024 of 8192 predicted from the SMILES by the distilled Mamba model
feat_7025,float,,Chemical Dice embedding dimension 7025 of 8192 predicted from the SMILES by the distilled Mamba model
feat_7026,float,,Chemical Dice embedding dimension 7026 of 8192 predicted from the SMILES by the distilled Mamba model
feat_7027,float,,Chemical Dice embedding dimension 7027 of 8192 predicted from the SMILES by the distilled Mamba model
feat_7028,float,,Chemical Dice embedding dimension 7028 of 8192 predicted from the SMILES by the distilled Mamba model
feat_7029,float,,Chemical Dice embedding dimension 7029 of 8192 predicted from the SMILES by the distilled Mamba model
feat_7030,float,,Chemical Dice embedding dimension 7030 of 8192 predicted from the SMILES by the distilled Mamba model
feat_7031,float,,Chemical Dice embedding dimension 7031 of 8192 predicted from the SMILES by the distilled Mamba model
feat_7032,float,,Chemical Dice embedding dimension 7032 of 8192 predicted from the SMILES by the distilled Mamba model
feat_7033,float,,Chemical Dice embedding dimension 7033 of 8192 predicted from the SMILES by the distilled Mamba model
feat_7034,float,,Chemical Dice embedding dimension 7034 of 8192 predicted from the SMILES by the distilled Mamba model
feat_7035,float,,Chemical Dice embedding dimension 7035 of 8192 predicted from the SMILES by the distilled Mamba model
feat_7036,float,,Chemical Dice embedding dimension 7036 of 8192 predicted from the SMILES by the distilled Mamba model
feat_7037,float,,Chemical Dice embedding dimension 7037 of 8192 predicted from the SMILES by the distilled Mamba model
feat_7038,float,,Chemical Dice embedding dimension 7038 of 8192 predicted from the SMILES by the distilled Mamba model
feat_7039,float,,Chemical Dice embedding dimension 7039 of 8192 predicted from the SMILES by the distilled Mamba model
feat_7040,float,,Chemical Dice embedding dimension 7040 of 8192 predicted from the SMILES by the distilled Mamba model
feat_7041,float,,Chemical Dice embedding dimension 7041 of 8192 predicted from the SMILES by the distilled Mamba model
feat_7042,float,,Chemical Dice embedding dimension 7042 of 8192 predicted from the SMILES by the distilled Mamba model
feat_7043,float,,Chemical Dice embedding dimension 7043 of 8192 predicted from the SMILES by the distilled Mamba model
feat_7044,float,,Chemical Dice embedding dimension 7044 of 8192 predicted from the SMILES by the distilled Mamba model
feat_7045,float,,Chemical Dice embedding dimension 7045 of 8192 predicted from the SMILES by the distilled Mamba model
feat_7046,float,,Chemical Dice embedding dimension 7046 of 8192 predicted from the SMILES by the distilled Mamba model
feat_7047,float,,Chemical Dice embedding dimension 7047 of 8192 predicted from the SMILES by the distilled Mamba model
feat_7048,float,,Chemical Dice embedding dimension 7048 of 8192 predicted from the SMILES by the distilled Mamba model
feat_7049,float,,Chemical Dice embedding dimension 7049 of 8192 predicted from the SMILES by the distilled Mamba model
feat_7050,float,,Chemical Dice embedding dimension 7050 of 8192 predicted from the SMILES by the distilled Mamba model
feat_7051,float,,Chemical Dice embedding dimension 7051 of 8192 predicted from the SMILES by the distilled Mamba model
feat_7052,float,,Chemical Dice embedding dimension 7052 of 8192 predicted from the SMILES by the distilled Mamba model
feat_7053,float,,Chemical Dice embedding dimension 7053 of 8192 predicted from the SMILES by the distilled Mamba model
feat_7054,float,,Chemical Dice embedding dimension 7054 of 8192 predicted from the SMILES by the distilled Mamba model
feat_7055,float,,Chemical Dice embedding dimension 7055 of 8192 predicted from the SMILES by the distilled Mamba model
feat_7056,float,,Chemical Dice embedding dimension 7056 of 8192 predicted from the SMILES by the distilled Mamba model
feat_7057,float,,Chemical Dice embedding dimension 7057 of 8192 predicted from the SMILES by the distilled Mamba model
feat_7058,float,,Chemical Dice embedding dimension 7058 of 8192 predicted from the SMILES by the distilled Mamba model
feat_7059,float,,Chemical Dice embedding dimension 7059 of 8192 predicted from the SMILES by the distilled Mamba model
feat_7060,float,,Chemical Dice embedding dimension 7060 of 8192 predicted from the SMILES by the distilled Mamba model
feat_7061,float,,Chemical Dice embedding dimension 7061 of 8192 predicted from the SMILES by the distilled Mamba model
feat_7062,float,,Chemical Dice embedding dimension 7062 of 8192 predicted from the SMILES by the distilled Mamba model
feat_7063,float,,Chemical Dice embedding dimension 7063 of 8192 predicted from the SMILES by the distilled Mamba model
feat_7064,float,,Chemical Dice embedding dimension 7064 of 8192 predicted from the SMILES by the distilled Mamba model
feat_7065,float,,Chemical Dice embedding dimension 7065 of 8192 predicted from the SMILES by the distilled Mamba model
feat_7066,float,,Chemical Dice embedding dimension 7066 of 8192 predicted from the SMILES by the distilled Mamba model
feat_7067,float,,Chemical Dice embedding dimension 7067 of 8192 predicted from the SMILES by the distilled Mamba model
feat_7068,float,,Chemical Dice embedding dimension 7068 of 8192 predicted from the SMILES by the distilled Mamba model
feat_7069,float,,Chemical Dice embedding dimension 7069 of 8192 predicted from the SMILES by the distilled Mamba model
feat_7070,float,,Chemical Dice embedding dimension 7070 of 8192 predicted from the SMILES by the distilled Mamba model
feat_7071,float,,Chemical Dice embedding dimension 7071 of 8192 predicted from the SMILES by the distilled Mamba model
feat_7072,float,,Chemical Dice embedding dimension 7072 of 8192 predicted from the SMILES by the distilled Mamba model
feat_7073,float,,Chemical Dice embedding dimension 7073 of 8192 predicted from the SMILES by the distilled Mamba model
feat_7074,float,,Chemical Dice embedding dimension 7074 of 8192 predicted from the SMILES by the distilled Mamba model
feat_7075,float,,Chemical Dice embedding dimension 7075 of 8192 predicted from the SMILES by the distilled Mamba model
feat_7076,float,,Chemical Dice embedding dimension 7076 of 8192 predicted from the SMILES by the distilled Mamba model
feat_7077,float,,Chemical Dice embedding dimension 7077 of 8192 predicted from the SMILES by the distilled Mamba model
feat_7078,float,,Chemical Dice embedding dimension 7078 of 8192 predicted from the SMILES by the distilled Mamba model
feat_7079,float,,Chemical Dice embedding dimension 7079 of 8192 predicted from the SMILES by the distilled Mamba model
feat_7080,float,,Chemical Dice embedding dimension 7080 of 8192 predicted from the SMILES by the distilled Mamba model
feat_7081,float,,Chemical Dice embedding dimension 7081 of 8192 predicted from the SMILES by the distilled Mamba model
feat_7082,float,,Chemical Dice embedding dimension 7082 of 8192 predicted from the SMILES by the distilled Mamba model
feat_7083,float,,Chemical Dice embedding dimension 7083 of 8192 predicted from the SMILES by the distilled Mamba model
feat_7084,float,,Chemical Dice embedding dimension 7084 of 8192 predicted from the SMILES by the distilled Mamba model
feat_7085,float,,Chemical Dice embedding dimension 7085 of 8192 predicted from the SMILES by the distilled Mamba model
feat_7086,float,,Chemical Dice embedding dimension 7086 of 8192 predicted from the SMILES by the distilled Mamba model
feat_7087,float,,Chemical Dice embedding dimension 7087 of 8192 predicted from the SMILES by the distilled Mamba model
feat_7088,float,,Chemical Dice embedding dimension 7088 of 8192 predicted from the SMILES by the distilled Mamba model
feat_7089,float,,Chemical Dice embedding dimension 7089 of 8192 predicted from the SMILES by the distilled Mamba model
feat_7090,float,,Chemical Dice embedding dimension 7090 of 8192 predicted from the SMILES by the distilled Mamba model
feat_7091,float,,Chemical Dice embedding dimension 7091 of 8192 predicted from the SMILES by the distilled Mamba model
feat_7092,float,,Chemical Dice embedding dimension 7092 of 8192 predicted from the SMILES by the distilled Mamba model
feat_7093,float,,Chemical Dice embedding dimension 7093 of 8192 predicted from the SMILES by the distilled Mamba model
feat_7094,float,,Chemical Dice embedding dimension 7094 of 8192 predicted from the SMILES by the distilled Mamba model
feat_7095,float,,Chemical Dice embedding dimension 7095 of 8192 predicted from the SMILES by the distilled Mamba model
feat_7096,float,,Chemical Dice embedding dimension 7096 of 8192 predicted from the SMILES by the distilled Mamba model
feat_7097,float,,Chemical Dice embedding dimension 7097 of 8192 predicted from the SMILES by the distilled Mamba model
feat_7098,float,,Chemical Dice embedding dimension 7098 of 8192 predicted from the SMILES by the distilled Mamba model
feat_7099,float,,Chemical Dice embedding dimension 7099 of 8192 predicted from the SMILES by the distilled Mamba model
feat_7100,float,,Chemical Dice embedding dimension 7100 of 8192 predicted from the SMILES by the distilled Mamba model
feat_7101,float,,Chemical Dice embedding dimension 7101 of 8192 predicted from the SMILES by the distilled Mamba model
feat_7102,float,,Chemical Dice embedding dimension 7102 of 8192 predicted from the SMILES by the distilled Mamba model
feat_7103,float,,Chemical Dice embedding dimension 7103 of 8192 predicted from the SMILES by the distilled Mamba model
feat_7104,float,,Chemical Dice embedding dimension 7104 of 8192 predicted from the SMILES by the distilled Mamba model
feat_7105,float,,Chemical Dice embedding dimension 7105 of 8192 predicted from the SMILES by the distilled Mamba model
feat_7106,float,,Chemical Dice embedding dimension 7106 of 8192 predicted from the SMILES by the distilled Mamba model
feat_7107,float,,Chemical Dice embedding dimension 7107 of 8192 predicted from the SMILES by the distilled Mamba model
feat_7108,float,,Chemical Dice embedding dimension 7108 of 8192 predicted from the SMILES by the distilled Mamba model
feat_7109,float,,Chemical Dice embedding dimension 7109 of 8192 predicted from the SMILES by the distilled Mamba model
feat_7110,float,,Chemical Dice embedding dimension 7110 of 8192 predicted from the SMILES by the distilled Mamba model
feat_7111,float,,Chemical Dice embedding dimension 7111 of 8192 predicted from the SMILES by the distilled Mamba model
feat_7112,float,,Chemical Dice embedding dimension 7112 of 8192 predicted from the SMILES by the distilled Mamba model
feat_7113,float,,Chemical Dice embedding dimension 7113 of 8192 predicted from the SMILES by the distilled Mamba model
feat_7114,float,,Chemical Dice embedding dimension 7114 of 8192 predicted from the SMILES by the distilled Mamba model
feat_7115,float,,Chemical Dice embedding dimension 7115 of 8192 predicted from the SMILES by the distilled Mamba model
feat_7116,float,,Chemical Dice embedding dimension 7116 of 8192 predicted from the SMILES by the distilled Mamba model
feat_7117,float,,Chemical Dice embedding dimension 7117 of 8192 predicted from the SMILES by the distilled Mamba model
feat_7118,float,,Chemical Dice embedding dimension 7118 of 8192 predicted from the SMILES by the distilled Mamba model
feat_7119,float,,Chemical Dice embedding dimension 7119 of 8192 predicted from the SMILES by the distilled Mamba model
feat_7120,float,,Chemical Dice embedding dimension 7120 of 8192 predicted from the SMILES by the distilled Mamba model
feat_7121,float,,Chemical Dice embedding dimension 7121 of 8192 predicted from the SMILES by the distilled Mamba model
feat_7122,float,,Chemical Dice embedding dimension 7122 of 8192 predicted from the SMILES by the distilled Mamba model
feat_7123,float,,Chemical Dice embedding dimension 7123 of 8192 predicted from the SMILES by the distilled Mamba model
feat_7124,float,,Chemical Dice embedding dimension 7124 of 8192 predicted from the SMILES by the distilled Mamba model
feat_7125,float,,Chemical Dice embedding dimension 7125 of 8192 predicted from the SMILES by the distilled Mamba model
feat_7126,float,,Chemical Dice embedding dimension 7126 of 8192 predicted from the SMILES by the distilled Mamba model
feat_7127,float,,Chemical Dice embedding dimension 7127 of 8192 predicted from the SMILES by the distilled Mamba model
feat_7128,float,,Chemical Dice embedding dimension 7128 of 8192 predicted from the SMILES by the distilled Mamba model
feat_7129,float,,Chemical Dice embedding dimension 7129 of 8192 predicted from the SMILES by the distilled Mamba model
feat_7130,float,,Chemical Dice embedding dimension 7130 of 8192 predicted from the SMILES by the distilled Mamba model
feat_7131,float,,Chemical Dice embedding dimension 7131 of 8192 predicted from the SMILES by the distilled Mamba model
feat_7132,float,,Chemical Dice embedding dimension 7132 of 8192 predicted from the SMILES by the distilled Mamba model
feat_7133,float,,Chemical Dice embedding dimension 7133 of 8192 predicted from the SMILES by the distilled Mamba model
feat_7134,float,,Chemical Dice embedding dimension 7134 of 8192 predicted from the SMILES by the distilled Mamba model
feat_7135,float,,Chemical Dice embedding dimension 7135 of 8192 predicted from the SMILES by the distilled Mamba model
feat_7136,float,,Chemical Dice embedding dimension 7136 of 8192 predicted from the SMILES by the distilled Mamba model
feat_7137,float,,Chemical Dice embedding dimension 7137 of 8192 predicted from the SMILES by the distilled Mamba model
feat_7138,float,,Chemical Dice embedding dimension 7138 of 8192 predicted from the SMILES by the distilled Mamba model
feat_7139,float,,Chemical Dice embedding dimension 7139 of 8192 predicted from the SMILES by the distilled Mamba model
feat_7140,float,,Chemical Dice embedding dimension 7140 of 8192 predicted from the SMILES by the distilled Mamba model
feat_7141,float,,Chemical Dice embedding dimension 7141 of 8192 predicted from the SMILES by the distilled Mamba model
feat_7142,float,,Chemical Dice embedding dimension 7142 of 8192 predicted from the SMILES by the distilled Mamba model
feat_7143,float,,Chemical Dice embedding dimension 7143 of 8192 predicted from the SMILES by the distilled Mamba model
feat_7144,float,,Chemical Dice embedding dimension 7144 of 8192 predicted from the SMILES by the distilled Mamba model
feat_7145,float,,Chemical Dice embedding dimension 7145 of 8192 predicted from the SMILES by the distilled Mamba model
feat_7146,float,,Chemical Dice embedding dimension 7146 of 8192 predicted from the SMILES by the distilled Mamba model
feat_7147,float,,Chemical Dice embedding dimension 7147 of 8192 predicted from the SMILES by the distilled Mamba model
feat_7148,float,,Chemical Dice embedding dimension 7148 of 8192 predicted from the SMILES by the distilled Mamba model
feat_7149,float,,Chemical Dice embedding dimension 7149 of 8192 predicted from the SMILES by the distilled Mamba model
feat_7150,float,,Chemical Dice embedding dimension 7150 of 8192 predicted from the SMILES by the distilled Mamba model
feat_7151,float,,Chemical Dice embedding dimension 7151 of 8192 predicted from the SMILES by the distilled Mamba model
feat_7152,float,,Chemical Dice embedding dimension 7152 of 8192 predicted from the SMILES by the distilled Mamba model
feat_7153,float,,Chemical Dice embedding dimension 7153 of 8192 predicted from the SMILES by the distilled Mamba model
feat_7154,float,,Chemical Dice embedding dimension 7154 of 8192 predicted from the SMILES by the distilled Mamba model
feat_7155,float,,Chemical Dice embedding dimension 7155 of 8192 predicted from the SMILES by the distilled Mamba model
feat_7156,float,,Chemical Dice embedding dimension 7156 of 8192 predicted from the SMILES by the distilled Mamba model
feat_7157,float,,Chemical Dice embedding dimension 7157 of 8192 predicted from the SMILES by the distilled Mamba model
feat_7158,float,,Chemical Dice embedding dimension 7158 of 8192 predicted from the SMILES by the distilled Mamba model
feat_7159,float,,Chemical Dice embedding dimension 7159 of 8192 predicted from the SMILES by the distilled Mamba model
feat_7160,float,,Chemical Dice embedding dimension 7160 of 8192 predicted from the SMILES by the distilled Mamba model
feat_7161,float,,Chemical Dice embedding dimension 7161 of 8192 predicted from the SMILES by the distilled Mamba model
feat_7162,float,,Chemical Dice embedding dimension 7162 of 8192 predicted from the SMILES by the distilled Mamba model
feat_7163,float,,Chemical Dice embedding dimension 7163 of 8192 predicted from the SMILES by the distilled Mamba model
feat_7164,float,,Chemical Dice embedding dimension 7164 of 8192 predicted from the SMILES by the distilled Mamba model
feat_7165,float,,Chemical Dice embedding dimension 7165 of 8192 predicted from the SMILES by the distilled Mamba model
feat_7166,float,,Chemical Dice embedding dimension 7166 of 8192 predicted from the SMILES by the distilled Mamba model
feat_7167,float,,Chemical Dice embedding dimension 7167 of 8192 predicted from the SMILES by the distilled Mamba model
feat_7168,float,,Chemical Dice embedding dimension 7168 of 8192 predicted from the SMILES by the distilled Mamba model
feat_7169,float,,Chemical Dice embedding dimension 7169 of 8192 predicted from the SMILES by the distilled Mamba model
feat_7170,float,,Chemical Dice embedding dimension 7170 of 8192 predicted from the SMILES by the distilled Mamba model
feat_7171,float,,Chemical Dice embedding dimension 7171 of 8192 predicted from the SMILES by the distilled Mamba model
feat_7172,float,,Chemical Dice embedding dimension 7172 of 8192 predicted from the SMILES by the distilled Mamba model
feat_7173,float,,Chemical Dice embedding dimension 7173 of 8192 predicted from the SMILES by the distilled Mamba model
feat_7174,float,,Chemical Dice embedding dimension 7174 of 8192 predicted from the SMILES by the distilled Mamba model
feat_7175,float,,Chemical Dice embedding dimension 7175 of 8192 predicted from the SMILES by the distilled Mamba model
feat_7176,float,,Chemical Dice embedding dimension 7176 of 8192 predicted from the SMILES by the distilled Mamba model
feat_7177,float,,Chemical Dice embedding dimension 7177 of 8192 predicted from the SMILES by the distilled Mamba model
feat_7178,float,,Chemical Dice embedding dimension 7178 of 8192 predicted from the SMILES by the distilled Mamba model
feat_7179,float,,Chemical Dice embedding dimension 7179 of 8192 predicted from the SMILES by the distilled Mamba model
feat_7180,float,,Chemical Dice embedding dimension 7180 of 8192 predicted from the SMILES by the distilled Mamba model
feat_7181,float,,Chemical Dice embedding dimension 7181 of 8192 predicted from the SMILES by the distilled Mamba model
feat_7182,float,,Chemical Dice embedding dimension 7182 of 8192 predicted from the SMILES by the distilled Mamba model
feat_7183,float,,Chemical Dice embedding dimension 7183 of 8192 predicted from the SMILES by the distilled Mamba model
feat_7184,float,,Chemical Dice embedding dimension 7184 of 8192 predicted from the SMILES by the distilled Mamba model
feat_7185,float,,Chemical Dice embedding dimension 7185 of 8192 predicted from the SMILES by the distilled Mamba model
feat_7186,float,,Chemical Dice embedding dimension 7186 of 8192 predicted from the SMILES by the distilled Mamba model
feat_7187,float,,Chemical Dice embedding dimension 7187 of 8192 predicted from the SMILES by the distilled Mamba model
feat_7188,float,,Chemical Dice embedding dimension 7188 of 8192 predicted from the SMILES by the distilled Mamba model
feat_7189,float,,Chemical Dice embedding dimension 7189 of 8192 predicted from the SMILES by the distilled Mamba model
feat_7190,float,,Chemical Dice embedding dimension 7190 of 8192 predicted from the SMILES by the distilled Mamba model
feat_7191,float,,Chemical Dice embedding dimension 7191 of 8192 predicted from the SMILES by the distilled Mamba model
feat_7192,float,,Chemical Dice embedding dimension 7192 of 8192 predicted from the SMILES by the distilled Mamba model
feat_7193,float,,Chemical Dice embedding dimension 7193 of 8192 predicted from the SMILES by the distilled Mamba model
feat_7194,float,,Chemical Dice embedding dimension 7194 of 8192 predicted from the SMILES by the distilled Mamba model
feat_7195,float,,Chemical Dice embedding dimension 7195 of 8192 predicted from the SMILES by the distilled Mamba model
feat_7196,float,,Chemical Dice embedding dimension 7196 of 8192 predicted from the SMILES by the distilled Mamba model
feat_7197,float,,Chemical Dice embedding dimension 7197 of 8192 predicted from the SMILES by the distilled Mamba model
feat_7198,float,,Chemical Dice embedding dimension 7198 of 8192 predicted from the SMILES by the distilled Mamba model
feat_7199,float,,Chemical Dice embedding dimension 7199 of 8192 predicted from the SMILES by the distilled Mamba model
feat_7200,float,,Chemical Dice embedding dimension 7200 of 8192 predicted from the SMILES by the distilled Mamba model
feat_7201,float,,Chemical Dice embedding dimension 7201 of 8192 predicted from the SMILES by the distilled Mamba model
feat_7202,float,,Chemical Dice embedding dimension 7202 of 8192 predicted from the SMILES by the distilled Mamba model
feat_7203,float,,Chemical Dice embedding dimension 7203 of 8192 predicted from the SMILES by the distilled Mamba model
feat_7204,float,,Chemical Dice embedding dimension 7204 of 8192 predicted from the SMILES by the distilled Mamba model
feat_7205,float,,Chemical Dice embedding dimension 7205 of 8192 predicted from the SMILES by the distilled Mamba model
feat_7206,float,,Chemical Dice embedding dimension 7206 of 8192 predicted from the SMILES by the distilled Mamba model
feat_7207,float,,Chemical Dice embedding dimension 7207 of 8192 predicted from the SMILES by the distilled Mamba model
feat_7208,float,,Chemical Dice embedding dimension 7208 of 8192 predicted from the SMILES by the distilled Mamba model
feat_7209,float,,Chemical Dice embedding dimension 7209 of 8192 predicted from the SMILES by the distilled Mamba model
feat_7210,float,,Chemical Dice embedding dimension 7210 of 8192 predicted from the SMILES by the distilled Mamba model
feat_7211,float,,Chemical Dice embedding dimension 7211 of 8192 predicted from the SMILES by the distilled Mamba model
feat_7212,float,,Chemical Dice embedding dimension 7212 of 8192 predicted from the SMILES by the distilled Mamba model
feat_7213,float,,Chemical Dice embedding dimension 7213 of 8192 predicted from the SMILES by the distilled Mamba model
feat_7214,float,,Chemical Dice embedding dimension 7214 of 8192 predicted from the SMILES by the distilled Mamba model
feat_7215,float,,Chemical Dice embedding dimension 7215 of 8192 predicted from the SMILES by the distilled Mamba model
feat_7216,float,,Chemical Dice embedding dimension 7216 of 8192 predicted from the SMILES by the distilled Mamba model
feat_7217,float,,Chemical Dice embedding dimension 7217 of 8192 predicted from the SMILES by the distilled Mamba model
feat_7218,float,,Chemical Dice embedding dimension 7218 of 8192 predicted from the SMILES by the distilled Mamba model
feat_7219,float,,Chemical Dice embedding dimension 7219 of 8192 predicted from the SMILES by the distilled Mamba model
feat_7220,float,,Chemical Dice embedding dimension 7220 of 8192 predicted from the SMILES by the distilled Mamba model
feat_7221,float,,Chemical Dice embedding dimension 7221 of 8192 predicted from the SMILES by the distilled Mamba model
feat_7222,float,,Chemical Dice embedding dimension 7222 of 8192 predicted from the SMILES by the distilled Mamba model
feat_7223,float,,Chemical Dice embedding dimension 7223 of 8192 predicted from the SMILES by the distilled Mamba model
feat_7224,float,,Chemical Dice embedding dimension 7224 of 8192 predicted from the SMILES by the distilled Mamba model
feat_7225,float,,Chemical Dice embedding dimension 7225 of 8192 predicted from the SMILES by the distilled Mamba model
feat_7226,float,,Chemical Dice embedding dimension 7226 of 8192 predicted from the SMILES by the distilled Mamba model
feat_7227,float,,Chemical Dice embedding dimension 7227 of 8192 predicted from the SMILES by the distilled Mamba model
feat_7228,float,,Chemical Dice embedding dimension 7228 of 8192 predicted from the SMILES by the distilled Mamba model
feat_7229,float,,Chemical Dice embedding dimension 7229 of 8192 predicted from the SMILES by the distilled Mamba model
feat_7230,float,,Chemical Dice embedding dimension 7230 of 8192 predicted from the SMILES by the distilled Mamba model
feat_7231,float,,Chemical Dice embedding dimension 7231 of 8192 predicted from the SMILES by the distilled Mamba model
feat_7232,float,,Chemical Dice embedding dimension 7232 of 8192 predicted from the SMILES by the distilled Mamba model
feat_7233,float,,Chemical Dice embedding dimension 7233 of 8192 predicted from the SMILES by the distilled Mamba model
feat_7234,float,,Chemical Dice embedding dimension 7234 of 8192 predicted from the SMILES by the distilled Mamba model
feat_7235,float,,Chemical Dice embedding dimension 7235 of 8192 predicted from the SMILES by the distilled Mamba model
feat_7236,float,,Chemical Dice embedding dimension 7236 of 8192 predicted from the SMILES by the distilled Mamba model
feat_7237,float,,Chemical Dice embedding dimension 7237 of 8192 predicted from the SMILES by the distilled Mamba model
feat_7238,float,,Chemical Dice embedding dimension 7238 of 8192 predicted from the SMILES by the distilled Mamba model
feat_7239,float,,Chemical Dice embedding dimension 7239 of 8192 predicted from the SMILES by the distilled Mamba model
feat_7240,float,,Chemical Dice embedding dimension 7240 of 8192 predicted from the SMILES by the distilled Mamba model
feat_7241,float,,Chemical Dice embedding dimension 7241 of 8192 predicted from the SMILES by the distilled Mamba model
feat_7242,float,,Chemical Dice embedding dimension 7242 of 8192 predicted from the SMILES by the distilled Mamba model
feat_7243,float,,Chemical Dice embedding dimension 7243 of 8192 predicted from the SMILES by the distilled Mamba model
feat_7244,float,,Chemical Dice embedding dimension 7244 of 8192 predicted from the SMILES by the distilled Mamba model
feat_7245,float,,Chemical Dice embedding dimension 7245 of 8192 predicted from the SMILES by the distilled Mamba model
feat_7246,float,,Chemical Dice embedding dimension 7246 of 8192 predicted from the SMILES by the distilled Mamba model
feat_7247,float,,Chemical Dice embedding dimension 7247 of 8192 predicted from the SMILES by the distilled Mamba model
feat_7248,float,,Chemical Dice embedding dimension 7248 of 8192 predicted from the SMILES by the distilled Mamba model
feat_7249,float,,Chemical Dice embedding dimension 7249 of 8192 predicted from the SMILES by the distilled Mamba model
feat_7250,float,,Chemical Dice embedding dimension 7250 of 8192 predicted from the SMILES by the distilled Mamba model
feat_7251,float,,Chemical Dice embedding dimension 7251 of 8192 predicted from the SMILES by the distilled Mamba model
feat_7252,float,,Chemical Dice embedding dimension 7252 of 8192 predicted from the SMILES by the distilled Mamba model
feat_7253,float,,Chemical Dice embedding dimension 7253 of 8192 predicted from the SMILES by the distilled Mamba model
feat_7254,float,,Chemical Dice embedding dimension 7254 of 8192 predicted from the SMILES by the distilled Mamba model
feat_7255,float,,Chemical Dice embedding dimension 7255 of 8192 predicted from the SMILES by the distilled Mamba model
feat_7256,float,,Chemical Dice embedding dimension 7256 of 8192 predicted from the SMILES by the distilled Mamba model
feat_7257,float,,Chemical Dice embedding dimension 7257 of 8192 predicted from the SMILES by the distilled Mamba model
feat_7258,float,,Chemical Dice embedding dimension 7258 of 8192 predicted from the SMILES by the distilled Mamba model
feat_7259,float,,Chemical Dice embedding dimension 7259 of 8192 predicted from the SMILES by the distilled Mamba model
feat_7260,float,,Chemical Dice embedding dimension 7260 of 8192 predicted from the SMILES by the distilled Mamba model
feat_7261,float,,Chemical Dice embedding dimension 7261 of 8192 predicted from the SMILES by the distilled Mamba model
feat_7262,float,,Chemical Dice embedding dimension 7262 of 8192 predicted from the SMILES by the distilled Mamba model
feat_7263,float,,Chemical Dice embedding dimension 7263 of 8192 predicted from the SMILES by the distilled Mamba model
feat_7264,float,,Chemical Dice embedding dimension 7264 of 8192 predicted from the SMILES by the distilled Mamba model
feat_7265,float,,Chemical Dice embedding dimension 7265 of 8192 predicted from the SMILES by the distilled Mamba model
feat_7266,float,,Chemical Dice embedding dimension 7266 of 8192 predicted from the SMILES by the distilled Mamba model
feat_7267,float,,Chemical Dice embedding dimension 7267 of 8192 predicted from the SMILES by the distilled Mamba model
feat_7268,float,,Chemical Dice embedding dimension 7268 of 8192 predicted from the SMILES by the distilled Mamba model
feat_7269,float,,Chemical Dice embedding dimension 7269 of 8192 predicted from the SMILES by the distilled Mamba model
feat_7270,float,,Chemical Dice embedding dimension 7270 of 8192 predicted from the SMILES by the distilled Mamba model
feat_7271,float,,Chemical Dice embedding dimension 7271 of 8192 predicted from the SMILES by the distilled Mamba model
feat_7272,float,,Chemical Dice embedding dimension 7272 of 8192 predicted from the SMILES by the distilled Mamba model
feat_7273,float,,Chemical Dice embedding dimension 7273 of 8192 predicted from the SMILES by the distilled Mamba model
feat_7274,float,,Chemical Dice embedding dimension 7274 of 8192 predicted from the SMILES by the distilled Mamba model
feat_7275,float,,Chemical Dice embedding dimension 7275 of 8192 predicted from the SMILES by the distilled Mamba model
feat_7276,float,,Chemical Dice embedding dimension 7276 of 8192 predicted from the SMILES by the distilled Mamba model
feat_7277,float,,Chemical Dice embedding dimension 7277 of 8192 predicted from the SMILES by the distilled Mamba model
feat_7278,float,,Chemical Dice embedding dimension 7278 of 8192 predicted from the SMILES by the distilled Mamba model
feat_7279,float,,Chemical Dice embedding dimension 7279 of 8192 predicted from the SMILES by the distilled Mamba model
feat_7280,float,,Chemical Dice embedding dimension 7280 of 8192 predicted from the SMILES by the distilled Mamba model
feat_7281,float,,Chemical Dice embedding dimension 7281 of 8192 predicted from the SMILES by the distilled Mamba model
feat_7282,float,,Chemical Dice embedding dimension 7282 of 8192 predicted from the SMILES by the distilled Mamba model
feat_7283,float,,Chemical Dice embedding dimension 7283 of 8192 predicted from the SMILES by the distilled Mamba model
feat_7284,float,,Chemical Dice embedding dimension 7284 of 8192 predicted from the SMILES by the distilled Mamba model
feat_7285,float,,Chemical Dice embedding dimension 7285 of 8192 predicted from the SMILES by the distilled Mamba model
feat_7286,float,,Chemical Dice embedding dimension 7286 of 8192 predicted from the SMILES by the distilled Mamba model
feat_7287,float,,Chemical Dice embedding dimension 7287 of 8192 predicted from the SMILES by the distilled Mamba model
feat_7288,float,,Chemical Dice embedding dimension 7288 of 8192 predicted from the SMILES by the distilled Mamba model
feat_7289,float,,Chemical Dice embedding dimension 7289 of 8192 predicted from the SMILES by the distilled Mamba model
feat_7290,float,,Chemical Dice embedding dimension 7290 of 8192 predicted from the SMILES by the distilled Mamba model
feat_7291,float,,Chemical Dice embedding dimension 7291 of 8192 predicted from the SMILES by the distilled Mamba model
feat_7292,float,,Chemical Dice embedding dimension 7292 of 8192 predicted from the SMILES by the distilled Mamba model
feat_7293,float,,Chemical Dice embedding dimension 7293 of 8192 predicted from the SMILES by the distilled Mamba model
feat_7294,float,,Chemical Dice embedding dimension 7294 of 8192 predicted from the SMILES by the distilled Mamba model
feat_7295,float,,Chemical Dice embedding dimension 7295 of 8192 predicted from the SMILES by the distilled Mamba model
feat_7296,float,,Chemical Dice embedding dimension 7296 of 8192 predicted from the SMILES by the distilled Mamba model
feat_7297,float,,Chemical Dice embedding dimension 7297 of 8192 predicted from the SMILES by the distilled Mamba model
feat_7298,float,,Chemical Dice embedding dimension 7298 of 8192 predicted from the SMILES by the distilled Mamba model
feat_7299,float,,Chemical Dice embedding dimension 7299 of 8192 predicted from the SMILES by the distilled Mamba model
feat_7300,float,,Chemical Dice embedding dimension 7300 of 8192 predicted from the SMILES by the distilled Mamba model
feat_7301,float,,Chemical Dice embedding dimension 7301 of 8192 predicted from the SMILES by the distilled Mamba model
feat_7302,float,,Chemical Dice embedding dimension 7302 of 8192 predicted from the SMILES by the distilled Mamba model
feat_7303,float,,Chemical Dice embedding dimension 7303 of 8192 predicted from the SMILES by the distilled Mamba model
feat_7304,float,,Chemical Dice embedding dimension 7304 of 8192 predicted from the SMILES by the distilled Mamba model
feat_7305,float,,Chemical Dice embedding dimension 7305 of 8192 predicted from the SMILES by the distilled Mamba model
feat_7306,float,,Chemical Dice embedding dimension 7306 of 8192 predicted from the SMILES by the distilled Mamba model
feat_7307,float,,Chemical Dice embedding dimension 7307 of 8192 predicted from the SMILES by the distilled Mamba model
feat_7308,float,,Chemical Dice embedding dimension 7308 of 8192 predicted from the SMILES by the distilled Mamba model
feat_7309,float,,Chemical Dice embedding dimension 7309 of 8192 predicted from the SMILES by the distilled Mamba model
feat_7310,float,,Chemical Dice embedding dimension 7310 of 8192 predicted from the SMILES by the distilled Mamba model
feat_7311,float,,Chemical Dice embedding dimension 7311 of 8192 predicted from the SMILES by the distilled Mamba model
feat_7312,float,,Chemical Dice embedding dimension 7312 of 8192 predicted from the SMILES by the distilled Mamba model
feat_7313,float,,Chemical Dice embedding dimension 7313 of 8192 predicted from the SMILES by the distilled Mamba model
feat_7314,float,,Chemical Dice embedding dimension 7314 of 8192 predicted from the SMILES by the distilled Mamba model
feat_7315,float,,Chemical Dice embedding dimension 7315 of 8192 predicted from the SMILES by the distilled Mamba model
feat_7316,float,,Chemical Dice embedding dimension 7316 of 8192 predicted from the SMILES by the distilled Mamba model
feat_7317,float,,Chemical Dice embedding dimension 7317 of 8192 predicted from the SMILES by the distilled Mamba model
feat_7318,float,,Chemical Dice embedding dimension 7318 of 8192 predicted from the SMILES by the distilled Mamba model
feat_7319,float,,Chemical Dice embedding dimension 7319 of 8192 predicted from the SMILES by the distilled Mamba model
feat_7320,float,,Chemical Dice embedding dimension 7320 of 8192 predicted from the SMILES by the distilled Mamba model
feat_7321,float,,Chemical Dice embedding dimension 7321 of 8192 predicted from the SMILES by the distilled Mamba model
feat_7322,float,,Chemical Dice embedding dimension 7322 of 8192 predicted from the SMILES by the distilled Mamba model
feat_7323,float,,Chemical Dice embedding dimension 7323 of 8192 predicted from the SMILES by the distilled Mamba model
feat_7324,float,,Chemical Dice embedding dimension 7324 of 8192 predicted from the SMILES by the distilled Mamba model
feat_7325,float,,Chemical Dice embedding dimension 7325 of 8192 predicted from the SMILES by the distilled Mamba model
feat_7326,float,,Chemical Dice embedding dimension 7326 of 8192 predicted from the SMILES by the distilled Mamba model
feat_7327,float,,Chemical Dice embedding dimension 7327 of 8192 predicted from the SMILES by the distilled Mamba model
feat_7328,float,,Chemical Dice embedding dimension 7328 of 8192 predicted from the SMILES by the distilled Mamba model
feat_7329,float,,Chemical Dice embedding dimension 7329 of 8192 predicted from the SMILES by the distilled Mamba model
feat_7330,float,,Chemical Dice embedding dimension 7330 of 8192 predicted from the SMILES by the distilled Mamba model
feat_7331,float,,Chemical Dice embedding dimension 7331 of 8192 predicted from the SMILES by the distilled Mamba model
feat_7332,float,,Chemical Dice embedding dimension 7332 of 8192 predicted from the SMILES by the distilled Mamba model
feat_7333,float,,Chemical Dice embedding dimension 7333 of 8192 predicted from the SMILES by the distilled Mamba model
feat_7334,float,,Chemical Dice embedding dimension 7334 of 8192 predicted from the SMILES by the distilled Mamba model
feat_7335,float,,Chemical Dice embedding dimension 7335 of 8192 predicted from the SMILES by the distilled Mamba model
feat_7336,float,,Chemical Dice embedding dimension 7336 of 8192 predicted from the SMILES by the distilled Mamba model
feat_7337,float,,Chemical Dice embedding dimension 7337 of 8192 predicted from the SMILES by the distilled Mamba model
feat_7338,float,,Chemical Dice embedding dimension 7338 of 8192 predicted from the SMILES by the distilled Mamba model
feat_7339,float,,Chemical Dice embedding dimension 7339 of 8192 predicted from the SMILES by the distilled Mamba model
feat_7340,float,,Chemical Dice embedding dimension 7340 of 8192 predicted from the SMILES by the distilled Mamba model
feat_7341,float,,Chemical Dice embedding dimension 7341 of 8192 predicted from the SMILES by the distilled Mamba model
feat_7342,float,,Chemical Dice embedding dimension 7342 of 8192 predicted from the SMILES by the distilled Mamba model
feat_7343,float,,Chemical Dice embedding dimension 7343 of 8192 predicted from the SMILES by the distilled Mamba model
feat_7344,float,,Chemical Dice embedding dimension 7344 of 8192 predicted from the SMILES by the distilled Mamba model
feat_7345,float,,Chemical Dice embedding dimension 7345 of 8192 predicted from the SMILES by the distilled Mamba model
feat_7346,float,,Chemical Dice embedding dimension 7346 of 8192 predicted from the SMILES by the distilled Mamba model
feat_7347,float,,Chemical Dice embedding dimension 7347 of 8192 predicted from the SMILES by the distilled Mamba model
feat_7348,float,,Chemical Dice embedding dimension 7348 of 8192 predicted from the SMILES by the distilled Mamba model
feat_7349,float,,Chemical Dice embedding dimension 7349 of 8192 predicted from the SMILES by the distilled Mamba model
feat_7350,float,,Chemical Dice embedding dimension 7350 of 8192 predicted from the SMILES by the distilled Mamba model
feat_7351,float,,Chemical Dice embedding dimension 7351 of 8192 predicted from the SMILES by the distilled Mamba model
feat_7352,float,,Chemical Dice embedding dimension 7352 of 8192 predicted from the SMILES by the distilled Mamba model
feat_7353,float,,Chemical Dice embedding dimension 7353 of 8192 predicted from the SMILES by the distilled Mamba model
feat_7354,float,,Chemical Dice embedding dimension 7354 of 8192 predicted from the SMILES by the distilled Mamba model
feat_7355,float,,Chemical Dice embedding dimension 7355 of 8192 predicted from the SMILES by the distilled Mamba model
feat_7356,float,,Chemical Dice embedding dimension 7356 of 8192 predicted from the SMILES by the distilled Mamba model
feat_7357,float,,Chemical Dice embedding dimension 7357 of 8192 predicted from the SMILES by the distilled Mamba model
feat_7358,float,,Chemical Dice embedding dimension 7358 of 8192 predicted from the SMILES by the distilled Mamba model
feat_7359,float,,Chemical Dice embedding dimension 7359 of 8192 predicted from the SMILES by the distilled Mamba model
feat_7360,float,,Chemical Dice embedding dimension 7360 of 8192 predicted from the SMILES by the distilled Mamba model
feat_7361,float,,Chemical Dice embedding dimension 7361 of 8192 predicted from the SMILES by the distilled Mamba model
feat_7362,float,,Chemical Dice embedding dimension 7362 of 8192 predicted from the SMILES by the distilled Mamba model
feat_7363,float,,Chemical Dice embedding dimension 7363 of 8192 predicted from the SMILES by the distilled Mamba model
feat_7364,float,,Chemical Dice embedding dimension 7364 of 8192 predicted from the SMILES by the distilled Mamba model
feat_7365,float,,Chemical Dice embedding dimension 7365 of 8192 predicted from the SMILES by the distilled Mamba model
feat_7366,float,,Chemical Dice embedding dimension 7366 of 8192 predicted from the SMILES by the distilled Mamba model
feat_7367,float,,Chemical Dice embedding dimension 7367 of 8192 predicted from the SMILES by the distilled Mamba model
feat_7368,float,,Chemical Dice embedding dimension 7368 of 8192 predicted from the SMILES by the distilled Mamba model
feat_7369,float,,Chemical Dice embedding dimension 7369 of 8192 predicted from the SMILES by the distilled Mamba model
feat_7370,float,,Chemical Dice embedding dimension 7370 of 8192 predicted from the SMILES by the distilled Mamba model
feat_7371,float,,Chemical Dice embedding dimension 7371 of 8192 predicted from the SMILES by the distilled Mamba model
feat_7372,float,,Chemical Dice embedding dimension 7372 of 8192 predicted from the SMILES by the distilled Mamba model
feat_7373,float,,Chemical Dice embedding dimension 7373 of 8192 predicted from the SMILES by the distilled Mamba model
feat_7374,float,,Chemical Dice embedding dimension 7374 of 8192 predicted from the SMILES by the distilled Mamba model
feat_7375,float,,Chemical Dice embedding dimension 7375 of 8192 predicted from the SMILES by the distilled Mamba model
feat_7376,float,,Chemical Dice embedding dimension 7376 of 8192 predicted from the SMILES by the distilled Mamba model
feat_7377,float,,Chemical Dice embedding dimension 7377 of 8192 predicted from the SMILES by the distilled Mamba model
feat_7378,float,,Chemical Dice embedding dimension 7378 of 8192 predicted from the SMILES by the distilled Mamba model
feat_7379,float,,Chemical Dice embedding dimension 7379 of 8192 predicted from the SMILES by the distilled Mamba model
feat_7380,float,,Chemical Dice embedding dimension 7380 of 8192 predicted from the SMILES by the distilled Mamba model
feat_7381,float,,Chemical Dice embedding dimension 7381 of 8192 predicted from the SMILES by the distilled Mamba model
feat_7382,float,,Chemical Dice embedding dimension 7382 of 8192 predicted from the SMILES by the distilled Mamba model
feat_7383,float,,Chemical Dice embedding dimension 7383 of 8192 predicted from the SMILES by the distilled Mamba model
feat_7384,float,,Chemical Dice embedding dimension 7384 of 8192 predicted from the SMILES by the distilled Mamba model
feat_7385,float,,Chemical Dice embedding dimension 7385 of 8192 predicted from the SMILES by the distilled Mamba model
feat_7386,float,,Chemical Dice embedding dimension 7386 of 8192 predicted from the SMILES by the distilled Mamba model
feat_7387,float,,Chemical Dice embedding dimension 7387 of 8192 predicted from the SMILES by the distilled Mamba model
feat_7388,float,,Chemical Dice embedding dimension 7388 of 8192 predicted from the SMILES by the distilled Mamba model
feat_7389,float,,Chemical Dice embedding dimension 7389 of 8192 predicted from the SMILES by the distilled Mamba model
feat_7390,float,,Chemical Dice embedding dimension 7390 of 8192 predicted from the SMILES by the distilled Mamba model
feat_7391,float,,Chemical Dice embedding dimension 7391 of 8192 predicted from the SMILES by the distilled Mamba model
feat_7392,float,,Chemical Dice embedding dimension 7392 of 8192 predicted from the SMILES by the distilled Mamba model
feat_7393,float,,Chemical Dice embedding dimension 7393 of 8192 predicted from the SMILES by the distilled Mamba model
feat_7394,float,,Chemical Dice embedding dimension 7394 of 8192 predicted from the SMILES by the distilled Mamba model
feat_7395,float,,Chemical Dice embedding dimension 7395 of 8192 predicted from the SMILES by the distilled Mamba model
feat_7396,float,,Chemical Dice embedding dimension 7396 of 8192 predicted from the SMILES by the distilled Mamba model
feat_7397,float,,Chemical Dice embedding dimension 7397 of 8192 predicted from the SMILES by the distilled Mamba model
feat_7398,float,,Chemical Dice embedding dimension 7398 of 8192 predicted from the SMILES by the distilled Mamba model
feat_7399,float,,Chemical Dice embedding dimension 7399 of 8192 predicted from the SMILES by the distilled Mamba model
feat_7400,float,,Chemical Dice embedding dimension 7400 of 8192 predicted from the SMILES by the distilled Mamba model
feat_7401,float,,Chemical Dice embedding dimension 7401 of 8192 predicted from the SMILES by the distilled Mamba model
feat_7402,float,,Chemical Dice embedding dimension 7402 of 8192 predicted from the SMILES by the distilled Mamba model
feat_7403,float,,Chemical Dice embedding dimension 7403 of 8192 predicted from the SMILES by the distilled Mamba model
feat_7404,float,,Chemical Dice embedding dimension 7404 of 8192 predicted from the SMILES by the distilled Mamba model
feat_7405,float,,Chemical Dice embedding dimension 7405 of 8192 predicted from the SMILES by the distilled Mamba model
feat_7406,float,,Chemical Dice embedding dimension 7406 of 8192 predicted from the SMILES by the distilled Mamba model
feat_7407,float,,Chemical Dice embedding dimension 7407 of 8192 predicted from the SMILES by the distilled Mamba model
feat_7408,float,,Chemical Dice embedding dimension 7408 of 8192 predicted from the SMILES by the distilled Mamba model
feat_7409,float,,Chemical Dice embedding dimension 7409 of 8192 predicted from the SMILES by the distilled Mamba model
feat_7410,float,,Chemical Dice embedding dimension 7410 of 8192 predicted from the SMILES by the distilled Mamba model
feat_7411,float,,Chemical Dice embedding dimension 7411 of 8192 predicted from the SMILES by the distilled Mamba model
feat_7412,float,,Chemical Dice embedding dimension 7412 of 8192 predicted from the SMILES by the distilled Mamba model
feat_7413,float,,Chemical Dice embedding dimension 7413 of 8192 predicted from the SMILES by the distilled Mamba model
feat_7414,float,,Chemical Dice embedding dimension 7414 of 8192 predicted from the SMILES by the distilled Mamba model
feat_7415,float,,Chemical Dice embedding dimension 7415 of 8192 predicted from the SMILES by the distilled Mamba model
feat_7416,float,,Chemical Dice embedding dimension 7416 of 8192 predicted from the SMILES by the distilled Mamba model
feat_7417,float,,Chemical Dice embedding dimension 7417 of 8192 predicted from the SMILES by the distilled Mamba model
feat_7418,float,,Chemical Dice embedding dimension 7418 of 8192 predicted from the SMILES by the distilled Mamba model
feat_7419,float,,Chemical Dice embedding dimension 7419 of 8192 predicted from the SMILES by the distilled Mamba model
feat_7420,float,,Chemical Dice embedding dimension 7420 of 8192 predicted from the SMILES by the distilled Mamba model
feat_7421,float,,Chemical Dice embedding dimension 7421 of 8192 predicted from the SMILES by the distilled Mamba model
feat_7422,float,,Chemical Dice embedding dimension 7422 of 8192 predicted from the SMILES by the distilled Mamba model
feat_7423,float,,Chemical Dice embedding dimension 7423 of 8192 predicted from the SMILES by the distilled Mamba model
feat_7424,float,,Chemical Dice embedding dimension 7424 of 8192 predicted from the SMILES by the distilled Mamba model
feat_7425,float,,Chemical Dice embedding dimension 7425 of 8192 predicted from the SMILES by the distilled Mamba model
feat_7426,float,,Chemical Dice embedding dimension 7426 of 8192 predicted from the SMILES by the distilled Mamba model
feat_7427,float,,Chemical Dice embedding dimension 7427 of 8192 predicted from the SMILES by the distilled Mamba model
feat_7428,float,,Chemical Dice embedding dimension 7428 of 8192 predicted from the SMILES by the distilled Mamba model
feat_7429,float,,Chemical Dice embedding dimension 7429 of 8192 predicted from the SMILES by the distilled Mamba model
feat_7430,float,,Chemical Dice embedding dimension 7430 of 8192 predicted from the SMILES by the distilled Mamba model
feat_7431,float,,Chemical Dice embedding dimension 7431 of 8192 predicted from the SMILES by the distilled Mamba model
feat_7432,float,,Chemical Dice embedding dimension 7432 of 8192 predicted from the SMILES by the distilled Mamba model
feat_7433,float,,Chemical Dice embedding dimension 7433 of 8192 predicted from the SMILES by the distilled Mamba model
feat_7434,float,,Chemical Dice embedding dimension 7434 of 8192 predicted from the SMILES by the distilled Mamba model
feat_7435,float,,Chemical Dice embedding dimension 7435 of 8192 predicted from the SMILES by the distilled Mamba model
feat_7436,float,,Chemical Dice embedding dimension 7436 of 8192 predicted from the SMILES by the distilled Mamba model
feat_7437,float,,Chemical Dice embedding dimension 7437 of 8192 predicted from the SMILES by the distilled Mamba model
feat_7438,float,,Chemical Dice embedding dimension 7438 of 8192 predicted from the SMILES by the distilled Mamba model
feat_7439,float,,Chemical Dice embedding dimension 7439 of 8192 predicted from the SMILES by the distilled Mamba model
feat_7440,float,,Chemical Dice embedding dimension 7440 of 8192 predicted from the SMILES by the distilled Mamba model
feat_7441,float,,Chemical Dice embedding dimension 7441 of 8192 predicted from the SMILES by the distilled Mamba model
feat_7442,float,,Chemical Dice embedding dimension 7442 of 8192 predicted from the SMILES by the distilled Mamba model
feat_7443,float,,Chemical Dice embedding dimension 7443 of 8192 predicted from the SMILES by the distilled Mamba model
feat_7444,float,,Chemical Dice embedding dimension 7444 of 8192 predicted from the SMILES by the distilled Mamba model
feat_7445,float,,Chemical Dice embedding dimension 7445 of 8192 predicted from the SMILES by the distilled Mamba model
feat_7446,float,,Chemical Dice embedding dimension 7446 of 8192 predicted from the SMILES by the distilled Mamba model
feat_7447,float,,Chemical Dice embedding dimension 7447 of 8192 predicted from the SMILES by the distilled Mamba model
feat_7448,float,,Chemical Dice embedding dimension 7448 of 8192 predicted from the SMILES by the distilled Mamba model
feat_7449,float,,Chemical Dice embedding dimension 7449 of 8192 predicted from the SMILES by the distilled Mamba model
feat_7450,float,,Chemical Dice embedding dimension 7450 of 8192 predicted from the SMILES by the distilled Mamba model
feat_7451,float,,Chemical Dice embedding dimension 7451 of 8192 predicted from the SMILES by the distilled Mamba model
feat_7452,float,,Chemical Dice embedding dimension 7452 of 8192 predicted from the SMILES by the distilled Mamba model
feat_7453,float,,Chemical Dice embedding dimension 7453 of 8192 predicted from the SMILES by the distilled Mamba model
feat_7454,float,,Chemical Dice embedding dimension 7454 of 8192 predicted from the SMILES by the distilled Mamba model
feat_7455,float,,Chemical Dice embedding dimension 7455 of 8192 predicted from the SMILES by the distilled Mamba model
feat_7456,float,,Chemical Dice embedding dimension 7456 of 8192 predicted from the SMILES by the distilled Mamba model
feat_7457,float,,Chemical Dice embedding dimension 7457 of 8192 predicted from the SMILES by the distilled Mamba model
feat_7458,float,,Chemical Dice embedding dimension 7458 of 8192 predicted from the SMILES by the distilled Mamba model
feat_7459,float,,Chemical Dice embedding dimension 7459 of 8192 predicted from the SMILES by the distilled Mamba model
feat_7460,float,,Chemical Dice embedding dimension 7460 of 8192 predicted from the SMILES by the distilled Mamba model
feat_7461,float,,Chemical Dice embedding dimension 7461 of 8192 predicted from the SMILES by the distilled Mamba model
feat_7462,float,,Chemical Dice embedding dimension 7462 of 8192 predicted from the SMILES by the distilled Mamba model
feat_7463,float,,Chemical Dice embedding dimension 7463 of 8192 predicted from the SMILES by the distilled Mamba model
feat_7464,float,,Chemical Dice embedding dimension 7464 of 8192 predicted from the SMILES by the distilled Mamba model
feat_7465,float,,Chemical Dice embedding dimension 7465 of 8192 predicted from the SMILES by the distilled Mamba model
feat_7466,float,,Chemical Dice embedding dimension 7466 of 8192 predicted from the SMILES by the distilled Mamba model
feat_7467,float,,Chemical Dice embedding dimension 7467 of 8192 predicted from the SMILES by the distilled Mamba model
feat_7468,float,,Chemical Dice embedding dimension 7468 of 8192 predicted from the SMILES by the distilled Mamba model
feat_7469,float,,Chemical Dice embedding dimension 7469 of 8192 predicted from the SMILES by the distilled Mamba model
feat_7470,float,,Chemical Dice embedding dimension 7470 of 8192 predicted from the SMILES by the distilled Mamba model
feat_7471,float,,Chemical Dice embedding dimension 7471 of 8192 predicted from the SMILES by the distilled Mamba model
feat_7472,float,,Chemical Dice embedding dimension 7472 of 8192 predicted from the SMILES by the distilled Mamba model
feat_7473,float,,Chemical Dice embedding dimension 7473 of 8192 predicted from the SMILES by the distilled Mamba model
feat_7474,float,,Chemical Dice embedding dimension 7474 of 8192 predicted from the SMILES by the distilled Mamba model
feat_7475,float,,Chemical Dice embedding dimension 7475 of 8192 predicted from the SMILES by the distilled Mamba model
feat_7476,float,,Chemical Dice embedding dimension 7476 of 8192 predicted from the SMILES by the distilled Mamba model
feat_7477,float,,Chemical Dice embedding dimension 7477 of 8192 predicted from the SMILES by the distilled Mamba model
feat_7478,float,,Chemical Dice embedding dimension 7478 of 8192 predicted from the SMILES by the distilled Mamba model
feat_7479,float,,Chemical Dice embedding dimension 7479 of 8192 predicted from the SMILES by the distilled Mamba model
feat_7480,float,,Chemical Dice embedding dimension 7480 of 8192 predicted from the SMILES by the distilled Mamba model
feat_7481,float,,Chemical Dice embedding dimension 7481 of 8192 predicted from the SMILES by the distilled Mamba model
feat_7482,float,,Chemical Dice embedding dimension 7482 of 8192 predicted from the SMILES by the distilled Mamba model
feat_7483,float,,Chemical Dice embedding dimension 7483 of 8192 predicted from the SMILES by the distilled Mamba model
feat_7484,float,,Chemical Dice embedding dimension 7484 of 8192 predicted from the SMILES by the distilled Mamba model
feat_7485,float,,Chemical Dice embedding dimension 7485 of 8192 predicted from the SMILES by the distilled Mamba model
feat_7486,float,,Chemical Dice embedding dimension 7486 of 8192 predicted from the SMILES by the distilled Mamba model
feat_7487,float,,Chemical Dice embedding dimension 7487 of 8192 predicted from the SMILES by the distilled Mamba model
feat_7488,float,,Chemical Dice embedding dimension 7488 of 8192 predicted from the SMILES by the distilled Mamba model
feat_7489,float,,Chemical Dice embedding dimension 7489 of 8192 predicted from the SMILES by the distilled Mamba model
feat_7490,float,,Chemical Dice embedding dimension 7490 of 8192 predicted from the SMILES by the distilled Mamba model
feat_7491,float,,Chemical Dice embedding dimension 7491 of 8192 predicted from the SMILES by the distilled Mamba model
feat_7492,float,,Chemical Dice embedding dimension 7492 of 8192 predicted from the SMILES by the distilled Mamba model
feat_7493,float,,Chemical Dice embedding dimension 7493 of 8192 predicted from the SMILES by the distilled Mamba model
feat_7494,float,,Chemical Dice embedding dimension 7494 of 8192 predicted from the SMILES by the distilled Mamba model
feat_7495,float,,Chemical Dice embedding dimension 7495 of 8192 predicted from the SMILES by the distilled Mamba model
feat_7496,float,,Chemical Dice embedding dimension 7496 of 8192 predicted from the SMILES by the distilled Mamba model
feat_7497,float,,Chemical Dice embedding dimension 7497 of 8192 predicted from the SMILES by the distilled Mamba model
feat_7498,float,,Chemical Dice embedding dimension 7498 of 8192 predicted from the SMILES by the distilled Mamba model
feat_7499,float,,Chemical Dice embedding dimension 7499 of 8192 predicted from the SMILES by the distilled Mamba model
feat_7500,float,,Chemical Dice embedding dimension 7500 of 8192 predicted from the SMILES by the distilled Mamba model
feat_7501,float,,Chemical Dice embedding dimension 7501 of 8192 predicted from the SMILES by the distilled Mamba model
feat_7502,float,,Chemical Dice embedding dimension 7502 of 8192 predicted from the SMILES by the distilled Mamba model
feat_7503,float,,Chemical Dice embedding dimension 7503 of 8192 predicted from the SMILES by the distilled Mamba model
feat_7504,float,,Chemical Dice embedding dimension 7504 of 8192 predicted from the SMILES by the distilled Mamba model
feat_7505,float,,Chemical Dice embedding dimension 7505 of 8192 predicted from the SMILES by the distilled Mamba model
feat_7506,float,,Chemical Dice embedding dimension 7506 of 8192 predicted from the SMILES by the distilled Mamba model
feat_7507,float,,Chemical Dice embedding dimension 7507 of 8192 predicted from the SMILES by the distilled Mamba model
feat_7508,float,,Chemical Dice embedding dimension 7508 of 8192 predicted from the SMILES by the distilled Mamba model
feat_7509,float,,Chemical Dice embedding dimension 7509 of 8192 predicted from the SMILES by the distilled Mamba model
feat_7510,float,,Chemical Dice embedding dimension 7510 of 8192 predicted from the SMILES by the distilled Mamba model
feat_7511,float,,Chemical Dice embedding dimension 7511 of 8192 predicted from the SMILES by the distilled Mamba model
feat_7512,float,,Chemical Dice embedding dimension 7512 of 8192 predicted from the SMILES by the distilled Mamba model
feat_7513,float,,Chemical Dice embedding dimension 7513 of 8192 predicted from the SMILES by the distilled Mamba model
feat_7514,float,,Chemical Dice embedding dimension 7514 of 8192 predicted from the SMILES by the distilled Mamba model
feat_7515,float,,Chemical Dice embedding dimension 7515 of 8192 predicted from the SMILES by the distilled Mamba model
feat_7516,float,,Chemical Dice embedding dimension 7516 of 8192 predicted from the SMILES by the distilled Mamba model
feat_7517,float,,Chemical Dice embedding dimension 7517 of 8192 predicted from the SMILES by the distilled Mamba model
feat_7518,float,,Chemical Dice embedding dimension 7518 of 8192 predicted from the SMILES by the distilled Mamba model
feat_7519,float,,Chemical Dice embedding dimension 7519 of 8192 predicted from the SMILES by the distilled Mamba model
feat_7520,float,,Chemical Dice embedding dimension 7520 of 8192 predicted from the SMILES by the distilled Mamba model
feat_7521,float,,Chemical Dice embedding dimension 7521 of 8192 predicted from the SMILES by the distilled Mamba model
feat_7522,float,,Chemical Dice embedding dimension 7522 of 8192 predicted from the SMILES by the distilled Mamba model
feat_7523,float,,Chemical Dice embedding dimension 7523 of 8192 predicted from the SMILES by the distilled Mamba model
feat_7524,float,,Chemical Dice embedding dimension 7524 of 8192 predicted from the SMILES by the distilled Mamba model
feat_7525,float,,Chemical Dice embedding dimension 7525 of 8192 predicted from the SMILES by the distilled Mamba model
feat_7526,float,,Chemical Dice embedding dimension 7526 of 8192 predicted from the SMILES by the distilled Mamba model
feat_7527,float,,Chemical Dice embedding dimension 7527 of 8192 predicted from the SMILES by the distilled Mamba model
feat_7528,float,,Chemical Dice embedding dimension 7528 of 8192 predicted from the SMILES by the distilled Mamba model
feat_7529,float,,Chemical Dice embedding dimension 7529 of 8192 predicted from the SMILES by the distilled Mamba model
feat_7530,float,,Chemical Dice embedding dimension 7530 of 8192 predicted from the SMILES by the distilled Mamba model
feat_7531,float,,Chemical Dice embedding dimension 7531 of 8192 predicted from the SMILES by the distilled Mamba model
feat_7532,float,,Chemical Dice embedding dimension 7532 of 8192 predicted from the SMILES by the distilled Mamba model
feat_7533,float,,Chemical Dice embedding dimension 7533 of 8192 predicted from the SMILES by the distilled Mamba model
feat_7534,float,,Chemical Dice embedding dimension 7534 of 8192 predicted from the SMILES by the distilled Mamba model
feat_7535,float,,Chemical Dice embedding dimension 7535 of 8192 predicted from the SMILES by the distilled Mamba model
feat_7536,float,,Chemical Dice embedding dimension 7536 of 8192 predicted from the SMILES by the distilled Mamba model
feat_7537,float,,Chemical Dice embedding dimension 7537 of 8192 predicted from the SMILES by the distilled Mamba model
feat_7538,float,,Chemical Dice embedding dimension 7538 of 8192 predicted from the SMILES by the distilled Mamba model
feat_7539,float,,Chemical Dice embedding dimension 7539 of 8192 predicted from the SMILES by the distilled Mamba model
feat_7540,float,,Chemical Dice embedding dimension 7540 of 8192 predicted from the SMILES by the distilled Mamba model
feat_7541,float,,Chemical Dice embedding dimension 7541 of 8192 predicted from the SMILES by the distilled Mamba model
feat_7542,float,,Chemical Dice embedding dimension 7542 of 8192 predicted from the SMILES by the distilled Mamba model
feat_7543,float,,Chemical Dice embedding dimension 7543 of 8192 predicted from the SMILES by the distilled Mamba model
feat_7544,float,,Chemical Dice embedding dimension 7544 of 8192 predicted from the SMILES by the distilled Mamba model
feat_7545,float,,Chemical Dice embedding dimension 7545 of 8192 predicted from the SMILES by the distilled Mamba model
feat_7546,float,,Chemical Dice embedding dimension 7546 of 8192 predicted from the SMILES by the distilled Mamba model
feat_7547,float,,Chemical Dice embedding dimension 7547 of 8192 predicted from the SMILES by the distilled Mamba model
feat_7548,float,,Chemical Dice embedding dimension 7548 of 8192 predicted from the SMILES by the distilled Mamba model
feat_7549,float,,Chemical Dice embedding dimension 7549 of 8192 predicted from the SMILES by the distilled Mamba model
feat_7550,float,,Chemical Dice embedding dimension 7550 of 8192 predicted from the SMILES by the distilled Mamba model
feat_7551,float,,Chemical Dice embedding dimension 7551 of 8192 predicted from the SMILES by the distilled Mamba model
feat_7552,float,,Chemical Dice embedding dimension 7552 of 8192 predicted from the SMILES by the distilled Mamba model
feat_7553,float,,Chemical Dice embedding dimension 7553 of 8192 predicted from the SMILES by the distilled Mamba model
feat_7554,float,,Chemical Dice embedding dimension 7554 of 8192 predicted from the SMILES by the distilled Mamba model
feat_7555,float,,Chemical Dice embedding dimension 7555 of 8192 predicted from the SMILES by the distilled Mamba model
feat_7556,float,,Chemical Dice embedding dimension 7556 of 8192 predicted from the SMILES by the distilled Mamba model
feat_7557,float,,Chemical Dice embedding dimension 7557 of 8192 predicted from the SMILES by the distilled Mamba model
feat_7558,float,,Chemical Dice embedding dimension 7558 of 8192 predicted from the SMILES by the distilled Mamba model
feat_7559,float,,Chemical Dice embedding dimension 7559 of 8192 predicted from the SMILES by the distilled Mamba model
feat_7560,float,,Chemical Dice embedding dimension 7560 of 8192 predicted from the SMILES by the distilled Mamba model
feat_7561,float,,Chemical Dice embedding dimension 7561 of 8192 predicted from the SMILES by the distilled Mamba model
feat_7562,float,,Chemical Dice embedding dimension 7562 of 8192 predicted from the SMILES by the distilled Mamba model
feat_7563,float,,Chemical Dice embedding dimension 7563 of 8192 predicted from the SMILES by the distilled Mamba model
feat_7564,float,,Chemical Dice embedding dimension 7564 of 8192 predicted from the SMILES by the distilled Mamba model
feat_7565,float,,Chemical Dice embedding dimension 7565 of 8192 predicted from the SMILES by the distilled Mamba model
feat_7566,float,,Chemical Dice embedding dimension 7566 of 8192 predicted from the SMILES by the distilled Mamba model
feat_7567,float,,Chemical Dice embedding dimension 7567 of 8192 predicted from the SMILES by the distilled Mamba model
feat_7568,float,,Chemical Dice embedding dimension 7568 of 8192 predicted from the SMILES by the distilled Mamba model
feat_7569,float,,Chemical Dice embedding dimension 7569 of 8192 predicted from the SMILES by the distilled Mamba model
feat_7570,float,,Chemical Dice embedding dimension 7570 of 8192 predicted from the SMILES by the distilled Mamba model
feat_7571,float,,Chemical Dice embedding dimension 7571 of 8192 predicted from the SMILES by the distilled Mamba model
feat_7572,float,,Chemical Dice embedding dimension 7572 of 8192 predicted from the SMILES by the distilled Mamba model
feat_7573,float,,Chemical Dice embedding dimension 7573 of 8192 predicted from the SMILES by the distilled Mamba model
feat_7574,float,,Chemical Dice embedding dimension 7574 of 8192 predicted from the SMILES by the distilled Mamba model
feat_7575,float,,Chemical Dice embedding dimension 7575 of 8192 predicted from the SMILES by the distilled Mamba model
feat_7576,float,,Chemical Dice embedding dimension 7576 of 8192 predicted from the SMILES by the distilled Mamba model
feat_7577,float,,Chemical Dice embedding dimension 7577 of 8192 predicted from the SMILES by the distilled Mamba model
feat_7578,float,,Chemical Dice embedding dimension 7578 of 8192 predicted from the SMILES by the distilled Mamba model
feat_7579,float,,Chemical Dice embedding dimension 7579 of 8192 predicted from the SMILES by the distilled Mamba model
feat_7580,float,,Chemical Dice embedding dimension 7580 of 8192 predicted from the SMILES by the distilled Mamba model
feat_7581,float,,Chemical Dice embedding dimension 7581 of 8192 predicted from the SMILES by the distilled Mamba model
feat_7582,float,,Chemical Dice embedding dimension 7582 of 8192 predicted from the SMILES by the distilled Mamba model
feat_7583,float,,Chemical Dice embedding dimension 7583 of 8192 predicted from the SMILES by the distilled Mamba model
feat_7584,float,,Chemical Dice embedding dimension 7584 of 8192 predicted from the SMILES by the distilled Mamba model
feat_7585,float,,Chemical Dice embedding dimension 7585 of 8192 predicted from the SMILES by the distilled Mamba model
feat_7586,float,,Chemical Dice embedding dimension 7586 of 8192 predicted from the SMILES by the distilled Mamba model
feat_7587,float,,Chemical Dice embedding dimension 7587 of 8192 predicted from the SMILES by the distilled Mamba model
feat_7588,float,,Chemical Dice embedding dimension 7588 of 8192 predicted from the SMILES by the distilled Mamba model
feat_7589,float,,Chemical Dice embedding dimension 7589 of 8192 predicted from the SMILES by the distilled Mamba model
feat_7590,float,,Chemical Dice embedding dimension 7590 of 8192 predicted from the SMILES by the distilled Mamba model
feat_7591,float,,Chemical Dice embedding dimension 7591 of 8192 predicted from the SMILES by the distilled Mamba model
feat_7592,float,,Chemical Dice embedding dimension 7592 of 8192 predicted from the SMILES by the distilled Mamba model
feat_7593,float,,Chemical Dice embedding dimension 7593 of 8192 predicted from the SMILES by the distilled Mamba model
feat_7594,float,,Chemical Dice embedding dimension 7594 of 8192 predicted from the SMILES by the distilled Mamba model
feat_7595,float,,Chemical Dice embedding dimension 7595 of 8192 predicted from the SMILES by the distilled Mamba model
feat_7596,float,,Chemical Dice embedding dimension 7596 of 8192 predicted from the SMILES by the distilled Mamba model
feat_7597,float,,Chemical Dice embedding dimension 7597 of 8192 predicted from the SMILES by the distilled Mamba model
feat_7598,float,,Chemical Dice embedding dimension 7598 of 8192 predicted from the SMILES by the distilled Mamba model
feat_7599,float,,Chemical Dice embedding dimension 7599 of 8192 predicted from the SMILES by the distilled Mamba model
feat_7600,float,,Chemical Dice embedding dimension 7600 of 8192 predicted from the SMILES by the distilled Mamba model
feat_7601,float,,Chemical Dice embedding dimension 7601 of 8192 predicted from the SMILES by the distilled Mamba model
feat_7602,float,,Chemical Dice embedding dimension 7602 of 8192 predicted from the SMILES by the distilled Mamba model
feat_7603,float,,Chemical Dice embedding dimension 7603 of 8192 predicted from the SMILES by the distilled Mamba model
feat_7604,float,,Chemical Dice embedding dimension 7604 of 8192 predicted from the SMILES by the distilled Mamba model
feat_7605,float,,Chemical Dice embedding dimension 7605 of 8192 predicted from the SMILES by the distilled Mamba model
feat_7606,float,,Chemical Dice embedding dimension 7606 of 8192 predicted from the SMILES by the distilled Mamba model
feat_7607,float,,Chemical Dice embedding dimension 7607 of 8192 predicted from the SMILES by the distilled Mamba model
feat_7608,float,,Chemical Dice embedding dimension 7608 of 8192 predicted from the SMILES by the distilled Mamba model
feat_7609,float,,Chemical Dice embedding dimension 7609 of 8192 predicted from the SMILES by the distilled Mamba model
feat_7610,float,,Chemical Dice embedding dimension 7610 of 8192 predicted from the SMILES by the distilled Mamba model
feat_7611,float,,Chemical Dice embedding dimension 7611 of 8192 predicted from the SMILES by the distilled Mamba model
feat_7612,float,,Chemical Dice embedding dimension 7612 of 8192 predicted from the SMILES by the distilled Mamba model
feat_7613,float,,Chemical Dice embedding dimension 7613 of 8192 predicted from the SMILES by the distilled Mamba model
feat_7614,float,,Chemical Dice embedding dimension 7614 of 8192 predicted from the SMILES by the distilled Mamba model
feat_7615,float,,Chemical Dice embedding dimension 7615 of 8192 predicted from the SMILES by the distilled Mamba model
feat_7616,float,,Chemical Dice embedding dimension 7616 of 8192 predicted from the SMILES by the distilled Mamba model
feat_7617,float,,Chemical Dice embedding dimension 7617 of 8192 predicted from the SMILES by the distilled Mamba model
feat_7618,float,,Chemical Dice embedding dimension 7618 of 8192 predicted from the SMILES by the distilled Mamba model
feat_7619,float,,Chemical Dice embedding dimension 7619 of 8192 predicted from the SMILES by the distilled Mamba model
feat_7620,float,,Chemical Dice embedding dimension 7620 of 8192 predicted from the SMILES by the distilled Mamba model
feat_7621,float,,Chemical Dice embedding dimension 7621 of 8192 predicted from the SMILES by the distilled Mamba model
feat_7622,float,,Chemical Dice embedding dimension 7622 of 8192 predicted from the SMILES by the distilled Mamba model
feat_7623,float,,Chemical Dice embedding dimension 7623 of 8192 predicted from the SMILES by the distilled Mamba model
feat_7624,float,,Chemical Dice embedding dimension 7624 of 8192 predicted from the SMILES by the distilled Mamba model
feat_7625,float,,Chemical Dice embedding dimension 7625 of 8192 predicted from the SMILES by the distilled Mamba model
feat_7626,float,,Chemical Dice embedding dimension 7626 of 8192 predicted from the SMILES by the distilled Mamba model
feat_7627,float,,Chemical Dice embedding dimension 7627 of 8192 predicted from the SMILES by the distilled Mamba model
feat_7628,float,,Chemical Dice embedding dimension 7628 of 8192 predicted from the SMILES by the distilled Mamba model
feat_7629,float,,Chemical Dice embedding dimension 7629 of 8192 predicted from the SMILES by the distilled Mamba model
feat_7630,float,,Chemical Dice embedding dimension 7630 of 8192 predicted from the SMILES by the distilled Mamba model
feat_7631,float,,Chemical Dice embedding dimension 7631 of 8192 predicted from the SMILES by the distilled Mamba model
feat_7632,float,,Chemical Dice embedding dimension 7632 of 8192 predicted from the SMILES by the distilled Mamba model
feat_7633,float,,Chemical Dice embedding dimension 7633 of 8192 predicted from the SMILES by the distilled Mamba model
feat_7634,float,,Chemical Dice embedding dimension 7634 of 8192 predicted from the SMILES by the distilled Mamba model
feat_7635,float,,Chemical Dice embedding dimension 7635 of 8192 predicted from the SMILES by the distilled Mamba model
feat_7636,float,,Chemical Dice embedding dimension 7636 of 8192 predicted from the SMILES by the distilled Mamba model
feat_7637,float,,Chemical Dice embedding dimension 7637 of 8192 predicted from the SMILES by the distilled Mamba model
feat_7638,float,,Chemical Dice embedding dimension 7638 of 8192 predicted from the SMILES by the distilled Mamba model
feat_7639,float,,Chemical Dice embedding dimension 7639 of 8192 predicted from the SMILES by the distilled Mamba model
feat_7640,float,,Chemical Dice embedding dimension 7640 of 8192 predicted from the SMILES by the distilled Mamba model
feat_7641,float,,Chemical Dice embedding dimension 7641 of 8192 predicted from the SMILES by the distilled Mamba model
feat_7642,float,,Chemical Dice embedding dimension 7642 of 8192 predicted from the SMILES by the distilled Mamba model
feat_7643,float,,Chemical Dice embedding dimension 7643 of 8192 predicted from the SMILES by the distilled Mamba model
feat_7644,float,,Chemical Dice embedding dimension 7644 of 8192 predicted from the SMILES by the distilled Mamba model
feat_7645,float,,Chemical Dice embedding dimension 7645 of 8192 predicted from the SMILES by the distilled Mamba model
feat_7646,float,,Chemical Dice embedding dimension 7646 of 8192 predicted from the SMILES by the distilled Mamba model
feat_7647,float,,Chemical Dice embedding dimension 7647 of 8192 predicted from the SMILES by the distilled Mamba model
feat_7648,float,,Chemical Dice embedding dimension 7648 of 8192 predicted from the SMILES by the distilled Mamba model
feat_7649,float,,Chemical Dice embedding dimension 7649 of 8192 predicted from the SMILES by the distilled Mamba model
feat_7650,float,,Chemical Dice embedding dimension 7650 of 8192 predicted from the SMILES by the distilled Mamba model
feat_7651,float,,Chemical Dice embedding dimension 7651 of 8192 predicted from the SMILES by the distilled Mamba model
feat_7652,float,,Chemical Dice embedding dimension 7652 of 8192 predicted from the SMILES by the distilled Mamba model
feat_7653,float,,Chemical Dice embedding dimension 7653 of 8192 predicted from the SMILES by the distilled Mamba model
feat_7654,float,,Chemical Dice embedding dimension 7654 of 8192 predicted from the SMILES by the distilled Mamba model
feat_7655,float,,Chemical Dice embedding dimension 7655 of 8192 predicted from the SMILES by the distilled Mamba model
feat_7656,float,,Chemical Dice embedding dimension 7656 of 8192 predicted from the SMILES by the distilled Mamba model
feat_7657,float,,Chemical Dice embedding dimension 7657 of 8192 predicted from the SMILES by the distilled Mamba model
feat_7658,float,,Chemical Dice embedding dimension 7658 of 8192 predicted from the SMILES by the distilled Mamba model
feat_7659,float,,Chemical Dice embedding dimension 7659 of 8192 predicted from the SMILES by the distilled Mamba model
feat_7660,float,,Chemical Dice embedding dimension 7660 of 8192 predicted from the SMILES by the distilled Mamba model
feat_7661,float,,Chemical Dice embedding dimension 7661 of 8192 predicted from the SMILES by the distilled Mamba model
feat_7662,float,,Chemical Dice embedding dimension 7662 of 8192 predicted from the SMILES by the distilled Mamba model
feat_7663,float,,Chemical Dice embedding dimension 7663 of 8192 predicted from the SMILES by the distilled Mamba model
feat_7664,float,,Chemical Dice embedding dimension 7664 of 8192 predicted from the SMILES by the distilled Mamba model
feat_7665,float,,Chemical Dice embedding dimension 7665 of 8192 predicted from the SMILES by the distilled Mamba model
feat_7666,float,,Chemical Dice embedding dimension 7666 of 8192 predicted from the SMILES by the distilled Mamba model
feat_7667,float,,Chemical Dice embedding dimension 7667 of 8192 predicted from the SMILES by the distilled Mamba model
feat_7668,float,,Chemical Dice embedding dimension 7668 of 8192 predicted from the SMILES by the distilled Mamba model
feat_7669,float,,Chemical Dice embedding dimension 7669 of 8192 predicted from the SMILES by the distilled Mamba model
feat_7670,float,,Chemical Dice embedding dimension 7670 of 8192 predicted from the SMILES by the distilled Mamba model
feat_7671,float,,Chemical Dice embedding dimension 7671 of 8192 predicted from the SMILES by the distilled Mamba model
feat_7672,float,,Chemical Dice embedding dimension 7672 of 8192 predicted from the SMILES by the distilled Mamba model
feat_7673,float,,Chemical Dice embedding dimension 7673 of 8192 predicted from the SMILES by the distilled Mamba model
feat_7674,float,,Chemical Dice embedding dimension 7674 of 8192 predicted from the SMILES by the distilled Mamba model
feat_7675,float,,Chemical Dice embedding dimension 7675 of 8192 predicted from the SMILES by the distilled Mamba model
feat_7676,float,,Chemical Dice embedding dimension 7676 of 8192 predicted from the SMILES by the distilled Mamba model
feat_7677,float,,Chemical Dice embedding dimension 7677 of 8192 predicted from the SMILES by the distilled Mamba model
feat_7678,float,,Chemical Dice embedding dimension 7678 of 8192 predicted from the SMILES by the distilled Mamba model
feat_7679,float,,Chemical Dice embedding dimension 7679 of 8192 predicted from the SMILES by the distilled Mamba model
feat_7680,float,,Chemical Dice embedding dimension 7680 of 8192 predicted from the SMILES by the distilled Mamba model
feat_7681,float,,Chemical Dice embedding dimension 7681 of 8192 predicted from the SMILES by the distilled Mamba model
feat_7682,float,,Chemical Dice embedding dimension 7682 of 8192 predicted from the SMILES by the distilled Mamba model
feat_7683,float,,Chemical Dice embedding dimension 7683 of 8192 predicted from the SMILES by the distilled Mamba model
feat_7684,float,,Chemical Dice embedding dimension 7684 of 8192 predicted from the SMILES by the distilled Mamba model
feat_7685,float,,Chemical Dice embedding dimension 7685 of 8192 predicted from the SMILES by the distilled Mamba model
feat_7686,float,,Chemical Dice embedding dimension 7686 of 8192 predicted from the SMILES by the distilled Mamba model
feat_7687,float,,Chemical Dice embedding dimension 7687 of 8192 predicted from the SMILES by the distilled Mamba model
feat_7688,float,,Chemical Dice embedding dimension 7688 of 8192 predicted from the SMILES by the distilled Mamba model
feat_7689,float,,Chemical Dice embedding dimension 7689 of 8192 predicted from the SMILES by the distilled Mamba model
feat_7690,float,,Chemical Dice embedding dimension 7690 of 8192 predicted from the SMILES by the distilled Mamba model
feat_7691,float,,Chemical Dice embedding dimension 7691 of 8192 predicted from the SMILES by the distilled Mamba model
feat_7692,float,,Chemical Dice embedding dimension 7692 of 8192 predicted from the SMILES by the distilled Mamba model
feat_7693,float,,Chemical Dice embedding dimension 7693 of 8192 predicted from the SMILES by the distilled Mamba model
feat_7694,float,,Chemical Dice embedding dimension 7694 of 8192 predicted from the SMILES by the distilled Mamba model
feat_7695,float,,Chemical Dice embedding dimension 7695 of 8192 predicted from the SMILES by the distilled Mamba model
feat_7696,float,,Chemical Dice embedding dimension 7696 of 8192 predicted from the SMILES by the distilled Mamba model
feat_7697,float,,Chemical Dice embedding dimension 7697 of 8192 predicted from the SMILES by the distilled Mamba model
feat_7698,float,,Chemical Dice embedding dimension 7698 of 8192 predicted from the SMILES by the distilled Mamba model
feat_7699,float,,Chemical Dice embedding dimension 7699 of 8192 predicted from the SMILES by the distilled Mamba model
feat_7700,float,,Chemical Dice embedding dimension 7700 of 8192 predicted from the SMILES by the distilled Mamba model
feat_7701,float,,Chemical Dice embedding dimension 7701 of 8192 predicted from the SMILES by the distilled Mamba model
feat_7702,float,,Chemical Dice embedding dimension 7702 of 8192 predicted from the SMILES by the distilled Mamba model
feat_7703,float,,Chemical Dice embedding dimension 7703 of 8192 predicted from the SMILES by the distilled Mamba model
feat_7704,float,,Chemical Dice embedding dimension 7704 of 8192 predicted from the SMILES by the distilled Mamba model
feat_7705,float,,Chemical Dice embedding dimension 7705 of 8192 predicted from the SMILES by the distilled Mamba model
feat_7706,float,,Chemical Dice embedding dimension 7706 of 8192 predicted from the SMILES by the distilled Mamba model
feat_7707,float,,Chemical Dice embedding dimension 7707 of 8192 predicted from the SMILES by the distilled Mamba model
feat_7708,float,,Chemical Dice embedding dimension 7708 of 8192 predicted from the SMILES by the distilled Mamba model
feat_7709,float,,Chemical Dice embedding dimension 7709 of 8192 predicted from the SMILES by the distilled Mamba model
feat_7710,float,,Chemical Dice embedding dimension 7710 of 8192 predicted from the SMILES by the distilled Mamba model
feat_7711,float,,Chemical Dice embedding dimension 7711 of 8192 predicted from the SMILES by the distilled Mamba model
feat_7712,float,,Chemical Dice embedding dimension 7712 of 8192 predicted from the SMILES by the distilled Mamba model
feat_7713,float,,Chemical Dice embedding dimension 7713 of 8192 predicted from the SMILES by the distilled Mamba model
feat_7714,float,,Chemical Dice embedding dimension 7714 of 8192 predicted from the SMILES by the distilled Mamba model
feat_7715,float,,Chemical Dice embedding dimension 7715 of 8192 predicted from the SMILES by the distilled Mamba model
feat_7716,float,,Chemical Dice embedding dimension 7716 of 8192 predicted from the SMILES by the distilled Mamba model
feat_7717,float,,Chemical Dice embedding dimension 7717 of 8192 predicted from the SMILES by the distilled Mamba model
feat_7718,float,,Chemical Dice embedding dimension 7718 of 8192 predicted from the SMILES by the distilled Mamba model
feat_7719,float,,Chemical Dice embedding dimension 7719 of 8192 predicted from the SMILES by the distilled Mamba model
feat_7720,float,,Chemical Dice embedding dimension 7720 of 8192 predicted from the SMILES by the distilled Mamba model
feat_7721,float,,Chemical Dice embedding dimension 7721 of 8192 predicted from the SMILES by the distilled Mamba model
feat_7722,float,,Chemical Dice embedding dimension 7722 of 8192 predicted from the SMILES by the distilled Mamba model
feat_7723,float,,Chemical Dice embedding dimension 7723 of 8192 predicted from the SMILES by the distilled Mamba model
feat_7724,float,,Chemical Dice embedding dimension 7724 of 8192 predicted from the SMILES by the distilled Mamba model
feat_7725,float,,Chemical Dice embedding dimension 7725 of 8192 predicted from the SMILES by the distilled Mamba model
feat_7726,float,,Chemical Dice embedding dimension 7726 of 8192 predicted from the SMILES by the distilled Mamba model
feat_7727,float,,Chemical Dice embedding dimension 7727 of 8192 predicted from the SMILES by the distilled Mamba model
feat_7728,float,,Chemical Dice embedding dimension 7728 of 8192 predicted from the SMILES by the distilled Mamba model
feat_7729,float,,Chemical Dice embedding dimension 7729 of 8192 predicted from the SMILES by the distilled Mamba model
feat_7730,float,,Chemical Dice embedding dimension 7730 of 8192 predicted from the SMILES by the distilled Mamba model
feat_7731,float,,Chemical Dice embedding dimension 7731 of 8192 predicted from the SMILES by the distilled Mamba model
feat_7732,float,,Chemical Dice embedding dimension 7732 of 8192 predicted from the SMILES by the distilled Mamba model
feat_7733,float,,Chemical Dice embedding dimension 7733 of 8192 predicted from the SMILES by the distilled Mamba model
feat_7734,float,,Chemical Dice embedding dimension 7734 of 8192 predicted from the SMILES by the distilled Mamba model
feat_7735,float,,Chemical Dice embedding dimension 7735 of 8192 predicted from the SMILES by the distilled Mamba model
feat_7736,float,,Chemical Dice embedding dimension 7736 of 8192 predicted from the SMILES by the distilled Mamba model
feat_7737,float,,Chemical Dice embedding dimension 7737 of 8192 predicted from the SMILES by the distilled Mamba model
feat_7738,float,,Chemical Dice embedding dimension 7738 of 8192 predicted from the SMILES by the distilled Mamba model
feat_7739,float,,Chemical Dice embedding dimension 7739 of 8192 predicted from the SMILES by the distilled Mamba model
feat_7740,float,,Chemical Dice embedding dimension 7740 of 8192 predicted from the SMILES by the distilled Mamba model
feat_7741,float,,Chemical Dice embedding dimension 7741 of 8192 predicted from the SMILES by the distilled Mamba model
feat_7742,float,,Chemical Dice embedding dimension 7742 of 8192 predicted from the SMILES by the distilled Mamba model
feat_7743,float,,Chemical Dice embedding dimension 7743 of 8192 predicted from the SMILES by the distilled Mamba model
feat_7744,float,,Chemical Dice embedding dimension 7744 of 8192 predicted from the SMILES by the distilled Mamba model
feat_7745,float,,Chemical Dice embedding dimension 7745 of 8192 predicted from the SMILES by the distilled Mamba model
feat_7746,float,,Chemical Dice embedding dimension 7746 of 8192 predicted from the SMILES by the distilled Mamba model
feat_7747,float,,Chemical Dice embedding dimension 7747 of 8192 predicted from the SMILES by the distilled Mamba model
feat_7748,float,,Chemical Dice embedding dimension 7748 of 8192 predicted from the SMILES by the distilled Mamba model
feat_7749,float,,Chemical Dice embedding dimension 7749 of 8192 predicted from the SMILES by the distilled Mamba model
feat_7750,float,,Chemical Dice embedding dimension 7750 of 8192 predicted from the SMILES by the distilled Mamba model
feat_7751,float,,Chemical Dice embedding dimension 7751 of 8192 predicted from the SMILES by the distilled Mamba model
feat_7752,float,,Chemical Dice embedding dimension 7752 of 8192 predicted from the SMILES by the distilled Mamba model
feat_7753,float,,Chemical Dice embedding dimension 7753 of 8192 predicted from the SMILES by the distilled Mamba model
feat_7754,float,,Chemical Dice embedding dimension 7754 of 8192 predicted from the SMILES by the distilled Mamba model
feat_7755,float,,Chemical Dice embedding dimension 7755 of 8192 predicted from the SMILES by the distilled Mamba model
feat_7756,float,,Chemical Dice embedding dimension 7756 of 8192 predicted from the SMILES by the distilled Mamba model
feat_7757,float,,Chemical Dice embedding dimension 7757 of 8192 predicted from the SMILES by the distilled Mamba model
feat_7758,float,,Chemical Dice embedding dimension 7758 of 8192 predicted from the SMILES by the distilled Mamba model
feat_7759,float,,Chemical Dice embedding dimension 7759 of 8192 predicted from the SMILES by the distilled Mamba model
feat_7760,float,,Chemical Dice embedding dimension 7760 of 8192 predicted from the SMILES by the distilled Mamba model
feat_7761,float,,Chemical Dice embedding dimension 7761 of 8192 predicted from the SMILES by the distilled Mamba model
feat_7762,float,,Chemical Dice embedding dimension 7762 of 8192 predicted from the SMILES by the distilled Mamba model
feat_7763,float,,Chemical Dice embedding dimension 7763 of 8192 predicted from the SMILES by the distilled Mamba model
feat_7764,float,,Chemical Dice embedding dimension 7764 of 8192 predicted from the SMILES by the distilled Mamba model
feat_7765,float,,Chemical Dice embedding dimension 7765 of 8192 predicted from the SMILES by the distilled Mamba model
feat_7766,float,,Chemical Dice embedding dimension 7766 of 8192 predicted from the SMILES by the distilled Mamba model
feat_7767,float,,Chemical Dice embedding dimension 7767 of 8192 predicted from the SMILES by the distilled Mamba model
feat_7768,float,,Chemical Dice embedding dimension 7768 of 8192 predicted from the SMILES by the distilled Mamba model
feat_7769,float,,Chemical Dice embedding dimension 7769 of 8192 predicted from the SMILES by the distilled Mamba model
feat_7770,float,,Chemical Dice embedding dimension 7770 of 8192 predicted from the SMILES by the distilled Mamba model
feat_7771,float,,Chemical Dice embedding dimension 7771 of 8192 predicted from the SMILES by the distilled Mamba model
feat_7772,float,,Chemical Dice embedding dimension 7772 of 8192 predicted from the SMILES by the distilled Mamba model
feat_7773,float,,Chemical Dice embedding dimension 7773 of 8192 predicted from the SMILES by the distilled Mamba model
feat_7774,float,,Chemical Dice embedding dimension 7774 of 8192 predicted from the SMILES by the distilled Mamba model
feat_7775,float,,Chemical Dice embedding dimension 7775 of 8192 predicted from the SMILES by the distilled Mamba model
feat_7776,float,,Chemical Dice embedding dimension 7776 of 8192 predicted from the SMILES by the distilled Mamba model
feat_7777,float,,Chemical Dice embedding dimension 7777 of 8192 predicted from the SMILES by the distilled Mamba model
feat_7778,float,,Chemical Dice embedding dimension 7778 of 8192 predicted from the SMILES by the distilled Mamba model
feat_7779,float,,Chemical Dice embedding dimension 7779 of 8192 predicted from the SMILES by the distilled Mamba model
feat_7780,float,,Chemical Dice embedding dimension 7780 of 8192 predicted from the SMILES by the distilled Mamba model
feat_7781,float,,Chemical Dice embedding dimension 7781 of 8192 predicted from the SMILES by the distilled Mamba model
feat_7782,float,,Chemical Dice embedding dimension 7782 of 8192 predicted from the SMILES by the distilled Mamba model
feat_7783,float,,Chemical Dice embedding dimension 7783 of 8192 predicted from the SMILES by the distilled Mamba model
feat_7784,float,,Chemical Dice embedding dimension 7784 of 8192 predicted from the SMILES by the distilled Mamba model
feat_7785,float,,Chemical Dice embedding dimension 7785 of 8192 predicted from the SMILES by the distilled Mamba model
feat_7786,float,,Chemical Dice embedding dimension 7786 of 8192 predicted from the SMILES by the distilled Mamba model
feat_7787,float,,Chemical Dice embedding dimension 7787 of 8192 predicted from the SMILES by the distilled Mamba model
feat_7788,float,,Chemical Dice embedding dimension 7788 of 8192 predicted from the SMILES by the distilled Mamba model
feat_7789,float,,Chemical Dice embedding dimension 7789 of 8192 predicted from the SMILES by the distilled Mamba model
feat_7790,float,,Chemical Dice embedding dimension 7790 of 8192 predicted from the SMILES by the distilled Mamba model
feat_7791,float,,Chemical Dice embedding dimension 7791 of 8192 predicted from the SMILES by the distilled Mamba model
feat_7792,float,,Chemical Dice embedding dimension 7792 of 8192 predicted from the SMILES by the distilled Mamba model
feat_7793,float,,Chemical Dice embedding dimension 7793 of 8192 predicted from the SMILES by the distilled Mamba model
feat_7794,float,,Chemical Dice embedding dimension 7794 of 8192 predicted from the SMILES by the distilled Mamba model
feat_7795,float,,Chemical Dice embedding dimension 7795 of 8192 predicted from the SMILES by the distilled Mamba model
feat_7796,float,,Chemical Dice embedding dimension 7796 of 8192 predicted from the SMILES by the distilled Mamba model
feat_7797,float,,Chemical Dice embedding dimension 7797 of 8192 predicted from the SMILES by the distilled Mamba model
feat_7798,float,,Chemical Dice embedding dimension 7798 of 8192 predicted from the SMILES by the distilled Mamba model
feat_7799,float,,Chemical Dice embedding dimension 7799 of 8192 predicted from the SMILES by the distilled Mamba model
feat_7800,float,,Chemical Dice embedding dimension 7800 of 8192 predicted from the SMILES by the distilled Mamba model
feat_7801,float,,Chemical Dice embedding dimension 7801 of 8192 predicted from the SMILES by the distilled Mamba model
feat_7802,float,,Chemical Dice embedding dimension 7802 of 8192 predicted from the SMILES by the distilled Mamba model
feat_7803,float,,Chemical Dice embedding dimension 7803 of 8192 predicted from the SMILES by the distilled Mamba model
feat_7804,float,,Chemical Dice embedding dimension 7804 of 8192 predicted from the SMILES by the distilled Mamba model
feat_7805,float,,Chemical Dice embedding dimension 7805 of 8192 predicted from the SMILES by the distilled Mamba model
feat_7806,float,,Chemical Dice embedding dimension 7806 of 8192 predicted from the SMILES by the distilled Mamba model
feat_7807,float,,Chemical Dice embedding dimension 7807 of 8192 predicted from the SMILES by the distilled Mamba model
feat_7808,float,,Chemical Dice embedding dimension 7808 of 8192 predicted from the SMILES by the distilled Mamba model
feat_7809,float,,Chemical Dice embedding dimension 7809 of 8192 predicted from the SMILES by the distilled Mamba model
feat_7810,float,,Chemical Dice embedding dimension 7810 of 8192 predicted from the SMILES by the distilled Mamba model
feat_7811,float,,Chemical Dice embedding dimension 7811 of 8192 predicted from the SMILES by the distilled Mamba model
feat_7812,float,,Chemical Dice embedding dimension 7812 of 8192 predicted from the SMILES by the distilled Mamba model
feat_7813,float,,Chemical Dice embedding dimension 7813 of 8192 predicted from the SMILES by the distilled Mamba model
feat_7814,float,,Chemical Dice embedding dimension 7814 of 8192 predicted from the SMILES by the distilled Mamba model
feat_7815,float,,Chemical Dice embedding dimension 7815 of 8192 predicted from the SMILES by the distilled Mamba model
feat_7816,float,,Chemical Dice embedding dimension 7816 of 8192 predicted from the SMILES by the distilled Mamba model
feat_7817,float,,Chemical Dice embedding dimension 7817 of 8192 predicted from the SMILES by the distilled Mamba model
feat_7818,float,,Chemical Dice embedding dimension 7818 of 8192 predicted from the SMILES by the distilled Mamba model
feat_7819,float,,Chemical Dice embedding dimension 7819 of 8192 predicted from the SMILES by the distilled Mamba model
feat_7820,float,,Chemical Dice embedding dimension 7820 of 8192 predicted from the SMILES by the distilled Mamba model
feat_7821,float,,Chemical Dice embedding dimension 7821 of 8192 predicted from the SMILES by the distilled Mamba model
feat_7822,float,,Chemical Dice embedding dimension 7822 of 8192 predicted from the SMILES by the distilled Mamba model
feat_7823,float,,Chemical Dice embedding dimension 7823 of 8192 predicted from the SMILES by the distilled Mamba model
feat_7824,float,,Chemical Dice embedding dimension 7824 of 8192 predicted from the SMILES by the distilled Mamba model
feat_7825,float,,Chemical Dice embedding dimension 7825 of 8192 predicted from the SMILES by the distilled Mamba model
feat_7826,float,,Chemical Dice embedding dimension 7826 of 8192 predicted from the SMILES by the distilled Mamba model
feat_7827,float,,Chemical Dice embedding dimension 7827 of 8192 predicted from the SMILES by the distilled Mamba model
feat_7828,float,,Chemical Dice embedding dimension 7828 of 8192 predicted from the SMILES by the distilled Mamba model
feat_7829,float,,Chemical Dice embedding dimension 7829 of 8192 predicted from the SMILES by the distilled Mamba model
feat_7830,float,,Chemical Dice embedding dimension 7830 of 8192 predicted from the SMILES by the distilled Mamba model
feat_7831,float,,Chemical Dice embedding dimension 7831 of 8192 predicted from the SMILES by the distilled Mamba model
feat_7832,float,,Chemical Dice embedding dimension 7832 of 8192 predicted from the SMILES by the distilled Mamba model
feat_7833,float,,Chemical Dice embedding dimension 7833 of 8192 predicted from the SMILES by the distilled Mamba model
feat_7834,float,,Chemical Dice embedding dimension 7834 of 8192 predicted from the SMILES by the distilled Mamba model
feat_7835,float,,Chemical Dice embedding dimension 7835 of 8192 predicted from the SMILES by the distilled Mamba model
feat_7836,float,,Chemical Dice embedding dimension 7836 of 8192 predicted from the SMILES by the distilled Mamba model
feat_7837,float,,Chemical Dice embedding dimension 7837 of 8192 predicted from the SMILES by the distilled Mamba model
feat_7838,float,,Chemical Dice embedding dimension 7838 of 8192 predicted from the SMILES by the distilled Mamba model
feat_7839,float,,Chemical Dice embedding dimension 7839 of 8192 predicted from the SMILES by the distilled Mamba model
feat_7840,float,,Chemical Dice embedding dimension 7840 of 8192 predicted from the SMILES by the distilled Mamba model
feat_7841,float,,Chemical Dice embedding dimension 7841 of 8192 predicted from the SMILES by the distilled Mamba model
feat_7842,float,,Chemical Dice embedding dimension 7842 of 8192 predicted from the SMILES by the distilled Mamba model
feat_7843,float,,Chemical Dice embedding dimension 7843 of 8192 predicted from the SMILES by the distilled Mamba model
feat_7844,float,,Chemical Dice embedding dimension 7844 of 8192 predicted from the SMILES by the distilled Mamba model
feat_7845,float,,Chemical Dice embedding dimension 7845 of 8192 predicted from the SMILES by the distilled Mamba model
feat_7846,float,,Chemical Dice embedding dimension 7846 of 8192 predicted from the SMILES by the distilled Mamba model
feat_7847,float,,Chemical Dice embedding dimension 7847 of 8192 predicted from the SMILES by the distilled Mamba model
feat_7848,float,,Chemical Dice embedding dimension 7848 of 8192 predicted from the SMILES by the distilled Mamba model
feat_7849,float,,Chemical Dice embedding dimension 7849 of 8192 predicted from the SMILES by the distilled Mamba model
feat_7850,float,,Chemical Dice embedding dimension 7850 of 8192 predicted from the SMILES by the distilled Mamba model
feat_7851,float,,Chemical Dice embedding dimension 7851 of 8192 predicted from the SMILES by the distilled Mamba model
feat_7852,float,,Chemical Dice embedding dimension 7852 of 8192 predicted from the SMILES by the distilled Mamba model
feat_7853,float,,Chemical Dice embedding dimension 7853 of 8192 predicted from the SMILES by the distilled Mamba model
feat_7854,float,,Chemical Dice embedding dimension 7854 of 8192 predicted from the SMILES by the distilled Mamba model
feat_7855,float,,Chemical Dice embedding dimension 7855 of 8192 predicted from the SMILES by the distilled Mamba model
feat_7856,float,,Chemical Dice embedding dimension 7856 of 8192 predicted from the SMILES by the distilled Mamba model
feat_7857,float,,Chemical Dice embedding dimension 7857 of 8192 predicted from the SMILES by the distilled Mamba model
feat_7858,float,,Chemical Dice embedding dimension 7858 of 8192 predicted from the SMILES by the distilled Mamba model
feat_7859,float,,Chemical Dice embedding dimension 7859 of 8192 predicted from the SMILES by the distilled Mamba model
feat_7860,float,,Chemical Dice embedding dimension 7860 of 8192 predicted from the SMILES by the distilled Mamba model
feat_7861,float,,Chemical Dice embedding dimension 7861 of 8192 predicted from the SMILES by the distilled Mamba model
feat_7862,float,,Chemical Dice embedding dimension 7862 of 8192 predicted from the SMILES by the distilled Mamba model
feat_7863,float,,Chemical Dice embedding dimension 7863 of 8192 predicted from the SMILES by the distilled Mamba model
feat_7864,float,,Chemical Dice embedding dimension 7864 of 8192 predicted from the SMILES by the distilled Mamba model
feat_7865,float,,Chemical Dice embedding dimension 7865 of 8192 predicted from the SMILES by the distilled Mamba model
feat_7866,float,,Chemical Dice embedding dimension 7866 of 8192 predicted from the SMILES by the distilled Mamba model
feat_7867,float,,Chemical Dice embedding dimension 7867 of 8192 predicted from the SMILES by the distilled Mamba model
feat_7868,float,,Chemical Dice embedding dimension 7868 of 8192 predicted from the SMILES by the distilled Mamba model
feat_7869,float,,Chemical Dice embedding dimension 7869 of 8192 predicted from the SMILES by the distilled Mamba model
feat_7870,float,,Chemical Dice embedding dimension 7870 of 8192 predicted from the SMILES by the distilled Mamba model
feat_7871,float,,Chemical Dice embedding dimension 7871 of 8192 predicted from the SMILES by the distilled Mamba model
feat_7872,float,,Chemical Dice embedding dimension 7872 of 8192 predicted from the SMILES by the distilled Mamba model
feat_7873,float,,Chemical Dice embedding dimension 7873 of 8192 predicted from the SMILES by the distilled Mamba model
feat_7874,float,,Chemical Dice embedding dimension 7874 of 8192 predicted from the SMILES by the distilled Mamba model
feat_7875,float,,Chemical Dice embedding dimension 7875 of 8192 predicted from the SMILES by the distilled Mamba model
feat_7876,float,,Chemical Dice embedding dimension 7876 of 8192 predicted from the SMILES by the distilled Mamba model
feat_7877,float,,Chemical Dice embedding dimension 7877 of 8192 predicted from the SMILES by the distilled Mamba model
feat_7878,float,,Chemical Dice embedding dimension 7878 of 8192 predicted from the SMILES by the distilled Mamba model
feat_7879,float,,Chemical Dice embedding dimension 7879 of 8192 predicted from the SMILES by the distilled Mamba model
feat_7880,float,,Chemical Dice embedding dimension 7880 of 8192 predicted from the SMILES by the distilled Mamba model
feat_7881,float,,Chemical Dice embedding dimension 7881 of 8192 predicted from the SMILES by the distilled Mamba model
feat_7882,float,,Chemical Dice embedding dimension 7882 of 8192 predicted from the SMILES by the distilled Mamba model
feat_7883,float,,Chemical Dice embedding dimension 7883 of 8192 predicted from the SMILES by the distilled Mamba model
feat_7884,float,,Chemical Dice embedding dimension 7884 of 8192 predicted from the SMILES by the distilled Mamba model
feat_7885,float,,Chemical Dice embedding dimension 7885 of 8192 predicted from the SMILES by the distilled Mamba model
feat_7886,float,,Chemical Dice embedding dimension 7886 of 8192 predicted from the SMILES by the distilled Mamba model
feat_7887,float,,Chemical Dice embedding dimension 7887 of 8192 predicted from the SMILES by the distilled Mamba model
feat_7888,float,,Chemical Dice embedding dimension 7888 of 8192 predicted from the SMILES by the distilled Mamba model
feat_7889,float,,Chemical Dice embedding dimension 7889 of 8192 predicted from the SMILES by the distilled Mamba model
feat_7890,float,,Chemical Dice embedding dimension 7890 of 8192 predicted from the SMILES by the distilled Mamba model
feat_7891,float,,Chemical Dice embedding dimension 7891 of 8192 predicted from the SMILES by the distilled Mamba model
feat_7892,float,,Chemical Dice embedding dimension 7892 of 8192 predicted from the SMILES by the distilled Mamba model
feat_7893,float,,Chemical Dice embedding dimension 7893 of 8192 predicted from the SMILES by the distilled Mamba model
feat_7894,float,,Chemical Dice embedding dimension 7894 of 8192 predicted from the SMILES by the distilled Mamba model
feat_7895,float,,Chemical Dice embedding dimension 7895 of 8192 predicted from the SMILES by the distilled Mamba model
feat_7896,float,,Chemical Dice embedding dimension 7896 of 8192 predicted from the SMILES by the distilled Mamba model
feat_7897,float,,Chemical Dice embedding dimension 7897 of 8192 predicted from the SMILES by the distilled Mamba model
feat_7898,float,,Chemical Dice embedding dimension 7898 of 8192 predicted from the SMILES by the distilled Mamba model
feat_7899,float,,Chemical Dice embedding dimension 7899 of 8192 predicted from the SMILES by the distilled Mamba model
feat_7900,float,,Chemical Dice embedding dimension 7900 of 8192 predicted from the SMILES by the distilled Mamba model
feat_7901,float,,Chemical Dice embedding dimension 7901 of 8192 predicted from the SMILES by the distilled Mamba model
feat_7902,float,,Chemical Dice embedding dimension 7902 of 8192 predicted from the SMILES by the distilled Mamba model
feat_7903,float,,Chemical Dice embedding dimension 7903 of 8192 predicted from the SMILES by the distilled Mamba model
feat_7904,float,,Chemical Dice embedding dimension 7904 of 8192 predicted from the SMILES by the distilled Mamba model
feat_7905,float,,Chemical Dice embedding dimension 7905 of 8192 predicted from the SMILES by the distilled Mamba model
feat_7906,float,,Chemical Dice embedding dimension 7906 of 8192 predicted from the SMILES by the distilled Mamba model
feat_7907,float,,Chemical Dice embedding dimension 7907 of 8192 predicted from the SMILES by the distilled Mamba model
feat_7908,float,,Chemical Dice embedding dimension 7908 of 8192 predicted from the SMILES by the distilled Mamba model
feat_7909,float,,Chemical Dice embedding dimension 7909 of 8192 predicted from the SMILES by the distilled Mamba model
feat_7910,float,,Chemical Dice embedding dimension 7910 of 8192 predicted from the SMILES by the distilled Mamba model
feat_7911,float,,Chemical Dice embedding dimension 7911 of 8192 predicted from the SMILES by the distilled Mamba model
feat_7912,float,,Chemical Dice embedding dimension 7912 of 8192 predicted from the SMILES by the distilled Mamba model
feat_7913,float,,Chemical Dice embedding dimension 7913 of 8192 predicted from the SMILES by the distilled Mamba model
feat_7914,float,,Chemical Dice embedding dimension 7914 of 8192 predicted from the SMILES by the distilled Mamba model
feat_7915,float,,Chemical Dice embedding dimension 7915 of 8192 predicted from the SMILES by the distilled Mamba model
feat_7916,float,,Chemical Dice embedding dimension 7916 of 8192 predicted from the SMILES by the distilled Mamba model
feat_7917,float,,Chemical Dice embedding dimension 7917 of 8192 predicted from the SMILES by the distilled Mamba model
feat_7918,float,,Chemical Dice embedding dimension 7918 of 8192 predicted from the SMILES by the distilled Mamba model
feat_7919,float,,Chemical Dice embedding dimension 7919 of 8192 predicted from the SMILES by the distilled Mamba model
feat_7920,float,,Chemical Dice embedding dimension 7920 of 8192 predicted from the SMILES by the distilled Mamba model
feat_7921,float,,Chemical Dice embedding dimension 7921 of 8192 predicted from the SMILES by the distilled Mamba model
feat_7922,float,,Chemical Dice embedding dimension 7922 of 8192 predicted from the SMILES by the distilled Mamba model
feat_7923,float,,Chemical Dice embedding dimension 7923 of 8192 predicted from the SMILES by the distilled Mamba model
feat_7924,float,,Chemical Dice embedding dimension 7924 of 8192 predicted from the SMILES by the distilled Mamba model
feat_7925,float,,Chemical Dice embedding dimension 7925 of 8192 predicted from the SMILES by the distilled Mamba model
feat_7926,float,,Chemical Dice embedding dimension 7926 of 8192 predicted from the SMILES by the distilled Mamba model
feat_7927,float,,Chemical Dice embedding dimension 7927 of 8192 predicted from the SMILES by the distilled Mamba model
feat_7928,float,,Chemical Dice embedding dimension 7928 of 8192 predicted from the SMILES by the distilled Mamba model
feat_7929,float,,Chemical Dice embedding dimension 7929 of 8192 predicted from the SMILES by the distilled Mamba model
feat_7930,float,,Chemical Dice embedding dimension 7930 of 8192 predicted from the SMILES by the distilled Mamba model
feat_7931,float,,Chemical Dice embedding dimension 7931 of 8192 predicted from the SMILES by the distilled Mamba model
feat_7932,float,,Chemical Dice embedding dimension 7932 of 8192 predicted from the SMILES by the distilled Mamba model
feat_7933,float,,Chemical Dice embedding dimension 7933 of 8192 predicted from the SMILES by the distilled Mamba model
feat_7934,float,,Chemical Dice embedding dimension 7934 of 8192 predicted from the SMILES by the distilled Mamba model
feat_7935,float,,Chemical Dice embedding dimension 7935 of 8192 predicted from the SMILES by the distilled Mamba model
feat_7936,float,,Chemical Dice embedding dimension 7936 of 8192 predicted from the SMILES by the distilled Mamba model
feat_7937,float,,Chemical Dice embedding dimension 7937 of 8192 predicted from the SMILES by the distilled Mamba model
feat_7938,float,,Chemical Dice embedding dimension 7938 of 8192 predicted from the SMILES by the distilled Mamba model
feat_7939,float,,Chemical Dice embedding dimension 7939 of 8192 predicted from the SMILES by the distilled Mamba model
feat_7940,float,,Chemical Dice embedding dimension 7940 of 8192 predicted from the SMILES by the distilled Mamba model
feat_7941,float,,Chemical Dice embedding dimension 7941 of 8192 predicted from the SMILES by the distilled Mamba model
feat_7942,float,,Chemical Dice embedding dimension 7942 of 8192 predicted from the SMILES by the distilled Mamba model
feat_7943,float,,Chemical Dice embedding dimension 7943 of 8192 predicted from the SMILES by the distilled Mamba model
feat_7944,float,,Chemical Dice embedding dimension 7944 of 8192 predicted from the SMILES by the distilled Mamba model
feat_7945,float,,Chemical Dice embedding dimension 7945 of 8192 predicted from the SMILES by the distilled Mamba model
feat_7946,float,,Chemical Dice embedding dimension 7946 of 8192 predicted from the SMILES by the distilled Mamba model
feat_7947,float,,Chemical Dice embedding dimension 7947 of 8192 predicted from the SMILES by the distilled Mamba model
feat_7948,float,,Chemical Dice embedding dimension 7948 of 8192 predicted from the SMILES by the distilled Mamba model
feat_7949,float,,Chemical Dice embedding dimension 7949 of 8192 predicted from the SMILES by the distilled Mamba model
feat_7950,float,,Chemical Dice embedding dimension 7950 of 8192 predicted from the SMILES by the distilled Mamba model
feat_7951,float,,Chemical Dice embedding dimension 7951 of 8192 predicted from the SMILES by the distilled Mamba model
feat_7952,float,,Chemical Dice embedding dimension 7952 of 8192 predicted from the SMILES by the distilled Mamba model
feat_7953,float,,Chemical Dice embedding dimension 7953 of 8192 predicted from the SMILES by the distilled Mamba model
feat_7954,float,,Chemical Dice embedding dimension 7954 of 8192 predicted from the SMILES by the distilled Mamba model
feat_7955,float,,Chemical Dice embedding dimension 7955 of 8192 predicted from the SMILES by the distilled Mamba model
feat_7956,float,,Chemical Dice embedding dimension 7956 of 8192 predicted from the SMILES by the distilled Mamba model
feat_7957,float,,Chemical Dice embedding dimension 7957 of 8192 predicted from the SMILES by the distilled Mamba model
feat_7958,float,,Chemical Dice embedding dimension 7958 of 8192 predicted from the SMILES by the distilled Mamba model
feat_7959,float,,Chemical Dice embedding dimension 7959 of 8192 predicted from the SMILES by the distilled Mamba model
feat_7960,float,,Chemical Dice embedding dimension 7960 of 8192 predicted from the SMILES by the distilled Mamba model
feat_7961,float,,Chemical Dice embedding dimension 7961 of 8192 predicted from the SMILES by the distilled Mamba model
feat_7962,float,,Chemical Dice embedding dimension 7962 of 8192 predicted from the SMILES by the distilled Mamba model
feat_7963,float,,Chemical Dice embedding dimension 7963 of 8192 predicted from the SMILES by the distilled Mamba model
feat_7964,float,,Chemical Dice embedding dimension 7964 of 8192 predicted from the SMILES by the distilled Mamba model
feat_7965,float,,Chemical Dice embedding dimension 7965 of 8192 predicted from the SMILES by the distilled Mamba model
feat_7966,float,,Chemical Dice embedding dimension 7966 of 8192 predicted from the SMILES by the distilled Mamba model
feat_7967,float,,Chemical Dice embedding dimension 7967 of 8192 predicted from the SMILES by the distilled Mamba model
feat_7968,float,,Chemical Dice embedding dimension 7968 of 8192 predicted from the SMILES by the distilled Mamba model
feat_7969,float,,Chemical Dice embedding dimension 7969 of 8192 predicted from the SMILES by the distilled Mamba model
feat_7970,float,,Chemical Dice embedding dimension 7970 of 8192 predicted from the SMILES by the distilled Mamba model
feat_7971,float,,Chemical Dice embedding dimension 7971 of 8192 predicted from the SMILES by the distilled Mamba model
feat_7972,float,,Chemical Dice embedding dimension 7972 of 8192 predicted from the SMILES by the distilled Mamba model
feat_7973,float,,Chemical Dice embedding dimension 7973 of 8192 predicted from the SMILES by the distilled Mamba model
feat_7974,float,,Chemical Dice embedding dimension 7974 of 8192 predicted from the SMILES by the distilled Mamba model
feat_7975,float,,Chemical Dice embedding dimension 7975 of 8192 predicted from the SMILES by the distilled Mamba model
feat_7976,float,,Chemical Dice embedding dimension 7976 of 8192 predicted from the SMILES by the distilled Mamba model
feat_7977,float,,Chemical Dice embedding dimension 7977 of 8192 predicted from the SMILES by the distilled Mamba model
feat_7978,float,,Chemical Dice embedding dimension 7978 of 8192 predicted from the SMILES by the distilled Mamba model
feat_7979,float,,Chemical Dice embedding dimension 7979 of 8192 predicted from the SMILES by the distilled Mamba model
feat_7980,float,,Chemical Dice embedding dimension 7980 of 8192 predicted from the SMILES by the distilled Mamba model
feat_7981,float,,Chemical Dice embedding dimension 7981 of 8192 predicted from the SMILES by the distilled Mamba model
feat_7982,float,,Chemical Dice embedding dimension 7982 of 8192 predicted from the SMILES by the distilled Mamba model
feat_7983,float,,Chemical Dice embedding dimension 7983 of 8192 predicted from the SMILES by the distilled Mamba model
feat_7984,float,,Chemical Dice embedding dimension 7984 of 8192 predicted from the SMILES by the distilled Mamba model
feat_7985,float,,Chemical Dice embedding dimension 7985 of 8192 predicted from the SMILES by the distilled Mamba model
feat_7986,float,,Chemical Dice embedding dimension 7986 of 8192 predicted from the SMILES by the distilled Mamba model
feat_7987,float,,Chemical Dice embedding dimension 7987 of 8192 predicted from the SMILES by the distilled Mamba model
feat_7988,float,,Chemical Dice embedding dimension 7988 of 8192 predicted from the SMILES by the distilled Mamba model
feat_7989,float,,Chemical Dice embedding dimension 7989 of 8192 predicted from the SMILES by the distilled Mamba model
feat_7990,float,,Chemical Dice embedding dimension 7990 of 8192 predicted from the SMILES by the distilled Mamba model
feat_7991,float,,Chemical Dice embedding dimension 7991 of 8192 predicted from the SMILES by the distilled Mamba model
feat_7992,float,,Chemical Dice embedding dimension 7992 of 8192 predicted from the SMILES by the distilled Mamba model
feat_7993,float,,Chemical Dice embedding dimension 7993 of 8192 predicted from the SMILES by the distilled Mamba model
feat_7994,float,,Chemical Dice embedding dimension 7994 of 8192 predicted from the SMILES by the distilled Mamba model
feat_7995,float,,Chemical Dice embedding dimension 7995 of 8192 predicted from the SMILES by the distilled Mamba model
feat_7996,float,,Chemical Dice embedding dimension 7996 of 8192 predicted from the SMILES by the distilled Mamba model
feat_7997,float,,Chemical Dice embedding dimension 7997 of 8192 predicted from the SMILES by the distilled Mamba model
feat_7998,float,,Chemical Dice embedding dimension 7998 of 8192 predicted from the SMILES by the distilled Mamba model
feat_7999,float,,Chemical Dice embedding dimension 7999 of 8192 predicted from the SMILES by the distilled Mamba model
feat_8000,float,,Chemical Dice embedding dimension 8000 of 8192 predicted from the SMILES by the distilled Mamba model
feat_8001,float,,Chemical Dice embedding dimension 8001 of 8192 predicted from the SMILES by the distilled Mamba model
feat_8002,float,,Chemical Dice embedding dimension 8002 of 8192 predicted from the SMILES by the distilled Mamba model
feat_8003,float,,Chemical Dice embedding dimension 8003 of 8192 predicted from the SMILES by the distilled Mamba model
feat_8004,float,,Chemical Dice embedding dimension 8004 of 8192 predicted from the SMILES by the distilled Mamba model
feat_8005,float,,Chemical Dice embedding dimension 8005 of 8192 predicted from the SMILES by the distilled Mamba model
feat_8006,float,,Chemical Dice embedding dimension 8006 of 8192 predicted from the SMILES by the distilled Mamba model
feat_8007,float,,Chemical Dice embedding dimension 8007 of 8192 predicted from the SMILES by the distilled Mamba model
feat_8008,float,,Chemical Dice embedding dimension 8008 of 8192 predicted from the SMILES by the distilled Mamba model
feat_8009,float,,Chemical Dice embedding dimension 8009 of 8192 predicted from the SMILES by the distilled Mamba model
feat_8010,float,,Chemical Dice embedding dimension 8010 of 8192 predicted from the SMILES by the distilled Mamba model
feat_8011,float,,Chemical Dice embedding dimension 8011 of 8192 predicted from the SMILES by the distilled Mamba model
feat_8012,float,,Chemical Dice embedding dimension 8012 of 8192 predicted from the SMILES by the distilled Mamba model
feat_8013,float,,Chemical Dice embedding dimension 8013 of 8192 predicted from the SMILES by the distilled Mamba model
feat_8014,float,,Chemical Dice embedding dimension 8014 of 8192 predicted from the SMILES by the distilled Mamba model
feat_8015,float,,Chemical Dice embedding dimension 8015 of 8192 predicted from the SMILES by the distilled Mamba model
feat_8016,float,,Chemical Dice embedding dimension 8016 of 8192 predicted from the SMILES by the distilled Mamba model
feat_8017,float,,Chemical Dice embedding dimension 8017 of 8192 predicted from the SMILES by the distilled Mamba model
feat_8018,float,,Chemical Dice embedding dimension 8018 of 8192 predicted from the SMILES by the distilled Mamba model
feat_8019,float,,Chemical Dice embedding dimension 8019 of 8192 predicted from the SMILES by the distilled Mamba model
feat_8020,float,,Chemical Dice embedding dimension 8020 of 8192 predicted from the SMILES by the distilled Mamba model
feat_8021,float,,Chemical Dice embedding dimension 8021 of 8192 predicted from the SMILES by the distilled Mamba model
feat_8022,float,,Chemical Dice embedding dimension 8022 of 8192 predicted from the SMILES by the distilled Mamba model
feat_8023,float,,Chemical Dice embedding dimension 8023 of 8192 predicted from the SMILES by the distilled Mamba model
feat_8024,float,,Chemical Dice embedding dimension 8024 of 8192 predicted from the SMILES by the distilled Mamba model
feat_8025,float,,Chemical Dice embedding dimension 8025 of 8192 predicted from the SMILES by the distilled Mamba model
feat_8026,float,,Chemical Dice embedding dimension 8026 of 8192 predicted from the SMILES by the distilled Mamba model
feat_8027,float,,Chemical Dice embedding dimension 8027 of 8192 predicted from the SMILES by the distilled Mamba model
feat_8028,float,,Chemical Dice embedding dimension 8028 of 8192 predicted from the SMILES by the distilled Mamba model
feat_8029,float,,Chemical Dice embedding dimension 8029 of 8192 predicted from the SMILES by the distilled Mamba model
feat_8030,float,,Chemical Dice embedding dimension 8030 of 8192 predicted from the SMILES by the distilled Mamba model
feat_8031,float,,Chemical Dice embedding dimension 8031 of 8192 predicted from the SMILES by the distilled Mamba model
feat_8032,float,,Chemical Dice embedding dimension 8032 of 8192 predicted from the SMILES by the distilled Mamba model
feat_8033,float,,Chemical Dice embedding dimension 8033 of 8192 predicted from the SMILES by the distilled Mamba model
feat_8034,float,,Chemical Dice embedding dimension 8034 of 8192 predicted from the SMILES by the distilled Mamba model
feat_8035,float,,Chemical Dice embedding dimension 8035 of 8192 predicted from the SMILES by the distilled Mamba model
feat_8036,float,,Chemical Dice embedding dimension 8036 of 8192 predicted from the SMILES by the distilled Mamba model
feat_8037,float,,Chemical Dice embedding dimension 8037 of 8192 predicted from the SMILES by the distilled Mamba model
feat_8038,float,,Chemical Dice embedding dimension 8038 of 8192 predicted from the SMILES by the distilled Mamba model
feat_8039,float,,Chemical Dice embedding dimension 8039 of 8192 predicted from the SMILES by the distilled Mamba model
feat_8040,float,,Chemical Dice embedding dimension 8040 of 8192 predicted from the SMILES by the distilled Mamba model
feat_8041,float,,Chemical Dice embedding dimension 8041 of 8192 predicted from the SMILES by the distilled Mamba model
feat_8042,float,,Chemical Dice embedding dimension 8042 of 8192 predicted from the SMILES by the distilled Mamba model
feat_8043,float,,Chemical Dice embedding dimension 8043 of 8192 predicted from the SMILES by the distilled Mamba model
feat_8044,float,,Chemical Dice embedding dimension 8044 of 8192 predicted from the SMILES by the distilled Mamba model
feat_8045,float,,Chemical Dice embedding dimension 8045 of 8192 predicted from the SMILES by the distilled Mamba model
feat_8046,float,,Chemical Dice embedding dimension 8046 of 8192 predicted from the SMILES by the distilled Mamba model
feat_8047,float,,Chemical Dice embedding dimension 8047 of 8192 predicted from the SMILES by the distilled Mamba model
feat_8048,float,,Chemical Dice embedding dimension 8048 of 8192 predicted from the SMILES by the distilled Mamba model
feat_8049,float,,Chemical Dice embedding dimension 8049 of 8192 predicted from the SMILES by the distilled Mamba model
feat_8050,float,,Chemical Dice embedding dimension 8050 of 8192 predicted from the SMILES by the distilled Mamba model
feat_8051,float,,Chemical Dice embedding dimension 8051 of 8192 predicted from the SMILES by the distilled Mamba model
feat_8052,float,,Chemical Dice embedding dimension 8052 of 8192 predicted from the SMILES by the distilled Mamba model
feat_8053,float,,Chemical Dice embedding dimension 8053 of 8192 predicted from the SMILES by the distilled Mamba model
feat_8054,float,,Chemical Dice embedding dimension 8054 of 8192 predicted from the SMILES by the distilled Mamba model
feat_8055,float,,Chemical Dice embedding dimension 8055 of 8192 predicted from the SMILES by the distilled Mamba model
feat_8056,float,,Chemical Dice embedding dimension 8056 of 8192 predicted from the SMILES by the distilled Mamba model
feat_8057,float,,Chemical Dice embedding dimension 8057 of 8192 predicted from the SMILES by the distilled Mamba model
feat_8058,float,,Chemical Dice embedding dimension 8058 of 8192 predicted from the SMILES by the distilled Mamba model
feat_8059,float,,Chemical Dice embedding dimension 8059 of 8192 predicted from the SMILES by the distilled Mamba model
feat_8060,float,,Chemical Dice embedding dimension 8060 of 8192 predicted from the SMILES by the distilled Mamba model
feat_8061,float,,Chemical Dice embedding dimension 8061 of 8192 predicted from the SMILES by the distilled Mamba model
feat_8062,float,,Chemical Dice embedding dimension 8062 of 8192 predicted from the SMILES by the distilled Mamba model
feat_8063,float,,Chemical Dice embedding dimension 8063 of 8192 predicted from the SMILES by the distilled Mamba model
feat_8064,float,,Chemical Dice embedding dimension 8064 of 8192 predicted from the SMILES by the distilled Mamba model
feat_8065,float,,Chemical Dice embedding dimension 8065 of 8192 predicted from the SMILES by the distilled Mamba model
feat_8066,float,,Chemical Dice embedding dimension 8066 of 8192 predicted from the SMILES by the distilled Mamba model
feat_8067,float,,Chemical Dice embedding dimension 8067 of 8192 predicted from the SMILES by the distilled Mamba model
feat_8068,float,,Chemical Dice embedding dimension 8068 of 8192 predicted from the SMILES by the distilled Mamba model
feat_8069,float,,Chemical Dice embedding dimension 8069 of 8192 predicted from the SMILES by the distilled Mamba model
feat_8070,float,,Chemical Dice embedding dimension 8070 of 8192 predicted from the SMILES by the distilled Mamba model
feat_8071,float,,Chemical Dice embedding dimension 8071 of 8192 predicted from the SMILES by the distilled Mamba model
feat_8072,float,,Chemical Dice embedding dimension 8072 of 8192 predicted from the SMILES by the distilled Mamba model
feat_8073,float,,Chemical Dice embedding dimension 8073 of 8192 predicted from the SMILES by the distilled Mamba model
feat_8074,float,,Chemical Dice embedding dimension 8074 of 8192 predicted from the SMILES by the distilled Mamba model
feat_8075,float,,Chemical Dice embedding dimension 8075 of 8192 predicted from the SMILES by the distilled Mamba model
feat_8076,float,,Chemical Dice embedding dimension 8076 of 8192 predicted from the SMILES by the distilled Mamba model
feat_8077,float,,Chemical Dice embedding dimension 8077 of 8192 predicted from the SMILES by the distilled Mamba model
feat_8078,float,,Chemical Dice embedding dimension 8078 of 8192 predicted from the SMILES by the distilled Mamba model
feat_8079,float,,Chemical Dice embedding dimension 8079 of 8192 predicted from the SMILES by the distilled Mamba model
feat_8080,float,,Chemical Dice embedding dimension 8080 of 8192 predicted from the SMILES by the distilled Mamba model
feat_8081,float,,Chemical Dice embedding dimension 8081 of 8192 predicted from the SMILES by the distilled Mamba model
feat_8082,float,,Chemical Dice embedding dimension 8082 of 8192 predicted from the SMILES by the distilled Mamba model
feat_8083,float,,Chemical Dice embedding dimension 8083 of 8192 predicted from the SMILES by the distilled Mamba model
feat_8084,float,,Chemical Dice embedding dimension 8084 of 8192 predicted from the SMILES by the distilled Mamba model
feat_8085,float,,Chemical Dice embedding dimension 8085 of 8192 predicted from the SMILES by the distilled Mamba model
feat_8086,float,,Chemical Dice embedding dimension 8086 of 8192 predicted from the SMILES by the distilled Mamba model
feat_8087,float,,Chemical Dice embedding dimension 8087 of 8192 predicted from the SMILES by the distilled Mamba model
feat_8088,float,,Chemical Dice embedding dimension 8088 of 8192 predicted from the SMILES by the distilled Mamba model
feat_8089,float,,Chemical Dice embedding dimension 8089 of 8192 predicted from the SMILES by the distilled Mamba model
feat_8090,float,,Chemical Dice embedding dimension 8090 of 8192 predicted from the SMILES by the distilled Mamba model
feat_8091,float,,Chemical Dice embedding dimension 8091 of 8192 predicted from the SMILES by the distilled Mamba model
feat_8092,float,,Chemical Dice embedding dimension 8092 of 8192 predicted from the SMILES by the distilled Mamba model
feat_8093,float,,Chemical Dice embedding dimension 8093 of 8192 predicted from the SMILES by the distilled Mamba model
feat_8094,float,,Chemical Dice embedding dimension 8094 of 8192 predicted from the SMILES by the distilled Mamba model
feat_8095,float,,Chemical Dice embedding dimension 8095 of 8192 predicted from the SMILES by the distilled Mamba model
feat_8096,float,,Chemical Dice embedding dimension 8096 of 8192 predicted from the SMILES by the distilled Mamba model
feat_8097,float,,Chemical Dice embedding dimension 8097 of 8192 predicted from the SMILES by the distilled Mamba model
feat_8098,float,,Chemical Dice embedding dimension 8098 of 8192 predicted from the SMILES by the distilled Mamba model
feat_8099,float,,Chemical Dice embedding dimension 8099 of 8192 predicted from the SMILES by the distilled Mamba model
feat_8100,float,,Chemical Dice embedding dimension 8100 of 8192 predicted from the SMILES by the distilled Mamba model
feat_8101,float,,Chemical Dice embedding dimension 8101 of 8192 predicted from the SMILES by the distilled Mamba model
feat_8102,float,,Chemical Dice embedding dimension 8102 of 8192 predicted from the SMILES by the distilled Mamba model
feat_8103,float,,Chemical Dice embedding dimension 8103 of 8192 predicted from the SMILES by the distilled Mamba model
feat_8104,float,,Chemical Dice embedding dimension 8104 of 8192 predicted from the SMILES by the distilled Mamba model
feat_8105,float,,Chemical Dice embedding dimension 8105 of 8192 predicted from the SMILES by the distilled Mamba model
feat_8106,float,,Chemical Dice embedding dimension 8106 of 8192 predicted from the SMILES by the distilled Mamba model
feat_8107,float,,Chemical Dice embedding dimension 8107 of 8192 predicted from the SMILES by the distilled Mamba model
feat_8108,float,,Chemical Dice embedding dimension 8108 of 8192 predicted from the SMILES by the distilled Mamba model
feat_8109,float,,Chemical Dice embedding dimension 8109 of 8192 predicted from the SMILES by the distilled Mamba model
feat_8110,float,,Chemical Dice embedding dimension 8110 of 8192 predicted from the SMILES by the distilled Mamba model
feat_8111,float,,Chemical Dice embedding dimension 8111 of 8192 predicted from the SMILES by the distilled Mamba model
feat_8112,float,,Chemical Dice embedding dimension 8112 of 8192 predicted from the SMILES by the distilled Mamba model
feat_8113,float,,Chemical Dice embedding dimension 8113 of 8192 predicted from the SMILES by the distilled Mamba model
feat_8114,float,,Chemical Dice embedding dimension 8114 of 8192 predicted from the SMILES by the distilled Mamba model
feat_8115,float,,Chemical Dice embedding dimension 8115 of 8192 predicted from the SMILES by the distilled Mamba model
feat_8116,float,,Chemical Dice embedding dimension 8116 of 8192 predicted from the SMILES by the distilled Mamba model
feat_8117,float,,Chemical Dice embedding dimension 8117 of 8192 predicted from the SMILES by the distilled Mamba model
feat_8118,float,,Chemical Dice embedding dimension 8118 of 8192 predicted from the SMILES by the distilled Mamba model
feat_8119,float,,Chemical Dice embedding dimension 8119 of 8192 predicted from the SMILES by the distilled Mamba model
feat_8120,float,,Chemical Dice embedding dimension 8120 of 8192 predicted from the SMILES by the distilled Mamba model
feat_8121,float,,Chemical Dice embedding dimension 8121 of 8192 predicted from the SMILES by the distilled Mamba model
feat_8122,float,,Chemical Dice embedding dimension 8122 of 8192 predicted from the SMILES by the distilled Mamba model
feat_8123,float,,Chemical Dice embedding dimension 8123 of 8192 predicted from the SMILES by the distilled Mamba model
feat_8124,float,,Chemical Dice embedding dimension 8124 of 8192 predicted from the SMILES by the distilled Mamba model
feat_8125,float,,Chemical Dice embedding dimension 8125 of 8192 predicted from the SMILES by the distilled Mamba model
feat_8126,float,,Chemical Dice embedding dimension 8126 of 8192 predicted from the SMILES by the distilled Mamba model
feat_8127,float,,Chemical Dice embedding dimension 8127 of 8192 predicted from the SMILES by the distilled Mamba model
feat_8128,float,,Chemical Dice embedding dimension 8128 of 8192 predicted from the SMILES by the distilled Mamba model
feat_8129,float,,Chemical Dice embedding dimension 8129 of 8192 predicted from the SMILES by the distilled Mamba model
feat_8130,float,,Chemical Dice embedding dimension 8130 of 8192 predicted from the SMILES by the distilled Mamba model
feat_8131,float,,Chemical Dice embedding dimension 8131 of 8192 predicted from the SMILES by the distilled Mamba model
feat_8132,float,,Chemical Dice embedding dimension 8132 of 8192 predicted from the SMILES by the distilled Mamba model
feat_8133,float,,Chemical Dice embedding dimension 8133 of 8192 predicted from the SMILES by the distilled Mamba model
feat_8134,float,,Chemical Dice embedding dimension 8134 of 8192 predicted from the SMILES by the distilled Mamba model
feat_8135,float,,Chemical Dice embedding dimension 8135 of 8192 predicted from the SMILES by the distilled Mamba model
feat_8136,float,,Chemical Dice embedding dimension 8136 of 8192 predicted from the SMILES by the distilled Mamba model
feat_8137,float,,Chemical Dice embedding dimension 8137 of 8192 predicted from the SMILES by the distilled Mamba model
feat_8138,float,,Chemical Dice embedding dimension 8138 of 8192 predicted from the SMILES by the distilled Mamba model
feat_8139,float,,Chemical Dice embedding dimension 8139 of 8192 predicted from the SMILES by the distilled Mamba model
feat_8140,float,,Chemical Dice embedding dimension 8140 of 8192 predicted from the SMILES by the distilled Mamba model
feat_8141,float,,Chemical Dice embedding dimension 8141 of 8192 predicted from the SMILES by the distilled Mamba model
feat_8142,float,,Chemical Dice embedding dimension 8142 of 8192 predicted from the SMILES by the distilled Mamba model
feat_8143,float,,Chemical Dice embedding dimension 8143 of 8192 predicted from the SMILES by the distilled Mamba model
feat_8144,float,,Chemical Dice embedding dimension 8144 of 8192 predicted from the SMILES by the distilled Mamba model
feat_8145,float,,Chemical Dice embedding dimension 8145 of 8192 predicted from the SMILES by the distilled Mamba model
feat_8146,float,,Chemical Dice embedding dimension 8146 of 8192 predicted from the SMILES by the distilled Mamba model
feat_8147,float,,Chemical Dice embedding dimension 8147 of 8192 predicted from the SMILES by the distilled Mamba model
feat_8148,float,,Chemical Dice embedding dimension 8148 of 8192 predicted from the SMILES by the distilled Mamba model
feat_8149,float,,Chemical Dice embedding dimension 8149 of 8192 predicted from the SMILES by the distilled Mamba model
feat_8150,float,,Chemical Dice embedding dimension 8150 of 8192 predicted from the SMILES by the distilled Mamba model
feat_8151,float,,Chemical Dice embedding dimension 8151 of 8192 predicted from the SMILES by the distilled Mamba model
feat_8152,float,,Chemical Dice embedding dimension 8152 of 8192 predicted from the SMILES by the distilled Mamba model
feat_8153,float,,Chemical Dice embedding dimension 8153 of 8192 predicted from the SMILES by the distilled Mamba model
feat_8154,float,,Chemical Dice embedding dimension 8154 of 8192 predicted from the SMILES by the distilled Mamba model
feat_8155,float,,Chemical Dice embedding dimension 8155 of 8192 predicted from the SMILES by the distilled Mamba model
feat_8156,float,,Chemical Dice embedding dimension 8156 of 8192 predicted from the SMILES by the distilled Mamba model
feat_8157,float,,Chemical Dice embedding dimension 8157 of 8192 predicted from the SMILES by the distilled Mamba model
feat_8158,float,,Chemical Dice embedding dimension 8158 of 8192 predicted from the SMILES by the distilled Mamba model
feat_8159,float,,Chemical Dice embedding dimension 8159 of 8192 predicted from the SMILES by the distilled Mamba model
feat_8160,float,,Chemical Dice embedding dimension 8160 of 8192 predicted from the SMILES by the distilled Mamba model
feat_8161,float,,Chemical Dice embedding dimension 8161 of 8192 predicted from the SMILES by the distilled Mamba model
feat_8162,float,,Chemical Dice embedding dimension 8162 of 8192 predicted from the SMILES by the distilled Mamba model
feat_8163,float,,Chemical Dice embedding dimension 8163 of 8192 predicted from the SMILES by the distilled Mamba model
feat_8164,float,,Chemical Dice embedding dimension 8164 of 8192 predicted from the SMILES by the distilled Mamba model
feat_8165,float,,Chemical Dice embedding dimension 8165 of 8192 predicted from the SMILES by the distilled Mamba model
feat_8166,float,,Chemical Dice embedding dimension 8166 of 8192 predicted from the SMILES by the distilled Mamba model
feat_8167,float,,Chemical Dice embedding dimension 8167 of 8192 predicted from the SMILES by the distilled Mamba model
feat_8168,float,,Chemical Dice embedding dimension 8168 of 8192 predicted from the SMILES by the distilled Mamba model
feat_8169,float,,Chemical Dice embedding dimension 8169 of 8192 predicted from the SMILES by the distilled Mamba model
feat_8170,float,,Chemical Dice embedding dimension 8170 of 8192 predicted from the SMILES by the distilled Mamba model
feat_8171,float,,Chemical Dice embedding dimension 8171 of 8192 predicted from the SMILES by the distilled Mamba model
feat_8172,float,,Chemical Dice embedding dimension 8172 of 8192 predicted from the SMILES by the distilled Mamba model
feat_8173,float,,Chemical Dice embedding dimension 8173 of 8192 predicted from the SMILES by the distilled Mamba model
feat_8174,float,,Chemical Dice embedding dimension 8174 of 8192 predicted from the SMILES by the distilled Mamba model
feat_8175,float,,Chemical Dice embedding dimension 8175 of 8192 predicted from the SMILES by the distilled Mamba model
feat_8176,float,,Chemical Dice embedding dimension 8176 of 8192 predicted from the SMILES by the distilled Mamba model
feat_8177,float,,Chemical Dice embedding dimension 8177 of 8192 predicted from the SMILES by the distilled Mamba model
feat_8178,float,,Chemical Dice embedding dimension 8178 of 8192 predicted from the SMILES by the distilled Mamba model
feat_8179,float,,Chemical Dice embedding dimension 8179 of 8192 predicted from the SMILES by the distilled Mamba model
feat_8180,float,,Chemical Dice embedding dimension 8180 of 8192 predicted from the SMILES by the distilled Mamba model
feat_8181,float,,Chemical Dice embedding dimension 8181 of 8192 predicted from the SMILES by the distilled Mamba model
feat_8182,float,,Chemical Dice embedding dimension 8182 of 8192 predicted from the SMILES by the distilled Mamba model
feat_8183,float,,Chemical Dice embedding dimension 8183 of 8192 predicted from the SMILES by the distilled Mamba model
feat_8184,float,,Chemical Dice embedding dimension 8184 of 8192 predicted from the SMILES by the distilled Mamba model
feat_8185,float,,Chemical Dice embedding dimension 8185 of 8192 predicted from the SMILES by the distilled Mamba model
feat_8186,float,,Chemical Dice embedding dimension 8186 of 8192 predicted from the SMILES by the distilled Mamba model
feat_8187,float,,Chemical Dice embedding dimension 8187 of 8192 predicted from the SMILES by the distilled Mamba model
feat_8188,float,,Chemical Dice embedding dimension 8188 of 8192 predicted from the SMILES by the distilled Mamba model
feat_8189,float,,Chemical Dice embedding dimension 8189 of 8192 predicted from the SMILES by the distilled Mamba model
feat_8190,float,,Chemical Dice embedding dimension 8190 of 8192 predicted from the SMILES by the distilled Mamba model
feat_8191,float,,Chemical Dice embedding dimension 8191 of 8192 predicted from the SMILES by the distilled Mamba model
